genre,artist_name,track_name,popularity,acousticness,danceability,duration_ms,energy,instrumentalness,key,liveness,loudness,mode,speechiness,tempo,time_signature,valence,item_id
1,Ms. Lauryn Hill,Nothing Even Matters,63,0.701,0.539,350533,0.363,3.18e-06,10,0.14,-13.888,0,0.166,136,4,0.549,0
1,Jorja Smith,Where Did I Go?,67,0.365,0.714,191992,0.59,0.167,5,0.0844,-9.849,1,0.0812,97,4,0.357,1
1,Mariah Carey,My All,62,0.732,0.4,230933,0.317,5.03e-05,7,0.086,-10.249,0,0.0317,108,4,0.108,2
1,Jason Derulo,Tip Toe (feat. French Montana),76,0.0233,0.845,187521,0.709,0.0,10,0.094,-4.547,0,0.0714,98,4,0.62,3
1,August Alsina,Kissin' On My Tattoos,63,0.00648,0.577,251893,0.625,0.0,2,0.364,-8.346,0,0.0423,120,4,0.184,4
1,Golden Vessel,Shoulders,62,0.108,0.746,200387,0.571,0.00143,11,0.178,-5.276,0,0.0984,82,4,0.45,5
1,Greeicy,Más Fuerte,70,0.101,0.83,184627,0.801,9.98e-05,11,0.136,-4.413,0,0.0761,92,4,0.492,6
1,Tom Misch,Beautiful Escape,66,0.0684,0.944,276785,0.514,0.00209,5,0.103,-7.895,1,0.195,120,4,0.331,7
1,Elder Island,Bamboo,66,0.404,0.554,262651,0.573,6.11e-05,1,0.137,-8.266,0,0.0662,115,4,0.298,8
1,Charli XCX,Boys,72,0.0646,0.867,162586,0.545,0.000289,2,0.0505,-5.192,1,0.0625,140,4,0.525,9
1,Beyoncé,1+1,62,0.381,0.303,273880,0.384,5.14e-06,6,0.0661,-7.342,1,0.0339,63,5,0.261,10
1,Klyne,Your Touch,62,0.0525,0.805,208265,0.635,0.000166,1,0.0994,-5.596,1,0.0414,117,4,0.467,11
1,Rihanna,Stay - Album Version (Edited),66,0.945,0.621,240707,0.31,6.12e-05,9,0.117,-10.164,0,0.0283,112,4,0.125,12
1,John Legend,Tonight (Best You Ever Had),63,0.0496,0.693,239453,0.813,0.0,7,0.289,-4.361,0,0.066,90,4,0.515,13
1,SZA,20 Something,65,0.738,0.566,198160,0.296,0.0,11,0.054,-8.615,1,0.273,80,3,0.505,14
1,Bryson Tiller,Rambo,63,0.309,0.635,223480,0.562,2.01e-06,10,0.11,-8.92,0,0.168,181,4,0.288,15
1,Jorja Smith,The One,66,0.252,0.312,197575,0.661,0.000135,0,0.102,-8.508,0,0.092,82,4,0.443,16
1,702,Where My Girls At,65,0.0373,0.719,166693,0.736,0.0028,6,0.193,-7.517,1,0.052,92,4,0.757,17
1,MIKExANGEL,Complicated,64,0.107,0.577,192984,0.516,0.0,9,0.325,-7.616,1,0.259,118,4,0.343,18
1,Frank Ocean,Seigfried,66,0.975,0.377,334570,0.255,0.000208,4,0.102,-11.165,0,0.0387,125,5,0.37,19
1,Beyoncé,Dance for You,66,0.0322,0.616,377467,0.78,0.0,2,0.173,-6.062,1,0.0623,110,4,0.471,20
1,Tom Misch,South of the River,63,0.0957,0.845,269815,0.57,0.414,0,0.0813,-8.441,1,0.0802,113,4,0.466,21
1,Kiana Ledé,Wicked Games,62,0.447,0.789,181267,0.435,0.0,1,0.135,-7.042,0,0.0599,73,3,0.456,22
1,Loco,Say Yes,62,0.353,0.685,218897,0.777,0.0,1,0.329,-4.654,0,0.063,95,4,0.417,23
1,Doja Cat,Go To Town,64,0.0716,0.71,217813,0.71,1.07e-06,0,0.206,-2.474,1,0.0579,170,4,0.7,24
1,John Legend,All of Me (Tiësto's Birthday Treatment Remix) - Radio Edit,65,0.000151,0.606,251613,0.72,0.00165,5,0.0745,-6.253,0,0.0283,128,4,0.179,25
1,JP Saxe,The Few Things,64,0.601,0.536,244355,0.322,2.26e-05,7,0.113,-12.834,1,0.0621,136,4,0.236,26
1,The Weeknd,Prisoner,66,0.441,0.55,274960,0.404,0.00022,0,0.11,-12.755,0,0.0398,135,4,0.329,27
1,GoldLink,Got Friends,67,0.104,0.691,226963,0.75,0.0,10,0.123,-3.934,0,0.347,144,4,0.345,28
1,Sisqo,Incomplete,62,0.282,0.75,274227,0.446,0.0,1,0.119,-8.059,0,0.0759,119,4,0.291,29
1,Ella Mai,Naked - Bonus Track,73,0.782,0.356,197183,0.388,0.0,9,0.109,-8.532,1,0.0652,175,4,0.573,30
1,ROSALÍA,DI MI NOMBRE - Cap.8: Éxtasis,72,0.885,0.794,162377,0.534,5.18e-05,8,0.314,-6.47,0,0.131,92,4,0.547,31
1,Crush,Beautiful,66,0.842,0.524,227584,0.405,0.0,10,0.107,-6.145,1,0.028,110,4,0.237,32
1,Tom Misch,Disco Yes,66,0.42,0.927,280878,0.551,0.0346,9,0.298,-6.624,0,0.0921,123,4,0.665,33
1,Rels B,Reina de Pikas,65,0.378,0.891,191771,0.385,0.125,10,0.0905,-8.821,0,0.27,93,4,0.417,34
1,Roy Woods,Down Girl,64,0.308,0.797,169604,0.507,0.0,1,0.108,-9.214,1,0.0694,102,4,0.447,35
1,Jason Derulo,Ridin' Solo,63,0.128,0.442,215747,0.83,0.0,9,0.129,-4.02,1,0.146,89,4,0.578,36
1,Usher,OMG (feat. will.i.am),70,0.198,0.781,269493,0.745,1.14e-05,4,0.36,-5.81,0,0.0332,130,4,0.326,37
1,The Weeknd,As You Are,64,0.131,0.371,340493,0.329,0.00625,0,0.279,-9.667,0,0.0574,174,4,0.0539,38
1,Jorja Smith,Don't Watch Me Cry,70,0.887,0.559,190430,0.157,0.0,1,0.107,-10.132,1,0.0414,131,4,0.348,39
1,Beyoncé,Broken-Hearted Girl,63,0.503,0.336,277627,0.424,0.0,5,0.273,-7.203,1,0.0353,82,4,0.159,40
1,Jacquees,Inside feat. Trey Songz,64,0.0163,0.71,248467,0.578,0.0,11,0.246,-5.84,0,0.0604,126,4,0.512,41
1,Bruno Major,Fair-Weather Friend,64,0.56,0.68,186713,0.34,0.0021,6,0.0705,-6.985,1,0.115,131,3,0.391,42
1,Tory Lanez,I Sip,65,0.245,0.625,196436,0.548,0.0,5,0.111,-11.189,0,0.365,100,4,0.517,43
1,Wale,Lotus Flower Bomb (feat. Miguel),65,0.611,0.512,213253,0.598,0.0,9,0.0881,-4.959,0,0.115,70,4,0.345,44
1,Rels B,Vamos a Mirarnos,64,0.367,0.778,243291,0.514,3.61e-06,2,0.108,-10.663,0,0.478,160,4,0.148,45
1,Yo Trane,High off You,62,0.472,0.631,179293,0.319,0.0,0,0.303,-13.056,0,0.315,80,4,0.345,46
1,Loyle Carner,Ain't Nothing Changed,62,0.505,0.753,194427,0.663,0.0598,8,0.115,-8.073,1,0.176,90,4,0.149,47
1,Demi Lovato,You Don't Do It For Me Anymore,66,0.0978,0.583,197720,0.435,0.0,5,0.0763,-6.389,0,0.0478,128,3,0.129,48
1,Roy Woods,Get You Good,68,0.0306,0.69,226632,0.502,0.0,0,0.145,-7.077,0,0.0638,86,4,0.329,49
1,James Blake,Power On,65,0.849,0.649,246400,0.468,0.00706,2,0.106,-10.951,1,0.0447,92,4,0.618,50
1,Ne-Yo,Sexy Love,68,0.265,0.622,220853,0.503,0.000473,8,0.0596,-6.417,1,0.0433,94,4,0.58,51
1,Mariah Carey,Hero,71,0.735,0.501,257733,0.378,0.0,4,0.119,-9.37,1,0.029,120,4,0.178,52
1,SZA,Prom,64,0.0658,0.805,196133,0.702,0.0,1,0.123,-4.877,1,0.0887,120,4,0.225,53
1,Daniel Caesar,Violet,62,0.748,0.688,144000,0.425,0.00548,4,0.101,-8.134,0,0.027,130,4,0.179,54
1,Rels B,A Mí,73,0.241,0.846,209680,0.548,0.0713,1,0.0419,-6.397,1,0.256,95,4,0.516,55
1,ROSALÍA,A NINGÚN HOMBRE - Cap.11: Poder,62,0.942,0.555,94224,0.149,0.0,0,0.135,-6.599,1,0.0413,108,5,0.408,56
1,The Weeknd,Twenty Eight,63,0.574,0.639,258453,0.633,0.000218,3,0.111,-7.338,0,0.0352,130,4,0.243,57
1,Olivia O'Brien,Love Myself,68,0.596,0.653,213947,0.621,0.0,11,0.0811,-5.721,0,0.0409,100,4,0.466,58
1,Jarreau Vandal,Someone That You Love,64,0.558,0.737,177063,0.429,0.0,4,0.142,-8.261,1,0.0665,105,4,0.44,59
1,Macy Gray,I Try,73,0.313,0.593,239440,0.642,0.000582,2,0.0804,-7.284,1,0.0299,76,4,0.736,60
1,All-4-One,I Can Love You Like That,66,0.0811,0.635,257960,0.712,0.0,8,0.322,-4.998,1,0.0283,91,4,0.423,61
1,Jagged Edge,Where the Party At,70,0.31,0.596,232573,0.661,0.0,5,0.0847,-6.239,0,0.226,129,5,0.86,62
1,Roy Woods,Snow White,67,0.195,0.782,261835,0.559,2.11e-06,0,0.112,-7.955,0,0.046,88,4,0.199,63
1,Mase,What You Want (feat. Total),66,0.0312,0.838,242947,0.72,1.11e-05,10,0.422,-6.593,0,0.384,94,4,0.845,64
1,James Vickery,Until Morning,62,0.125,0.549,196625,0.414,0.0,1,0.112,-9.55,0,0.0556,86,4,0.491,65
1,Big Sean,Sacrifices,63,0.284,0.77,287320,0.565,0.0,10,0.257,-7.641,0,0.272,142,4,0.394,66
1,Tove Lo,Habits (Stay High),67,0.0703,0.733,209160,0.65,6.59e-05,5,0.0829,-3.539,1,0.0315,110,4,0.348,67
1,PARTYNEXTDOOR,Wus Good / Curious,67,0.0727,0.344,212880,0.537,0.000127,8,0.225,-8.215,0,0.079,83,5,0.453,68
1,Jorja Smith,Carry Me Home,65,0.633,0.471,282329,0.352,2.75e-05,2,0.115,-9.699,1,0.0391,118,3,0.102,69
1,The Weeknd,What You Need,65,0.525,0.657,196360,0.405,0.072,0,0.146,-8.637,0,0.0584,134,4,0.0673,70
1,Greeicy,Jacuzzi,72,0.0927,0.821,184107,0.736,0.0,0,0.0542,-4.484,0,0.0669,93,4,0.94,71
1,BJ The Chicago Kid,Roses,64,0.38,0.655,181144,0.597,0.0,0,0.11,-7.269,0,0.0912,110,4,0.219,72
1,Tory Lanez,LUV - Remix,63,0.0278,0.677,166800,0.558,0.0,11,0.873,-7.622,0,0.252,95,4,0.564,73
1,Eric Bellinger,Valet (feat. Fetty Wap and 2 Chainz),62,0.0287,0.749,204324,0.53,0.0,1,0.141,-5.251,1,0.0386,94,4,0.332,74
1,Cosmo Pyke,Chronic Sunshine,62,0.0264,0.431,270927,0.773,0.0,2,0.348,-5.002,1,0.0636,111,4,0.504,75
1,Tobi Lou,Buff Baby,62,0.19,0.736,215385,0.643,0.0,5,0.106,-8.636,1,0.0461,156,4,0.599,76
1,Daniel Caesar,Neu Roses (Transgressor's Song),62,0.933,0.543,181908,0.327,1.22e-06,0,0.685,-12.749,1,0.0625,69,4,0.291,77
1,DEAN,D (Half Moon),65,0.234,0.514,229360,0.764,0.0,7,0.0576,-5.161,1,0.134,170,4,0.49,78
1,Chris Brown,Back To Sleep,66,0.0424,0.647,201253,0.646,0.0,9,0.0888,-5.483,0,0.243,93,4,0.721,79
1,Zico,SoulMate (feat. IU),64,0.234,0.855,219391,0.58,0.0,5,0.0965,-6.951,1,0.141,97,4,0.518,80
1,PJ Morton,Say So (feat. JoJo),63,0.591,0.502,212973,0.409,0.0,0,0.113,-7.581,1,0.0512,75,4,0.234,81
1,The Weeknd,Often - Kygo Remix,66,0.123,0.523,234400,0.491,0.0,7,0.331,-9.876,0,0.0491,80,4,0.408,82
1,HONNE,I Got You ◑,62,0.046,0.668,211712,0.515,0.0,7,0.17,-6.033,0,0.25,87,4,0.64,83
1,Rex Orange County,You've Got a Friend in Me,62,0.897,0.788,139522,0.45,3.07e-05,3,0.3,-7.148,1,0.0278,113,4,0.448,84
1,Tory Lanez,ThE RUn oFF,62,0.0184,0.693,170543,0.791,0.0,2,0.345,-5.463,1,0.161,153,4,0.827,85
1,Daniel Caesar,Blessed,70,0.824,0.448,241371,0.263,1.91e-06,11,0.106,-11.98,1,0.0373,110,1,0.451,86
1,Angie Stone,Wish I Didn't Miss You,63,0.355,0.856,270893,0.755,0.000621,10,0.145,-5.691,1,0.0331,124,4,0.842,87
1,Mario,How Do I Breathe,67,0.215,0.684,216893,0.455,1.08e-06,5,0.263,-8.216,1,0.0307,98,4,0.487,88
1,Tory Lanez,CuT me oFF (feat. NAV),62,0.266,0.705,124154,0.675,0.0,1,0.31,-4.433,1,0.184,140,4,0.118,89
1,Usher,You Make Me Wanna...,69,0.0359,0.761,219120,0.639,0.0,5,0.0945,-7.577,0,0.0539,164,4,0.922,90
1,LL Cool J,Hey Lover,62,0.349,0.707,284693,0.438,0.0,5,0.106,-12.195,0,0.0656,88,4,0.53,91
1,Dreezy,Body,62,0.552,0.735,232707,0.567,0.0,0,0.0659,-5.962,1,0.0635,150,4,0.574,92
1,Miguel,Remember Me (Dúo),66,0.426,0.612,164453,0.548,0.0,0,0.502,-6.71,1,0.0351,85,4,0.617,93
1,Loyle Carner,Loose Ends,67,0.166,0.79,256198,0.675,1.36e-05,11,0.103,-6.952,0,0.319,91,4,0.363,94
1,Gaab,Tem Café,69,0.0346,0.694,262687,0.506,0.0,4,0.0774,-10.272,0,0.29,170,4,0.263,95
1,DJ Khaled,All I Do Is Win,70,0.0104,0.549,227293,0.791,0.0,10,0.444,-3.535,1,0.133,150,4,0.293,96
1,Daniel Caesar,Streetcar,71,0.721,0.41,246972,0.298,0.0,3,0.158,-11.796,1,0.0473,110,3,0.142,97
3,Alanis Morissette,You Oughta Know - 2015 Remaster,64,0.21,0.665,249493,0.834,0.0,4,0.452,-7.737,1,0.0576,105,4,0.411,98
3,6LACK,Ex Calling,67,0.00561,0.773,211960,0.564,1.99e-05,1,0.213,-7.241,1,0.249,156,4,0.0588,99
3,Los Enanitos Verdes,La Muralla Verde,69,0.0653,0.724,161800,0.856,1.85e-06,8,0.354,-6.119,0,0.0283,130,4,0.891,100
3,DaniLeigh,Easy - Remix,72,0.195,0.799,186587,0.301,0.0,7,0.0816,-11.361,1,0.185,100,4,0.511,101
3,Drowning Pool,Bodies,69,0.00347,0.656,201960,0.932,0.00147,4,0.144,-3.405,0,0.0708,131,4,0.544,102
3,Sabrina Claudio,Confidently Lost,63,0.272,0.666,209885,0.39,9.39e-06,5,0.111,-8.575,1,0.0838,114,4,0.325,103
3,Blur,Girls and Boys,65,0.00971,0.693,259387,0.875,0.0,7,0.0601,-8.354,0,0.0315,120,4,0.901,104
3,Bunbury,Aunque no sea conmigo,66,0.458,0.461,212560,0.715,1.56e-05,4,0.719,-6.246,0,0.0281,86,4,0.455,105
3,The Neighbourhood,Cry Baby,65,0.00269,0.581,235160,0.656,2.78e-06,4,0.101,-4.891,0,0.0294,108,4,0.338,106
3,Pixies,Hey,62,0.000897,0.596,211440,0.315,0.00106,7,0.121,-15.003,1,0.0305,100,4,0.343,107
3,Seether,Remedy,65,0.00018,0.546,207213,0.959,0.00144,8,0.0584,-4.664,1,0.082,128,4,0.416,108
3,Hoobastank,The Reason,71,0.0105,0.474,232800,0.672,0.0,4,0.142,-4.678,1,0.028,83,4,0.0649,109
3,Panteon Rococo,La Dosis Perfecta,64,0.0464,0.674,255507,0.771,3.23e-05,0,0.0362,-5.943,0,0.0316,155,4,0.966,110
3,The Verve,Lucky Man,62,0.273,0.394,293587,0.629,8.65e-05,2,0.0902,-7.584,1,0.0292,76,4,0.181,111
3,Tierra Whack,Pretty Ugly,62,0.22,0.941,60000,0.656,1.06e-05,0,0.121,-8.178,1,0.154,110,4,0.382,112
3,Puddle Of Mudd,Blurry,63,0.01,0.44,304000,0.929,0.0,3,0.142,-4.494,0,0.0525,157,4,0.495,113
3,The Offspring,Come Out And Play (Keep ‘Em Separated),64,0.0535,0.476,197800,0.856,6.75e-06,7,0.0846,-3.764,1,0.161,159,4,0.847,114
3,Lamb of God,Laid to Rest,62,0.000293,0.366,230127,0.956,0.00447,10,0.449,-3.725,0,0.108,104,3,0.159,115
3,Theory of a Deadman,Rx (Medicate),68,0.0133,0.639,233173,0.71,0.0,1,0.118,-7.445,1,0.0275,120,4,0.378,116
3,Café Tacvba,Eres,71,0.0124,0.588,267600,0.72,0.017,9,0.27,-6.197,0,0.027,150,4,0.466,117
3,Linkin Park,Battle Symphony,62,0.0369,0.653,216281,0.839,0.0,10,0.068,-5.077,1,0.0685,149,4,0.669,118
3,Pearl Jam,Last Kiss,67,0.363,0.622,195467,0.692,0.000158,7,0.193,-6.97,1,0.0276,112,4,0.774,119
3,Rammstein,PUPPE,72,0.0229,0.581,273707,0.822,0.0,11,0.126,-7.341,1,0.0574,117,4,0.3,120
3,The Black Keys,Breaking Down,62,0.00433,0.444,205037,0.738,0.00211,2,0.165,-5.351,1,0.0312,108,4,0.464,121
3,Nickelback,When We Stand Together,63,0.000102,0.446,190787,0.9,1.89e-05,10,0.0404,-3.541,0,0.0489,188,4,0.88,122
3,grandson,Blood // Water,68,0.00163,0.504,214520,0.891,0.00199,6,0.148,-5.632,0,0.137,154,4,0.628,123
3,The White Stripes,Icky Thump,63,0.021,0.424,254533,0.632,0.0117,9,0.0545,-7.243,1,0.0922,98,4,0.356,124
3,Weezer,Beverly Hills,66,0.0932,0.693,196093,0.823,0.0,5,0.328,-3.761,1,0.0726,88,4,0.741,125
3,The Strokes,Last Nite,65,0.0223,0.624,193373,0.899,0.000155,0,0.0975,-5.71,1,0.0295,104,4,0.797,126
3,Bush,Glycerine,63,0.0371,0.437,266493,0.337,0.000946,5,0.0981,-11.439,1,0.0326,114,4,0.0784,127
3,The Smashing Pumpkins,Bullet With Butterfly Wings - Remastered 2012,69,5.59e-05,0.404,258467,0.72,0.836,10,0.0466,-9.18,0,0.0626,122,4,0.475,128
3,Linkin Park,LOST IN THE ECHO,62,0.0154,0.546,205120,0.98,0.0,9,0.31,-3.02,0,0.0619,120,4,0.478,129
3,Disturbed,Inside the Fire,62,0.000233,0.463,231573,0.962,0.109,7,0.0906,-6.43,1,0.0704,94,4,0.66,130
3,The Neighbourhood,Afraid,65,0.00892,0.464,251187,0.701,0.309,6,0.335,-5.693,0,0.0411,84,4,0.356,131
3,Los Auténticos Decadentes,Amor (Ft. Mon Laferte) - Mtv Unplugged,63,0.0339,0.597,312443,0.818,0.0,9,0.978,-5.317,0,0.0472,93,4,0.688,132
3,Mos Def,Ms. Fat Booty,66,0.148,0.782,223547,0.589,0.0,1,0.164,-4.827,1,0.189,90,4,0.869,133
3,Kiana Ledé,Bouncin (feat. Offset),69,0.15,0.942,172493,0.557,2.97e-05,8,0.103,-8.433,1,0.307,101,4,0.77,134
3,grandson,Despicable,63,0.0123,0.576,223893,0.782,0.00241,1,0.467,-6.167,1,0.0346,88,4,0.367,135
3,Pixies,Here Comes Your Man,63,0.0451,0.664,201693,0.788,0.0416,2,0.117,-12.323,1,0.0294,125,4,0.869,136
3,The 1975,Chocolate,62,0.00391,0.591,224640,0.94,0.0,11,0.383,-4.341,1,0.0522,100,4,0.676,137
3,Radiohead,Fake Plastic Trees,67,0.167,0.454,290707,0.229,0.102,2,0.202,-12.592,1,0.0297,74,4,0.134,138
3,Summer Walker,CPR,64,0.637,0.693,203240,0.369,0.00335,7,0.0951,-12.683,0,0.175,140,4,0.141,139
3,Soda Stereo,Cuando Pase El Temblor - Remasterizado 2007,67,0.0314,0.652,229160,0.607,0.00285,0,0.0721,-8.657,1,0.0368,94,4,0.72,140
3,Dread Mar I,Arbol Sin Hojas,62,0.188,0.77,199864,0.576,0.000284,5,0.0246,-6.721,0,0.119,168,4,0.97,141
3,Blood Orange,Dark & Handsome,65,0.689,0.584,153750,0.389,0.0,11,0.319,-12.315,1,0.154,80,4,0.288,142
3,System Of A Down,Chop Suey!,77,0.000278,0.419,210240,0.934,0.0015,7,0.132,-3.908,0,0.12,127,4,0.286,143
3,grandson,Bury Me Face Down,62,0.0187,0.39,231667,0.629,4.12e-05,1,0.0658,-4.876,0,0.0469,142,4,0.162,144
3,Rammstein,ZEIG DICH,73,0.00108,0.545,255845,0.942,0.0246,0,0.0585,-4.283,0,0.0417,165,4,0.365,145
3,Chevelle,The Red,66,0.000671,0.509,238400,0.843,0.000803,1,0.348,-3.318,0,0.0488,140,3,0.332,146
3,Maldita Vecindad Y Los Hijos Del 5to. Patio,Kumbala,65,0.0114,0.722,267227,0.368,0.00167,4,0.0806,-13.212,0,0.0305,120,4,0.527,147
3,slowthai,Inglorious (feat. Skepta),64,0.0169,0.751,188553,0.66,2.35e-05,4,0.11,-7.031,1,0.327,150,4,0.408,148
3,The Score,Stronger,64,0.0232,0.267,190987,0.67,0.0,2,0.312,-4.688,0,0.0807,192,3,0.114,149
3,Rage Against The Machine,Testify,63,0.0261,0.47,210133,0.978,1.09e-05,7,0.356,-5.399,1,0.0727,118,4,0.503,150
3,Café Tacvba,Como te extraño mi amor,67,0.0823,0.791,214880,0.759,4.44e-05,9,0.0993,-5.67,1,0.037,125,4,0.917,151
3,Oliver Tree,Hurt,71,0.0209,0.561,145558,0.782,0.0,0,0.315,-5.863,1,0.04,94,4,0.486,152
3,Two Door Cinema Club,What You Know,66,0.000715,0.561,191707,0.741,1.4e-05,6,0.0822,-4.239,0,0.0419,139,4,0.776,153
3,The 1975,I Always Wanna Die (Sometimes),64,0.00499,0.368,314663,0.511,0.000728,4,0.117,-5.477,1,0.0329,149,4,0.0504,154
3,The 1975,Somebody Else,71,0.202,0.611,347520,0.799,0.0277,0,0.123,-5.719,1,0.0641,101,4,0.51,155
3,Pearl Jam,Daughter (Remastered),65,0.00746,0.615,234333,0.702,0.00431,7,0.0608,-9.686,1,0.0278,97,4,0.734,156
3,Kiana Ledé,EX,70,0.231,0.763,222387,0.537,0.0,9,0.109,-7.018,0,0.246,74,4,0.426,157
3,Alice In Chains,Rooster,65,0.0307,0.269,374333,0.551,0.000619,10,0.118,-8.456,0,0.0274,144,3,0.202,158
3,Frank Ocean,Self Control,70,0.765,0.572,249668,0.209,0.0,8,0.356,-10.413,1,0.0313,80,4,0.446,159
3,Jhene Aiko,Sativa,70,0.315,0.741,276960,0.61,0.0,6,0.534,-7.34,0,0.0512,126,4,0.72,160
3,Red Hot Chili Peppers,Can't Stop,77,0.0179,0.618,269000,0.938,0.0,9,0.167,-3.442,1,0.0456,91,4,0.875,161
3,Joji,Demons,65,0.416,0.464,176804,0.378,0.0917,2,0.0966,-11.354,0,0.143,164,5,0.037,162
3,Matt Maher,"Lord, I Need You",62,0.517,0.457,205667,0.451,0.0,10,0.0928,-6.997,1,0.029,75,4,0.185,163
3,Joy Division,Disorder - 2007 Remaster,63,0.00033,0.32,209040,0.798,0.692,10,0.176,-7.078,0,0.124,85,4,0.74,164
3,Limp Bizkit,Behind Blue Eyes,69,0.455,0.584,269973,0.491,0.0,7,0.116,-6.631,1,0.0263,120,4,0.0916,165
3,Alina Baraz,Electric (feat. Khalid),70,0.738,0.599,246327,0.396,2.19e-05,10,0.102,-10.489,0,0.0392,111,4,0.134,166
3,Nickelback,If Today Was Your Last Day,65,8.67e-05,0.485,249067,0.911,0.0,3,0.092,-5.749,1,0.0355,90,4,0.568,167
3,Janelle Monáe,Make Me Feel,67,0.132,0.859,194230,0.413,0.0,1,0.334,-7.399,1,0.182,115,4,0.697,168
3,Third Eye Blind,Jumper - 1998 Edit,65,0.0129,0.599,272973,0.543,0.00193,0,0.291,-9.226,1,0.0302,91,4,0.624,169
3,Godsmack,Awake,62,1.84e-05,0.406,304373,0.758,0.00253,5,0.308,-4.1,1,0.0558,112,4,0.532,170
3,Solange,Stay Flo,62,0.397,0.823,175707,0.558,2.03e-05,9,0.0821,-7.119,1,0.0278,156,4,0.674,171
3,Red Hot Chili Peppers,Soul to Squeeze,62,0.0322,0.663,289533,0.546,0.000572,5,0.107,-5.234,1,0.0269,88,4,0.656,172
3,Limp Bizkit,Rollin' (Air Raid Vehicle),70,0.00506,0.599,213760,0.932,0.0,9,0.269,-3.328,1,0.18,96,4,0.692,173
3,Klaxons,Golden Skans,63,0.000483,0.466,165120,0.838,1.11e-05,2,0.167,-2.698,0,0.0399,142,4,0.765,174
3,Foo Fighters,The Pretender,73,0.000917,0.433,269373,0.959,0.0,9,0.028,-4.04,1,0.0431,173,4,0.365,175
3,PNAU,Solid Gold,65,0.0978,0.567,208367,0.946,1.37e-06,5,0.0836,-2.245,0,0.0541,105,4,0.295,176
3,Duckwrth,Start a Riot,69,0.0128,0.728,171467,0.727,0.0,2,0.0882,-3.585,1,0.206,143,4,0.89,177
3,Incubus,Pardon Me,63,0.00114,0.579,223747,0.812,0.00333,1,0.115,-6.509,0,0.0693,152,4,0.278,178
3,Bunbury,Frente a frente (feat. Miren Iza),62,0.513,0.419,233960,0.473,3.52e-06,7,0.133,-8.192,0,0.0288,138,4,0.324,179
3,The 1975,TOOTIMETOOTIMETOOTIME,69,0.209,0.667,207851,0.798,0.015,8,0.0972,-5.935,1,0.0675,115,4,0.485,180
3,The Revivalists,Wish I Knew You,67,0.13,0.651,274093,0.716,0.0616,0,0.125,-6.516,0,0.0258,101,4,0.722,181
3,Rammstein,RADIO,71,0.00404,0.652,277397,0.894,0.00381,0,0.124,-5.145,0,0.0409,132,4,0.76,182
3,Avenged Sevenfold,Shepherd of Fire,64,0.000332,0.576,323800,0.906,0.0614,2,0.0908,-7.677,1,0.0571,128,4,0.211,183
3,Frank Ocean,Chanel,73,0.874,0.776,210285,0.503,0.0,0,0.112,-5.732,0,0.237,110,4,0.473,184
3,Caifanes,La Célula Que Explota,67,0.44,0.425,215867,0.479,0.000109,2,0.378,-12.22,1,0.0419,123,4,0.279,185
3,Theory of a Deadman,Angel,64,0.00251,0.443,202213,0.844,0.0,11,0.085,-5.414,0,0.0425,76,4,0.452,186
3,The Black Keys,Lo/Hi,66,0.0151,0.606,177768,0.679,0.000433,2,0.0962,-7.445,1,0.0321,122,4,0.707,187
3,Soundgarden,Fell On Black Days,63,0.00165,0.573,283027,0.75,0.000285,4,0.131,-5.718,0,0.0272,101,3,0.544,188
3,Three Days Grace,Animal I Have Become,69,0.000684,0.553,231400,0.853,0.0,8,0.126,-3.668,1,0.0339,122,4,0.506,189
3,Solange,Almeda,63,0.0227,0.827,236120,0.553,1.52e-05,1,0.176,-5.296,1,0.032,110,4,0.0631,190
3,Jhene Aiko,Triggered (freestyle),73,0.81,0.471,211227,0.411,0.0,0,0.135,-9.5,1,0.295,89,1,0.363,191
3,3 Doors Down,When I'm Gone,66,0.00457,0.496,260507,0.765,0.0,7,0.104,-5.66,1,0.033,74,4,0.337,192
3,6LACK,Pretty Little Fears (feat. J. Cole),74,0.711,0.611,240342,0.466,0.000264,9,0.0847,-11.361,1,0.372,192,4,0.223,193
3,BANKS,Contaminated,63,0.732,0.475,280680,0.322,8.6e-06,11,0.107,-7.401,0,0.0481,77,4,0.269,194
3,Inspector,Amnesia,62,0.331,0.505,241627,0.75,0.0,6,0.098,-5.366,0,0.048,145,4,0.752,195
3,Red Hot Chili Peppers,The Zephyr Song,65,0.013,0.725,231933,0.803,3.66e-05,2,0.0891,-4.083,1,0.0337,117,4,0.403,196
3,Jhene Aiko,The Worst,66,0.237,0.524,254493,0.417,1.19e-06,1,0.139,-9.283,0,0.0578,94,4,0.109,197
3,Aleks Syntek,Duele El Amor,62,0.325,0.674,275373,0.774,1.52e-06,6,0.323,-6.004,0,0.0349,130,4,0.702,198
3,Nickelback,Photograph,64,0.000932,0.513,258920,0.877,0.000163,8,0.136,-3.756,1,0.0292,146,4,0.389,199
3,X Ambassadors,HEY CHILD,64,0.00499,0.697,208653,0.661,2.77e-06,5,0.0773,-5.535,1,0.0453,112,4,0.546,200
3,Supergrass,Alright,69,0.000479,0.467,180880,0.958,0.199,4,0.299,-4.808,0,0.0775,146,4,0.701,201
3,Weezer,Say It Ain't So,70,0.00717,0.624,258827,0.517,1.4e-05,3,0.0687,-7.122,1,0.0322,152,4,0.42,202
3,Vicentico,No Te Apartes de Mí,64,0.791,0.816,198333,0.549,3.4e-05,7,0.117,-8.649,1,0.0312,111,4,0.886,203
3,Joji,YEAH RIGHT,76,0.619,0.672,174358,0.588,0.241,1,0.0992,-9.573,1,0.133,169,4,0.204,204
3,Pearl Jam,Yellow Ledbetter,66,0.29,0.504,303587,0.354,4.71e-06,4,0.157,-11.3,1,0.0339,141,4,0.292,205
3,The Wallflowers,One Headlight,69,0.00106,0.701,312587,0.564,0.00277,2,0.0657,-9.039,1,0.0294,108,4,0.723,206
3,MGMT,Electric Feel,74,0.0714,0.763,229640,0.807,0.28,1,0.348,-3.714,1,0.035,103,3,0.559,207
3,The Black Keys,Little Black Submarines,62,0.161,0.365,251267,0.466,6.68e-06,2,0.106,-7.514,1,0.0418,95,4,0.487,208
3,Silvio Rodríguez,Ojalá,63,0.907,0.526,212482,0.235,4.44e-06,7,0.111,-14.074,0,0.0991,91,1,0.377,209
3,Earl Sweatshirt,Chum,62,0.0216,0.51,243773,0.503,0.002,10,0.108,-8.756,0,0.242,154,4,0.193,210
3,Alanis Morissette,Ironic - 2015 Remaster,68,0.218,0.408,230000,0.582,0.0,11,0.159,-8.305,1,0.0508,115,5,0.365,211
3,Volbeat,Leviathan,64,0.00347,0.545,275933,0.86,0.000344,9,0.0884,-4.053,1,0.0383,90,4,0.5,212
3,A Tribe Called Quest,Can I Kick It?,68,0.173,0.848,251573,0.666,0.000699,0,0.129,-6.547,1,0.274,97,4,0.744,213
3,Andrés Calamaro,Flaca,69,0.21,0.739,277653,0.745,0.0135,7,0.127,-6.658,1,0.0267,109,4,0.949,214
3,Heroes Del Silencio,Maldito duende,63,0.0904,0.374,253187,0.85,0.0,4,0.116,-5.657,0,0.0404,126,4,0.348,215
3,The Offspring,Pretty Fly (For A White Guy),70,0.112,0.722,188667,0.901,0.0,11,0.0674,-3.66,0,0.105,143,4,0.963,216
3,Creed,My Sacrifice,66,0.000101,0.32,294600,0.88,4.31e-06,2,0.076,-6.035,1,0.0504,146,4,0.257,217
3,Breaking Benjamin,Blood,62,3.83e-05,0.478,189120,0.971,2.77e-05,7,0.295,-2.729,1,0.0858,91,4,0.284,218
3,Limp Bizkit,Break Stuff,68,0.0125,0.426,166707,0.894,0.00041,8,0.187,-6.699,1,0.174,109,4,0.63,219
3,Beastie Boys,Fight For Your Right,65,0.129,0.673,207400,0.72,0.0133,8,0.0813,-10.411,1,0.0376,134,4,0.6,220
3,Alina Baraz,Floating (feat. Khalid),69,0.81,0.66,174490,0.447,2.15e-06,1,0.11,-9.026,0,0.0482,85,4,0.578,221
3,Frank Ocean,Provider,64,0.74,0.654,243238,0.325,2.14e-05,2,0.152,-11.925,1,0.282,140,4,0.39,222
3,Seether,Fake It,71,0.00131,0.615,193893,0.949,3.04e-06,8,0.0585,-3.52,1,0.0549,132,4,0.586,223
3,Slipknot,Psychosocial,68,0.00252,0.576,283400,0.989,0.0032,2,0.0243,-1.909,1,0.112,135,4,0.352,224
3,Slipknot,Wait and Bleed,67,0.00208,0.382,147840,0.996,0.0,7,0.417,-4.119,1,0.104,93,4,0.327,225
3,Foo Fighters,The Sky Is A Neighborhood,66,0.000799,0.358,244573,0.549,0.00503,11,0.22,-7.843,0,0.0693,131,4,0.533,226
3,A Perfect Circle,Judith,63,3.32e-05,0.365,247267,0.894,0.171,11,0.267,-4.682,0,0.0572,82,3,0.31,227
3,Florence + The Machine,Hunger,65,0.53,0.729,214667,0.675,0.0,2,0.0985,-5.62,0,0.0415,116,4,0.332,228
3,Linkin Park,Talking to Myself,62,0.00184,0.593,231307,0.712,0.0,2,0.128,-6.325,0,0.0286,124,4,0.473,229
3,Toploader,Dancing in the Moonlight - 2001 Remix,63,0.0217,0.748,233573,0.842,4.24e-06,10,0.357,-3.107,1,0.0265,119,4,0.945,230
3,Spin Doctors,Two Princes,69,0.00162,0.543,256733,0.912,2.1e-06,7,0.0565,-10.71,1,0.0601,104,4,0.836,231
3,Crazy Town,Butterfly,67,0.00132,0.736,216733,0.811,0.000142,9,0.107,-4.17,0,0.081,104,4,0.609,232
3,James Blake,Retrograde,63,0.871,0.289,223600,0.254,0.0745,7,0.135,-11.218,0,0.0474,77,4,0.185,233
3,Ween,Ocean Man,64,0.551,0.72,126947,0.912,0.00122,4,0.0982,-6.13,1,0.0363,123,4,0.973,234
3,The Score,Unstoppable,67,0.00146,0.469,192107,0.845,3.16e-05,1,0.148,-3.936,0,0.0499,78,4,0.564,235
3,The Black Keys,Lonely Boy,69,0.00417,0.356,193653,0.872,0.00975,2,0.0997,-7.837,1,0.068,166,4,0.607,236
3,Red Hot Chili Peppers,Snow (Hey Oh),76,0.127,0.432,335067,0.895,1.16e-05,11,0.141,-3.682,1,0.0504,104,4,0.625,237
3,The Knocks,Ride Or Die (feat. Foster The People),63,0.0609,0.648,242035,0.75,4.41e-06,0,0.104,-3.248,1,0.0335,105,4,0.556,238
3,Foo Fighters,Walk,65,3.62e-05,0.231,255960,0.866,0.000552,9,0.29,-5.131,1,0.0517,138,4,0.191,239
3,La Ley,Mentira,65,0.179,0.643,288067,0.679,1.4e-05,7,0.7,-6.382,1,0.0287,132,4,0.491,240
3,Alina Baraz,Fantasy,62,0.353,0.68,218947,0.747,0.0,4,0.138,-6.056,0,0.091,114,4,0.331,241
3,Shinedown,Sound of Madness,64,4.93e-05,0.328,233987,0.939,0.0065,2,0.337,-1.654,0,0.0423,186,4,0.329,242
3,Hollywood Undead,Undead,62,0.0146,0.511,265053,0.937,0.0,2,0.304,-5.116,0,0.115,163,4,0.484,243
3,Arcade Fire,The Suburbs,64,0.0578,0.616,315200,0.682,0.0241,6,0.342,-6.148,0,0.0265,118,4,0.528,244
3,6LACK,PRBLMS,71,0.0307,0.417,246773,0.58,1.45e-06,9,0.179,-4.574,1,0.207,69,5,0.139,245
3,System Of A Down,Lonely Day,68,0.362,0.47,167907,0.796,1.11e-06,8,0.133,-3.277,0,0.0336,113,3,0.215,246
3,System Of A Down,Aerials,70,0.000918,0.364,235053,0.922,0.035,0,0.0696,-4.217,0,0.0566,79,4,0.227,247
3,Alice In Chains,Man in the Box,68,0.00229,0.346,284427,0.765,7.54e-06,8,0.213,-8.558,1,0.0413,106,4,0.644,248
3,Sum 41,In Too Deep,71,0.000178,0.577,207093,0.838,1.07e-06,9,0.0588,-5.793,1,0.0586,116,4,0.802,249
3,Joji,WANTED U,66,0.105,0.305,251015,0.715,0.0495,7,0.0906,-7.54,1,0.0554,83,4,0.29,250
3,Still Woozy,Habit,69,0.27,0.766,153857,0.402,0.0007,1,0.106,-11.155,1,0.107,125,4,0.466,251
3,The Offspring,"You're Gonna Go Far, Kid",74,0.00511,0.546,177827,0.905,0.0,0,0.211,-3.103,1,0.0671,126,4,0.598,252
3,Audioslave,Be Yourself,66,0.178,0.424,278973,0.845,3.58e-06,11,0.18,-3.467,0,0.0528,117,4,0.379,253
3,Linkin Park,Crawling,70,0.0466,0.58,208960,0.702,3.2e-06,4,0.536,-5.565,1,0.0337,105,4,0.299,254
3,Janelle Monáe,I Like That,64,0.0323,0.482,200338,0.453,0.00243,0,0.149,-8.864,1,0.059,135,4,0.17,255
3,Cautious Clay,Cold War,65,0.274,0.654,202597,0.47,0.249,1,0.103,-10.383,0,0.0586,77,4,0.462,256
3,Mazzy Star,Fade Into You,69,0.245,0.42,295600,0.33,0.000679,9,0.0677,-13.925,1,0.0275,157,3,0.175,257
3,Frank Ocean,Novacane,67,0.0726,0.764,302347,0.509,0.000603,3,0.162,-9.208,1,0.104,94,4,0.383,258
3,3 Doors Down,Kryptonite,75,0.00664,0.545,233933,0.865,1.12e-05,11,0.168,-5.708,0,0.0286,99,4,0.543,259
3,dvsn,Miss Me?,65,0.0778,0.822,219667,0.521,0.000102,1,0.0945,-6.347,0,0.102,76,4,0.22,260
3,Justice,D.A.N.C.E,65,0.034,0.613,242267,0.962,0.0,6,0.824,-5.07,0,0.278,113,4,0.496,261
3,KAYTRANADA,DYSFUNCTIONAL,62,0.00113,0.808,240758,0.805,0.0585,1,0.193,-3.392,1,0.103,108,4,0.886,262
3,The Score,Legend,69,0.0136,0.599,189120,0.749,0.000118,2,0.0711,-3.275,1,0.0279,82,4,0.488,263
3,Beck,Loser,66,0.0341,0.66,235000,0.627,9.64e-05,6,0.385,-10.397,0,0.124,85,4,0.789,264
3,Smash Mouth,All Star,78,0.0319,0.731,200373,0.861,0.0,11,0.0829,-5.881,1,0.0323,104,4,0.78,265
3,GoldLink,Herside Story,65,0.656,0.885,183760,0.595,4.42e-06,7,0.105,-5.487,1,0.286,148,4,0.754,266
3,KALEO,Way Down We Go,73,0.579,0.489,213707,0.505,0.000333,10,0.104,-8.022,0,0.117,163,4,0.337,267
3,Iggy Pop,Lust For Life,63,0.0276,0.383,313926,0.97,0.0,9,0.0942,-5.638,1,0.0435,102,4,0.62,268
3,The Dandy Warhols,Bohemian Like You,62,0.00315,0.584,211707,0.931,0.772,9,0.133,-6.158,1,0.0344,131,4,0.694,269
3,Alien Ant Farm,Smooth Criminal,70,0.00434,0.647,209267,0.964,0.0036,9,0.15,-4.225,0,0.06,127,4,0.875,270
3,The Score,Glory,64,0.111,0.564,166693,0.613,3.22e-06,11,0.0825,-5.055,1,0.0318,85,4,0.48,271
3,Two Door Cinema Club,Undercover Martyn,63,0.00025,0.442,167773,0.872,1.74e-05,2,0.0602,-5.072,1,0.123,160,4,0.568,272
3,Gorillaz,On Melancholy Hill,71,1.51e-05,0.689,233867,0.739,0.509,2,0.064,-5.81,1,0.026,120,4,0.578,273
3,Tonic,If You Could Only See,63,0.00222,0.443,261533,0.94,0.0,10,0.263,-5.107,0,0.04,95,4,0.521,274
3,BANKS,Gimme,63,0.508,0.759,219493,0.621,4.49e-05,2,0.265,-5.233,0,0.0866,120,4,0.612,275
3,The Temper Trap,Sweet Disposition - Vintage Culture & Lazy Bear Remix,63,0.169,0.702,225246,0.658,0.0172,11,0.111,-3.656,0,0.0367,122,4,0.418,276
3,Weezer,Island In The Sun,74,0.00719,0.654,200307,0.81,0.00251,4,0.165,-6.26,0,0.0288,115,4,0.661,277
3,Mœnia,Manto Estelar,62,0.192,0.595,253000,0.806,3.9e-06,10,0.241,-6.593,1,0.0371,108,4,0.313,278
3,The 1975,It's Not Living (If It's Not With You),71,0.000297,0.618,248336,0.824,6.87e-05,1,0.0649,-5.316,1,0.0301,121,4,0.598,279
3,The Raconteurs,"Steady, As She Goes",67,0.0132,0.524,215267,0.578,0.00921,9,0.108,-4.563,1,0.12,124,4,0.537,280
3,Joji,Will He,70,0.837,0.618,202103,0.217,0.000163,10,0.538,-15.372,1,0.0515,116,4,0.0872,281
3,SG Lewis,Better - SG Lewis x Clairo,63,0.05,0.699,193762,0.583,0.00029,6,0.091,-9.731,0,0.0357,109,4,0.484,282
3,X Ambassadors,American Oxygen,63,0.151,0.385,305093,0.482,0.0,0,0.101,-6.757,1,0.0311,78,3,0.322,283
3,Pantera,Cowboys from Hell,67,0.00437,0.415,243533,0.908,0.0345,2,0.082,-9.701,1,0.0765,115,4,0.437,284
3,Jason Isbell and the 400 Unit,If We Were Vampires,62,0.824,0.629,215564,0.208,3.7e-06,5,0.107,-16.225,1,0.0324,97,4,0.685,285
3,Third Eye Blind,How's It Going to Be,64,0.00327,0.562,253413,0.593,0.00139,5,0.0967,-9.362,1,0.0263,80,4,0.574,286
3,Foo Fighters,Everlong,74,5.96e-05,0.412,250547,0.882,0.00031,11,0.0805,-5.54,0,0.0369,158,4,0.356,287
3,Café Tacvba,La ingrata,63,0.0854,0.748,212000,0.835,1.97e-06,7,0.0365,-5.731,1,0.0351,143,4,0.896,288
3,Passion Pit,Take a Walk,65,0.0338,0.566,264493,0.755,0.0,11,0.315,-5.526,1,0.0368,101,4,0.445,289
3,Souls Of Mischief,93 'Til Infinity,67,0.125,0.59,286440,0.672,1.04e-06,1,0.147,-11.792,1,0.412,206,4,0.688,290
3,6LACK,Luving U,64,0.0886,0.723,252893,0.471,0.000881,10,0.112,-9.506,1,0.122,122,4,0.135,291
3,Nickelback,Far Away,66,0.000696,0.518,238173,0.797,0.0,6,0.107,-5.153,1,0.0309,133,4,0.293,292
3,Summer Walker,Girls Need Love,69,0.558,0.645,140760,0.418,0.0003,6,0.562,-10.065,0,0.29,97,4,0.123,293
3,Red Hot Chili Peppers,Dani California,73,0.017,0.553,283000,0.865,1.05e-05,9,0.267,-4.751,0,0.0409,96,4,0.735,294
3,Counting Crows,Mr. Jones,75,0.211,0.581,272507,0.817,1.42e-06,0,0.246,-6.542,1,0.0382,142,4,0.779,295
3,Skillet,Not Gonna Die,62,0.0106,0.445,225280,0.953,0.0,5,0.281,-2.463,0,0.0704,172,4,0.475,296
3,Limp Bizkit,Take A Look Around,68,0.0201,0.479,321040,0.861,0.314,3,0.0862,-5.659,0,0.0458,102,4,0.556,297
3,My Darkest Days,Porn Star Dancing,63,0.0199,0.474,199013,0.923,0.0,2,0.0673,-3.405,1,0.0897,160,4,0.347,298
3,The Strokes,Under Cover of Darkness,64,0.00419,0.357,235547,0.775,0.285,11,0.0676,-3.364,1,0.054,200,4,0.589,299
3,Mudvayne,Happy?,64,0.000823,0.546,216427,0.971,2.11e-05,5,0.275,-2.661,0,0.0965,100,4,0.383,300
3,Linkin Park,BURN IT DOWN,69,0.0143,0.585,230253,0.972,0.0,9,0.0707,-4.45,0,0.0534,110,4,0.585,301
3,Chris Tomlin,Good Good Father,63,0.315,0.429,293398,0.587,0.0,9,0.108,-4.588,1,0.0275,145,3,0.164,302
3,Nirvana,Lithium,65,0.00203,0.68,257053,0.65,0.0,7,0.0622,-6.336,1,0.0378,123,4,0.486,303
3,GoldLink,"U Say (feat. Tyler, The Creator & Jay Prince)",66,0.0673,0.694,200801,0.665,0.000187,2,0.117,-7.626,1,0.266,115,4,0.378,304
3,for KING & COUNTRY,God Only Knows,64,0.395,0.597,229760,0.417,8.35e-06,2,0.128,-7.952,1,0.0502,144,4,0.263,305
3,Kid Rock,All Summer Long,72,0.0212,0.7,297587,0.864,0.0,7,0.0956,-3.629,1,0.0283,103,4,0.887,306
3,Sinead Harnett,If You Let Me,62,0.158,0.407,232878,0.403,5.98e-06,5,0.553,-8.396,0,0.113,91,1,0.329,307
3,Collective Soul,Shine,65,0.294,0.54,306040,0.423,0.0884,6,0.152,-8.799,1,0.0283,150,4,0.353,308
3,Gorillaz,Humility (feat. George Benson),64,0.144,0.632,197933,0.807,0.0211,0,0.125,-5.893,1,0.126,160,4,0.784,309
3,Disturbed,The Vengeful One,62,0.000213,0.238,252003,0.967,1.18e-06,4,0.26,-2.602,0,0.136,170,4,0.58,310
3,The Goo Goo Dolls,Iris,75,0.00125,0.315,289533,0.715,7.97e-06,11,0.0942,-8.072,0,0.0362,156,3,0.497,311
3,Bad Wolves,Zombie,70,0.00756,0.448,254805,0.826,0.0,2,0.117,-3.244,0,0.0319,77,4,0.19,312
3,Slipknot,"Vermilion, Pt. 2",64,0.334,0.589,224320,0.442,0.000424,4,0.0987,-8.517,1,0.0291,123,3,0.0904,313
3,The Black Keys,Eagle Birds,65,0.0471,0.512,160543,0.78,0.0242,11,0.0856,-4.946,0,0.0409,94,4,0.609,314
3,The White Stripes,Seven Nation Army,72,0.00817,0.737,231733,0.463,0.447,0,0.255,-7.828,1,0.0792,124,4,0.324,315
3,Kasabian,Fire,62,0.0874,0.525,252280,0.741,0.147,10,0.117,-5.643,1,0.0311,117,4,0.179,316
3,grandson,Apologize,64,0.00121,0.535,198694,0.836,0.0,2,0.102,-5.593,1,0.0746,85,4,0.443,317
3,The Black Keys,Walk Across The Water,68,0.329,0.418,235842,0.583,0.769,9,0.238,-7.296,1,0.0257,80,4,0.327,318
3,Cultura Profética,Ilegal,63,0.35,0.827,305000,0.587,0.0,10,0.0907,-4.666,0,0.0485,117,4,0.769,319
3,GoldLink,Maniac,63,0.0674,0.812,189613,0.606,0.00245,1,0.173,-6.768,1,0.0448,133,4,0.0813,320
3,Shoffy,Cool Again,71,0.443,0.774,191935,0.45,3.28e-05,11,0.127,-6.86,1,0.0896,90,4,0.648,321
3,Volbeat,Last Day Under The Sun,64,0.000862,0.558,287400,0.879,0.00195,4,0.0544,-3.794,1,0.0401,115,4,0.448,322
3,Still Woozy,Lava,62,0.304,0.623,157303,0.615,0.00874,1,0.25,-10.064,1,0.146,169,4,0.672,323
4,Luke Bryan,"Sunrise, Sunburn, Sunset",69,0.185,0.472,216093,0.884,0.0,9,0.178,-2.306,1,0.0584,160,4,0.718,324
4,Rodney Atkins,Farmer's Daughter,64,0.224,0.612,207040,0.791,0.0,6,0.112,-3.519,1,0.0291,134,4,0.786,325
4,Randy Travis,"Forever and Ever, Amen",62,0.302,0.701,212587,0.678,1.55e-05,2,0.159,-8.491,1,0.0264,91,4,0.708,326
4,George Strait,Check Yes Or No,68,0.0717,0.71,200667,0.538,3.97e-06,5,0.0367,-12.576,1,0.0344,112,4,0.698,327
4,Blake Shelton,God Gave Me You,62,0.00481,0.483,229533,0.844,7.29e-05,2,0.405,-5.043,1,0.0314,152,4,0.543,328
4,Kacey Musgraves,Rainbow,78,0.88,0.581,214293,0.197,0.0,3,0.107,-7.697,1,0.0329,130,4,0.349,329
4,Brooks & Dunn,Brand New Man - with Luke Combs,69,0.00283,0.573,190201,0.847,7.42e-05,7,0.204,-4.878,1,0.0349,127,4,0.609,330
4,Zac Brown Band,Loving You Easy,64,0.017,0.722,155653,0.593,1.42e-06,1,0.067,-3.953,1,0.0269,99,4,0.326,331
4,Keith Urban,The Fighter,66,0.0304,0.681,184040,0.845,0.0,11,0.197,-5.147,0,0.0525,132,4,0.761,332
4,Dan + Shay,Keeping Score (feat. Kelly Clarkson),64,0.225,0.567,220213,0.622,0.0,4,0.138,-4.29,1,0.0317,136,4,0.336,333
4,Deana Carter,Strawberry Wine,62,0.302,0.558,290467,0.435,0.0,1,0.0351,-6.812,1,0.0264,122,3,0.199,334
4,Brett Young,Like I Loved You,72,0.196,0.582,207187,0.568,0.0,1,0.0841,-6.051,1,0.0297,76,4,0.64,335
4,Keith Anderson,I Still Miss You,65,0.14,0.505,235907,0.763,0.0,3,0.0949,-5.386,1,0.0297,156,4,0.446,336
4,Cody Johnson,Ain't Nothin' to It,62,0.132,0.514,202360,0.618,0.00078,10,0.0921,-5.673,1,0.0268,140,4,0.311,337
4,Johnny Cash,Hurt,75,0.642,0.518,216533,0.401,0.000185,9,0.118,-7.583,0,0.0284,92,4,0.171,338
4,George Strait,Give It Away,62,0.472,0.669,209320,0.651,0.000109,5,0.272,-5.79,1,0.0275,148,4,0.605,339
4,Luke Combs,Hurricane,78,0.0153,0.464,222533,0.813,0.0,10,0.254,-6.185,1,0.0416,76,4,0.516,340
4,Trace Adkins,You're Gonna Miss This,63,0.0237,0.5,224960,0.665,6.41e-05,8,0.0994,-7.157,1,0.0355,155,4,0.32,341
4,Dan + Shay,Tequila - R3HAB Remix,64,0.0119,0.578,157425,0.862,1.79e-05,8,0.0744,-3.059,0,0.0405,100,4,0.547,342
4,George Strait,Every Little Honky Tonk Bar,66,0.292,0.66,194840,0.83,0.0,5,0.141,-5.099,1,0.029,122,4,0.856,343
4,Tracy Lawrence,Time Marches On,62,0.563,0.856,185360,0.517,0.000164,6,0.144,-9.232,0,0.0293,118,4,0.479,344
4,Blake Shelton,Sangria,66,0.017,0.646,233480,0.724,1.39e-06,9,0.153,-6.96,1,0.0265,116,4,0.54,345
4,Luke Bryan,Drunk On You,64,0.178,0.558,213547,0.872,0.0,9,0.173,-4.401,1,0.0449,144,4,0.472,346
4,Chris Stapleton,Scarecrow In The Garden,62,0.132,0.634,200213,0.526,0.000951,1,0.148,-10.849,0,0.0291,122,4,0.667,347
4,Luke Bryan,I Don't Want This Night To End,66,0.0275,0.616,219973,0.728,0.0,9,0.228,-4.02,0,0.0278,112,4,0.375,348
4,Jerry Lee Lewis,Great Balls Of Fire,64,0.458,0.4,109707,0.818,3.25e-06,0,0.132,-11.238,1,0.08,166,4,0.936,349
4,Alan Jackson,It's Five O'Clock Somewhere,65,0.208,0.713,230133,0.772,0.0,2,0.211,-6.69,1,0.0372,125,4,0.88,350
4,Brett Eldredge,Beat Of The Music,65,0.00898,0.629,179293,0.808,9.06e-06,9,0.0751,-4.125,1,0.0269,110,4,0.773,351
4,Dustin Lynch,Mind Reader,65,0.0266,0.394,185413,0.8,0.0,4,0.184,-4.17,0,0.0413,162,4,0.525,352
4,Brooks & Dunn,Neon Moon,68,0.554,0.702,263500,0.632,0.0,9,0.127,-6.508,1,0.0247,102,4,0.457,353
4,Craig Morgan,That's What I Love About Sunday,65,0.479,0.6,201493,0.56,0.0,8,0.111,-6.311,1,0.0325,139,4,0.417,354
4,Justin Moore,Kinda Don't Care,63,0.0974,0.584,261800,0.752,3.05e-05,1,0.0544,-5.674,1,0.0309,150,4,0.735,355
4,Brad Paisley,She's Everything,65,0.569,0.355,266920,0.478,2.9e-06,0,0.194,-8.323,1,0.0335,103,4,0.269,356
4,Eric Church,Desperate Man,63,0.0716,0.711,208733,0.796,0.0045,10,0.262,-5.87,1,0.0341,110,4,0.901,357
4,Craig Morgan,Almost Home,63,0.302,0.525,289000,0.481,0.0,8,0.121,-6.715,1,0.0251,76,4,0.237,358
4,Jon Pardi,She Ain't In It,64,0.123,0.56,198467,0.679,2.46e-05,5,0.224,-4.527,1,0.0236,93,4,0.622,359
4,Keith Urban,Somebody Like You,64,0.108,0.624,323040,0.84,0.000546,4,0.144,-5.768,1,0.0337,111,4,0.656,360
4,Alabama,Song of the South,65,0.176,0.486,190800,0.633,0.0,9,0.312,-8.414,1,0.0365,162,4,0.669,361
4,Jason Aldean,Lights Come On,62,0.0489,0.567,194507,0.839,0.0,6,0.103,-4.048,0,0.0698,160,4,0.903,362
4,Luke Bryan,Strip It Down,65,0.392,0.629,241613,0.878,0.0,9,0.0899,-3.535,1,0.0443,138,4,0.714,363
4,Craig Morgan,Redneck Yacht Club,64,0.455,0.49,230373,0.817,0.0,8,0.0885,-5.405,1,0.0355,168,4,0.808,364
4,Luke Combs,This One's for You,62,0.444,0.499,230240,0.497,1.41e-06,11,0.108,-7.811,1,0.0449,149,4,0.235,365
4,Dan + Shay,Alone Together,65,0.00527,0.541,171440,0.87,0.0,1,0.0867,-4.741,1,0.122,180,4,0.665,366
4,Brantley Gilbert,The Weekend,64,0.0496,0.511,187760,0.812,1.64e-06,6,0.0829,-4.763,0,0.0464,82,4,0.692,367
4,Jason Aldean,Drowns The Whiskey (feat. Miranda Lambert),70,0.294,0.552,202067,0.698,0.000103,8,0.0905,-4.817,1,0.0306,90,4,0.6,368
4,Luke Bryan,What Makes You Country,72,0.0104,0.513,235266,0.949,0.0,0,0.154,-1.723,1,0.0461,160,4,0.797,369
4,Jason Aldean,Dirt Road Anthem,71,0.347,0.68,229400,0.741,1.87e-06,2,0.117,-5.055,1,0.0357,127,4,0.635,370
4,Tim McGraw,"I Like It, I Love It",64,0.0196,0.643,205707,0.961,0.0,0,0.948,-5.298,1,0.0315,124,4,0.96,371
4,Kacey Musgraves,Mother,66,0.903,0.557,78187,0.147,0.0,9,0.176,-14.173,1,0.103,56,4,0.482,372
4,Thomas Rhett,Star Of The Show,64,0.14,0.691,181200,0.624,0.0,7,0.168,-5.874,1,0.027,102,4,0.662,373
4,Travis Tritt,Here's A Quarter [Call Someone Who Cares],62,0.196,0.654,152640,0.537,0.0,7,0.119,-8.067,1,0.0257,112,3,0.597,374
4,Chris Young,Gettin' You Home,62,0.44,0.639,212133,0.678,1.45e-06,7,0.221,-5.02,1,0.0278,107,4,0.531,375
4,Cody Johnson,With You I Am,65,0.403,0.559,220893,0.665,0.0,7,0.14,-6.233,1,0.027,75,4,0.397,376
4,Tim McGraw,Just To See You Smile,62,0.127,0.492,215173,0.823,0.0,6,0.0523,-8.526,1,0.0297,94,4,0.702,377
4,Sugarland,Babe,65,0.0187,0.535,215107,0.777,1.62e-06,4,0.136,-3.292,1,0.207,172,4,0.664,378
4,Luke Bryan,Rain Is A Good Thing,63,0.105,0.622,176160,0.932,2.37e-06,11,0.328,-4.66,0,0.0498,108,4,0.519,379
4,Dolly Parton,I Will Always Love You,64,0.96,0.446,176093,0.142,0.00114,9,0.101,-13.498,1,0.0335,136,4,0.156,380
4,Kane Brown,What Ifs,78,0.00898,0.612,188253,0.799,0.0,10,0.172,-4.603,1,0.0275,126,4,0.687,381
4,Kane Brown,Found You,66,0.0528,0.46,191733,0.821,0.0,4,0.0818,-5.333,0,0.0404,164,4,0.438,382
4,Dan + Shay,Nothin' Like You,67,0.151,0.589,186253,0.704,0.0,4,0.067,-4.772,1,0.0303,85,4,0.437,383
4,Cody Johnson,On My Way to You,66,0.327,0.443,213307,0.538,4.61e-05,1,0.0866,-5.477,1,0.0309,158,4,0.245,384
4,Keith Urban,Never Comin Down,66,0.00928,0.697,214096,0.82,0.000118,1,0.122,-4.275,1,0.0448,95,4,0.815,385
4,Kenny Chesney,Get Along,71,0.101,0.632,199625,0.804,0.0,7,0.17,-6.109,1,0.0503,92,4,0.35,386
4,Midland,Drinkin' Problem,65,0.0538,0.628,220800,0.761,3.74e-06,9,0.312,-6.377,1,0.0277,102,4,0.64,387
4,Chris Stapleton,Traveller,66,0.0682,0.543,222413,0.75,0.0166,2,0.125,-7.071,0,0.0282,88,4,0.758,388
4,Dan + Shay,From the Ground Up,67,0.333,0.281,253933,0.58,0.0,9,0.122,-5.967,1,0.0323,152,3,0.282,389
4,Brett Young,Mercy,74,0.84,0.638,217120,0.367,0.0,4,0.0999,-7.906,1,0.0266,72,4,0.219,390
4,The Bellamy Brothers,Let Your Love Flow,65,0.0611,0.679,198760,0.553,7.16e-06,3,0.139,-14.687,1,0.0316,109,4,0.946,391
4,Kane Brown,What's Mine Is Yours,66,0.268,0.633,216240,0.683,7.78e-06,3,0.113,-6.326,0,0.0301,130,4,0.463,392
4,Brett Young,In Case You Didn't Know,76,0.386,0.607,224853,0.536,0.0,10,0.102,-7.306,1,0.0305,148,4,0.434,393
4,Jason Aldean,You Make It Easy,74,0.143,0.375,196800,0.574,0.0,7,0.11,-5.305,1,0.0315,132,3,0.406,394
4,Dustin Lynch,Where It's At,62,0.0142,0.557,204187,0.737,0.0,3,0.314,-5.75,1,0.0476,158,4,0.817,395
4,Old Dominion,Break Up with Him,67,0.0685,0.615,207733,0.632,0.0,3,0.108,-5.382,1,0.0374,152,4,0.56,396
4,Trent Tomlinson,For the Life of Me,66,0.162,0.504,221800,0.759,0.0,0,0.193,-4.27,1,0.0384,144,4,0.413,397
4,Luke Combs,"Houston, We Got a Problem",70,0.0961,0.522,191987,0.762,6.21e-06,9,0.395,-5.059,1,0.0362,144,4,0.486,398
4,Brett Young,Here Tonight,75,0.0144,0.517,216533,0.776,0.0,11,0.113,-5.271,1,0.0362,96,4,0.448,399
4,Zac Brown Band,From Now On,63,0.114,0.541,260960,0.811,0.0,3,0.356,-3.872,1,0.0342,110,4,0.263,400
4,Silver,Wham Bam Shang-A-Lang,67,0.353,0.65,212840,0.759,0.0,1,0.155,-4.932,1,0.0355,121,4,0.943,401
4,Lee Brice,A Woman Like You,62,0.245,0.592,209787,0.584,0.0,7,0.0862,-7.422,1,0.0305,160,4,0.371,402
4,Diamond Rio,Meet In the Middle,66,0.663,0.746,198333,0.443,0.0,4,0.223,-11.305,1,0.0359,91,4,0.554,403
4,Billy Currington,Good Directions,65,0.318,0.695,215853,0.731,0.0,5,0.143,-2.15,1,0.034,123,4,0.497,404
4,Alan Jackson,Chattahoochee,65,0.362,0.606,148160,0.706,0.0,0,0.16,-9.665,1,0.0379,175,4,0.819,405
4,Brantley Gilbert,Kick It In The Sticks,62,0.00507,0.493,225747,0.843,0.0,8,0.13,-5.924,0,0.0707,158,4,0.523,406
4,Blake Shelton,Boys 'Round Here (feat. Pistol Annies & Friends),65,0.251,0.611,288760,0.688,2.35e-06,2,0.248,-6.369,1,0.0529,170,4,0.649,407
4,Zac Brown Band,Whatever It Is,63,0.443,0.686,208213,0.576,1.7e-05,1,0.212,-6.632,1,0.0284,84,4,0.72,408
4,Eric Church,Talladega,66,0.0538,0.584,262280,0.672,0.0481,1,0.0885,-8.309,1,0.0294,144,4,0.556,409
4,Dan + Shay,All To Myself,74,0.23,0.651,169612,0.782,0.0,1,0.139,-4.622,1,0.0303,95,4,0.619,410
6,Bicep,Opal - Four Tet Remix,63,0.103,0.826,494257,0.72,0.773,9,0.11,-9.582,0,0.119,127,4,0.287,411
6,Portishead,Glory Box,67,0.228,0.481,305560,0.409,0.409,1,0.0735,-9.919,1,0.0396,120,4,0.232,412
6,Keys N Krates,Dum Dee Dum - JiKay Remix,63,0.0159,0.781,182387,0.854,0.0493,11,0.15,-7.411,0,0.311,100,4,0.493,413
6,Seven Lions,Rush Over Me,62,0.0701,0.441,259556,0.753,0.0,0,0.027,-4.074,1,0.044,135,4,0.254,414
6,Flosstradamus,MVP - NGHTMRE Remix,62,0.0289,0.625,166667,0.853,0.0,8,0.321,-5.709,0,0.119,144,4,0.352,415
6,San Holo,self-love,62,0.0128,0.547,143775,0.566,0.802,9,0.106,-6.08,1,0.0339,98,4,0.228,416
6,Massive Attack,Teardrop,70,0.0173,0.615,330773,0.419,0.497,11,0.135,-8.8,0,0.0395,77,4,0.216,417
6,Verbus,Trust in Me,68,0.101,0.74,163163,0.592,1.44e-05,0,0.45,-8.275,1,0.181,121,4,0.119,418
6,Daft Punk,Harder Better Faster Stronger,70,0.0427,0.817,224693,0.716,0.00263,6,0.358,-8.898,0,0.144,123,4,0.692,419
6,RL Grime,UCLA,70,0.0742,0.536,192000,0.879,0.0,1,0.0847,-3.019,1,0.0621,140,4,0.334,420
6,Just A Gent,Limelight (NGHTMRE Remix),66,0.0579,0.574,254897,0.576,0.00147,1,0.208,-8.267,1,0.0446,145,4,0.287,421
6,Valentino Khan,Lick It,68,0.00596,0.8,216960,0.843,0.119,4,0.108,-1.611,1,0.0633,125,4,0.644,422
6,Daft Punk,Giorgio by Moroder,62,0.0692,0.74,544627,0.682,0.53,9,0.381,-10.42,0,0.0504,113,4,0.41,423
6,What So Not,High You Are,64,0.0557,0.69,213340,0.857,0.11,10,0.0341,-5.613,1,0.0405,137,4,0.409,424
6,The Prodigy,Need Some1,62,0.0517,0.398,162895,0.988,0.552,2,0.429,-7.556,1,0.0978,184,4,0.0961,425
6,San Holo,Light,71,0.0857,0.57,239853,0.763,2.49e-06,1,0.0932,-4.137,1,0.0573,150,4,0.43,426
6,Daft Punk,One More Time - Short Radio Edit,64,0.0348,0.648,235467,0.671,0.0,2,0.376,-8.49,1,0.104,123,4,0.533,427
6,RJD2,Ghostwriter,63,0.0107,0.747,317933,0.68,0.803,1,0.0964,-6.187,1,0.0346,94,4,0.594,428
6,Boombox Cartel,Moon Love,70,0.0168,0.706,243692,0.935,4.62e-05,6,0.106,-2.418,1,0.0565,130,4,0.214,429
6,DJ Shadow,Nobody Speak,64,0.0405,0.621,195966,0.814,0.00274,2,0.263,-5.937,1,0.154,160,4,0.304,430
6,Jauz,Magic,62,0.0241,0.551,290704,0.839,0.00391,5,0.0874,-2.461,0,0.0578,142,4,0.314,431
6,The Prodigy,Timebomb Zone,63,0.000328,0.524,204915,0.898,0.796,7,0.102,-6.543,1,0.0409,130,4,0.229,432
6,Taska Black,Running Away,67,0.0233,0.51,185813,0.812,0.133,2,0.166,-5.782,0,0.0744,160,4,0.151,433
6,The Prodigy,Breathe,71,0.0091,0.679,334800,0.822,0.871,9,0.0388,-6.117,1,0.0498,130,4,0.32,434
6,Fabian Mazur,Arena,63,0.00882,0.789,206400,0.83,0.00248,5,0.173,-4.183,0,0.0751,100,4,0.443,435
6,Big Gigantic,"All of Me (feat. Logic, ROZES)",62,0.00189,0.628,228169,0.877,0.0,10,0.228,-3.016,0,0.041,142,4,0.199,436
6,QUIX,Giving Up (feat. Jaden Michaels),63,0.0447,0.484,249987,0.806,4.48e-05,10,0.333,-6.095,0,0.127,145,4,0.417,437
6,The Stone Roses,Waterfall - Remastered,63,0.0236,0.491,278827,0.686,0.269,11,0.451,-8.22,1,0.0289,104,4,0.436,438
6,Flosstradamus,Came Up,67,0.00908,0.613,214929,0.879,1.66e-06,6,0.108,-4.649,1,0.0729,77,4,0.497,439
6,Zero 7,In The Waiting Line,62,0.76,0.561,271520,0.33,0.134,5,0.106,-13.51,1,0.0268,79,4,0.378,440
8,Ed Prosek,The Mountain,66,0.252,0.588,212500,0.519,1.14e-06,0,0.158,-6.105,1,0.0326,131,4,0.206,441
8,Supertramp,Breakfast In America - Remastered,71,0.425,0.532,159347,0.663,1.07e-06,0,0.0734,-5.886,0,0.0292,75,4,0.756,442
8,Eagles,Peaceful Easy Feeling - Eagles 2013 Remaster,64,0.494,0.568,257963,0.634,0.00281,4,0.252,-12.336,1,0.0282,143,4,0.866,443
8,Harry Chapin,Cat's in the Cradle,65,0.233,0.489,222951,0.577,0.0,10,0.123,-9.765,1,0.042,78,4,0.519,444
8,Eva Cassidy,Fields Of Gold,63,0.974,0.461,282093,0.0859,1.12e-06,9,0.077,-14.676,1,0.0309,80,4,0.31,445
8,Yoke Lore,Truly Madly Deeply - Recorded at Spotify Studios NYC,69,0.826,0.675,190393,0.368,0.0016,0,0.136,-14.072,0,0.0374,106,4,0.176,446
8,Vampire Weekend,Step,67,0.591,0.624,251627,0.724,7.79e-06,10,0.101,-7.113,1,0.101,78,4,0.624,447
8,The Supremes,Where Did Our Love Go,64,0.745,0.552,153333,0.481,3.43e-06,0,0.0825,-10.764,1,0.0404,135,4,0.833,448
8,The Oh Hellos,Hello My Old Heart,67,0.624,0.557,256007,0.299,0.0308,0,0.0914,-10.634,1,0.0266,90,4,0.297,449
8,Zak Abel,You Come First (feat. Saweetie),71,0.0352,0.745,191255,0.719,0.0,11,0.0639,-4.291,1,0.19,100,4,0.611,450
8,Gregory Alan Isakov,Chemicals,71,0.885,0.608,199907,0.238,0.125,0,0.111,-13.604,1,0.0434,78,4,0.27,451
8,The Animals,House Of The Rising Sun,70,0.000385,0.295,271280,0.584,0.218,9,0.0996,-6.696,0,0.0345,117,3,0.228,452
8,Simon & Garfunkel,Cecilia,65,0.409,0.675,169560,0.849,1.31e-05,0,0.0916,-9.68,1,0.0386,105,4,0.965,453
8,Lykke Li,I Follow Rivers - The Magician Remix,73,0.0234,0.786,280070,0.696,0.0019,9,0.0839,-5.796,0,0.0428,122,4,0.306,454
8,The Lumineers,Sleep On The Floor,69,0.249,0.389,211851,0.431,0.0,7,0.13,-8.061,1,0.0344,142,4,0.275,455
8,Gregory Alan Isakov,Big Black Car,67,0.897,0.572,217467,0.183,0.00275,3,0.103,-16.069,1,0.0323,110,4,0.404,456
8,Ben Howard,I Forget Where We Were,66,0.475,0.305,281213,0.462,0.122,0,0.0916,-9.57,1,0.0338,113,4,0.181,457
8,Roy Orbison,"Oh, Pretty Woman",72,0.715,0.619,178933,0.603,0.0,9,0.0721,-9.481,1,0.0342,127,4,0.958,458
8,Jefferson Airplane,White Rabbit,69,0.486,0.551,150640,0.293,0.000273,2,0.0864,-12.503,1,0.0272,107,4,0.322,459
8,Better Oblivion Community Center,Dylan Thomas,64,0.000128,0.592,216787,0.805,0.000211,2,0.0916,-7.995,1,0.0371,116,4,0.505,460
8,Mt. Joy,Sheep,65,0.891,0.498,215180,0.502,0.000907,2,0.0716,-8.052,1,0.0371,81,4,0.286,461
8,Death Cab for Cutie,Northern Lights,62,0.00575,0.514,236800,0.95,0.00238,4,0.134,-3.807,0,0.0298,138,4,0.665,462
8,Sufjan Stevens,The Only Thing,68,0.987,0.519,284131,0.145,0.0643,3,0.108,-19.581,1,0.0392,159,4,0.487,463
8,The Tallest Man On Earth,Love is All,62,0.931,0.624,255853,0.252,0.000423,2,0.104,-11.502,1,0.03,107,4,0.367,464
8,Joe Cocker,With A Little Help From My Friends,65,0.276,0.315,312173,0.447,0.00152,2,0.0923,-11.198,1,0.0672,141,3,0.331,465
8,Band of Horses,No One's Gonna Love You (Stockholm Version),67,0.953,0.599,228646,0.198,0.000127,1,0.0994,-8.557,1,0.0581,142,4,0.214,466
8,Maisie Peters,Stay Young,67,0.058,0.685,202140,0.691,5.62e-06,9,0.136,-4.673,1,0.0864,93,4,0.302,467
8,The Head and the Heart,All We Ever Knew,67,0.00224,0.487,225560,0.724,1.03e-05,0,0.213,-5.905,1,0.0289,102,4,0.546,468
8,Joe Walsh,A Life Of Illusion,64,0.0407,0.692,210533,0.613,0.0652,2,0.094,-10.735,1,0.0282,121,4,0.93,469
8,Alexi Murdoch,Orange Sky,63,0.797,0.685,379520,0.15,0.0461,2,0.1,-20.543,1,0.039,125,4,0.125,470
8,Tracy Chapman,Baby Can I Hold You,69,0.0811,0.692,193120,0.422,0.0,2,0.0848,-10.533,1,0.0333,74,4,0.468,471
8,The Band,The Weight - Remastered,71,0.373,0.63,274493,0.551,5.75e-05,9,0.103,-9.28,1,0.0549,144,4,0.518,472
8,Joy Williams,The Trouble with Wanting,66,0.912,0.396,235587,0.198,0.0,2,0.0972,-9.096,1,0.031,139,3,0.19,473
8,Leonard Cohen,Hallelujah,64,0.715,0.28,277160,0.344,0.00642,0,0.133,-12.577,1,0.0293,171,3,0.232,474
8,Jackson Browne,Doctor My Eyes,63,0.266,0.48,199907,0.626,5.7e-05,5,0.0857,-8.406,1,0.0294,76,4,0.542,475
8,Mark Diamond,You're My Girl (Lost Recording #6),73,0.928,0.45,195758,0.189,0.000843,8,0.104,-11.423,1,0.0519,67,4,0.227,476
8,Bob Seger,Turn The Page - Live In Detroit/1975,63,0.155,0.535,301187,0.376,0.0,9,0.592,-10.004,1,0.0331,79,4,0.285,477
8,Norah Jones,Carry On,65,0.924,0.547,168107,0.216,0.214,10,0.109,-14.908,1,0.0343,80,3,0.358,478
8,Rainbow Kitten Surprise,Devil Like Me,67,0.758,0.679,188280,0.63,7.06e-05,2,0.111,-6.83,1,0.158,123,4,0.558,479
8,The Lumineers,Stubborn Love,66,0.607,0.598,279000,0.56,0.0432,0,0.196,-11.679,1,0.0375,115,4,0.221,480
8,Juke Ross,Morning Breeze,67,0.585,0.636,194067,0.383,2.24e-06,11,0.122,-9.381,1,0.0434,73,4,0.213,481
8,Van Morrison,Have I Told You Lately,67,0.278,0.344,260387,0.477,0.0128,4,0.136,-10.266,1,0.0338,144,4,0.182,482
8,Kina Grannis,Can’t Help Falling in Love,77,0.905,0.266,201933,0.0596,7.07e-05,0,0.132,-18.515,1,0.0363,182,3,0.143,483
8,Carpenters,Yesterday Once More,63,0.7,0.253,233533,0.391,0.0,4,0.36,-13.662,1,0.037,169,4,0.362,484
8,The Beach Boys,I Get Around (Mono) - Mono,66,0.36,0.39,134387,0.625,0.0,9,0.0663,-7.813,0,0.0537,144,4,0.514,485
8,Ray LaMontagne,You Are the Best Thing,66,0.0304,0.579,231840,0.727,1.99e-05,10,0.172,-4.872,1,0.0332,171,4,0.885,486
8,Lake Street Dive,Good Kisser,62,0.119,0.485,218493,0.591,0.00278,10,0.0787,-3.888,1,0.0453,160,4,0.636,487
8,Hollow Coves,Home,63,0.86,0.504,202440,0.497,0.00486,1,0.117,-11.858,1,0.0253,85,4,0.261,488
8,SYML,Girl - Acoustic,70,0.945,0.413,211882,0.272,0.0279,1,0.112,-11.568,1,0.0317,110,4,0.355,489
8,Tom Speight,Open Door,63,0.808,0.512,142507,0.272,0.000168,6,0.121,-11.465,1,0.0559,147,4,0.33,490
8,Andrew Bird,Sisyphus,63,0.23,0.631,247493,0.792,0.000317,0,0.0756,-4.364,0,0.0427,83,4,0.462,491
8,38 Special,Caught Up In You,67,0.0241,0.427,279333,0.683,0.000107,1,0.0476,-8.513,0,0.0323,131,4,0.882,492
8,First Aid Kit,Perfect Places - Live From BBC Radio 2,64,0.278,0.454,218760,0.421,0.0,1,0.141,-4.834,0,0.026,88,4,0.383,493
8,Sly & The Family Stone,Everyday People,67,0.245,0.813,139507,0.619,0.0151,7,0.113,-8.203,1,0.0294,115,4,0.774,494
8,Van Morrison,Into The Mystic,72,0.367,0.608,205613,0.524,0.00254,8,0.115,-10.266,1,0.0309,86,4,0.797,495
8,Birdtalker,Heavy,69,0.286,0.614,264151,0.549,2.64e-06,5,0.142,-6.986,1,0.0516,78,4,0.258,496
8,Vance Joy,Saturday Sun,73,0.484,0.637,214720,0.864,0.0,8,0.222,-4.381,1,0.0468,100,4,0.706,497
8,Billy Joel,Uptown Girl,79,0.0747,0.701,197707,0.943,0.0,4,0.601,-2.986,1,0.0456,129,4,0.791,498
8,Hozier,Work Song,70,0.749,0.531,229720,0.363,0.0,10,0.112,-7.672,1,0.0608,121,4,0.259,499
8,SYML,Where's My Love - Alternate Version,63,0.904,0.376,248333,0.219,0.0194,0,0.108,-11.805,0,0.0319,104,4,0.159,500
8,Sinéad O'Connor,Nothing Compares 2 U,71,0.0425,0.511,280040,0.574,2.33e-05,5,0.105,-7.016,1,0.0273,120,4,0.161,501
8,The Beach Boys,God Only Knows - Remastered,69,0.253,0.521,173040,0.487,0.0,6,0.0579,-7.525,0,0.0299,117,4,0.483,502
8,Supertramp,School,62,0.526,0.355,335286,0.494,0.041,4,0.0652,-14.545,0,0.0885,88,4,0.0542,503
8,Fleet Foxes,Mykonos,65,0.395,0.3,275307,0.452,0.000818,11,0.137,-9.298,1,0.0305,83,4,0.342,504
8,Supertramp,Goodbye Stranger - 2010 Remastered,66,0.607,0.42,350573,0.668,0.016,1,0.0585,-7.35,1,0.0517,125,4,0.338,505
8,Bright Eyes,First Day Of My Life,71,0.915,0.468,188800,0.201,8.28e-05,4,0.0952,-17.024,1,0.0388,94,4,0.383,506
8,Real Estate,Had To Hear,62,0.135,0.556,290827,0.765,0.732,7,0.149,-7.474,1,0.0319,126,4,0.499,507
8,Bad Company,Bad Company - 2015 Remaster,62,0.491,0.545,288053,0.467,0.175,8,0.0805,-10.862,1,0.0305,114,4,0.444,508
8,Sonny & Cher,I Got You Babe,66,0.246,0.621,193840,0.708,2e-06,6,0.143,-9.057,1,0.0259,111,3,0.624,509
8,The Civil Wars,Billie Jean,66,0.829,0.532,259920,0.203,0.0,9,0.108,-8.524,0,0.0668,90,4,0.543,510
8,Tall Heights,Back to Autumn,65,0.462,0.478,199653,0.588,0.00109,8,0.069,-8.032,1,0.0304,111,4,0.341,511
8,Dermot Kennedy,After Rain,68,0.521,0.467,294000,0.412,0.00367,11,0.107,-9.609,0,0.0318,133,4,0.277,512
8,Mat Kearney,Kings & Queens,62,0.336,0.621,189987,0.61,0.0,5,0.157,-8.455,1,0.0454,139,4,0.424,513
8,Brandi Carlile,The Story,66,0.0325,0.544,238493,0.5,3.78e-06,11,0.109,-8.253,1,0.026,94,4,0.177,514
8,Simon & Garfunkel,The Only Living Boy in New York,64,0.13,0.411,238413,0.381,0.257,11,0.132,-12.361,1,0.0286,77,4,0.524,515
8,Angus & Julia Stone,Big Jet Plane,66,0.239,0.763,239147,0.387,0.00747,10,0.13,-8.643,0,0.0278,110,4,0.273,516
8,Tom Odell,Magnetised - Acoustic,63,0.952,0.487,292187,0.0746,0.0,10,0.108,-12.952,0,0.0327,106,4,0.123,517
8,Fleet Foxes,"If You Need To, Keep Time On Me",69,0.647,0.521,210507,0.22,0.00814,9,0.179,-10.202,1,0.0314,104,4,0.135,518
8,Ben Howard,Promise,67,0.889,0.367,384080,0.189,0.428,2,0.364,-15.736,1,0.0384,157,4,0.177,519
8,Tom Grennan,Barbed Wire,62,0.118,0.705,185520,0.803,0.0,4,0.0898,-3.291,1,0.0332,99,4,0.875,520
8,the bird and the bee,How Deep Is Your Love,62,0.919,0.3,204653,0.303,3.35e-06,8,0.0967,-12.089,1,0.0796,201,4,0.119,521
8,Billy Joel,Just the Way You Are,67,0.703,0.589,290573,0.453,2.54e-05,7,0.134,-8.912,1,0.0397,139,4,0.513,522
8,Annie Lennox,Why,62,0.28,0.531,293838,0.471,6.22e-05,0,0.133,-9.267,1,0.0236,91,4,0.119,523
8,Tom Odell,True Colours,62,0.942,0.518,143707,0.126,0.0,10,0.105,-12.102,1,0.0431,76,4,0.166,524
8,Eddie Money,Two Tickets to Paradise,67,0.0056,0.623,237093,0.68,0.000425,2,0.148,-13.255,1,0.0282,130,4,0.737,525
8,Hollow Coves,Coastline,71,0.63,0.67,233973,0.496,0.00316,2,0.0584,-11.23,1,0.0277,100,4,0.427,526
8,Hozier,Cherry Wine - Live,71,0.951,0.415,240147,0.11,0.00236,1,0.0962,-14.901,1,0.0388,82,4,0.234,527
8,Seafret,Oceans,68,0.274,0.404,216187,0.48,8.63e-06,9,0.132,-8.906,0,0.0303,129,3,0.2,528
8,Belle Mt,Hollow (Acoustic),63,0.822,0.499,236618,0.229,4.59e-06,11,0.0914,-9.642,1,0.0361,178,3,0.239,529
8,Judah & the Lion,pictures (feat. Kacey Musgraves),65,0.309,0.567,253869,0.542,0.000342,2,0.0734,-6.64,1,0.0309,125,4,0.229,530
8,S. Carey,Rose Petals,67,0.888,0.562,213667,0.282,0.00297,10,0.0812,-11.956,1,0.0302,128,4,0.172,531
8,Dustin Tebbutt,The Breach,67,0.617,0.629,253848,0.586,0.0803,1,0.129,-8.562,1,0.0269,103,5,0.526,532
8,Sara Bareilles,Tightrope,62,0.908,0.514,218320,0.266,0.0107,9,0.0838,-13.021,1,0.0331,97,4,0.0647,533
8,Caamp,Misty,63,0.715,0.597,224446,0.402,0.00297,10,0.111,-7.961,1,0.0272,95,4,0.241,534
8,Bob Dylan,Tangled up in Blue,63,0.414,0.421,341627,0.661,1.16e-06,9,0.0962,-13.126,1,0.0433,101,4,0.554,535
8,Matt Nathanson,Come On Get Higher,72,0.241,0.672,215173,0.623,0.0,9,0.0848,-5.699,1,0.0297,92,4,0.617,536
8,Bon Iver,Blood Bank,65,0.964,0.494,285160,0.372,0.0296,7,0.117,-11.89,1,0.0331,117,4,0.25,537
8,Bobby Vee,Take Good Care Of My Baby - 1990 Remastered,64,0.698,0.491,150867,0.431,0.0,1,0.124,-12.257,1,0.0609,82,4,0.661,538
8,Bon Iver,22 (OVER S∞∞N),62,0.972,0.298,168000,0.112,0.0823,1,0.0935,-15.765,1,0.0353,87,4,0.0972,539
8,Ray LaMontagne,Such A Simple Thing,72,0.86,0.522,296387,0.256,0.000825,10,0.142,-11.216,1,0.0258,76,4,0.13,540
8,Amber Run,5AM,63,0.244,0.357,257907,0.434,0.00654,0,0.0808,-11.521,1,0.0418,146,4,0.0907,541
8,Rosie Carney,K.,62,0.962,0.348,269000,0.226,0.00483,3,0.135,-10.918,1,0.0386,129,3,0.173,542
8,Styx,Babe,62,0.54,0.262,268733,0.223,0.0,2,0.0948,-13.604,1,0.035,172,4,0.081,543
8,Cream,Sunshine Of Your Love,72,0.475,0.684,250000,0.481,6.57e-05,2,0.118,-12.59,1,0.0384,115,4,0.784,544
8,Seafret,Atlantis,63,0.0529,0.4,229173,0.479,2.14e-06,8,0.115,-7.989,0,0.0308,166,4,0.213,545
8,The Doobie Brothers,China Grove,67,0.319,0.623,195307,0.91,0.000448,9,0.081,-8.448,1,0.0384,146,4,0.745,546
8,John Denver,"Take Me Home, Country Roads - Original Version",69,0.758,0.462,190160,0.395,0.0,9,0.121,-9.376,1,0.0264,82,4,0.625,547
8,Dermot Kennedy,Boston,63,0.19,0.533,273667,0.438,0.00145,4,0.383,-10.903,1,0.0392,116,4,0.107,548
8,Villagers,A Trick of the Light,62,0.513,0.563,248253,0.606,0.0391,11,0.132,-8.159,1,0.0267,150,4,0.425,549
8,Angus & Julia Stone,Stay With Me - Live From Spotify Berlin,72,0.848,0.615,174360,0.0987,0.0258,0,0.708,-22.378,1,0.0424,76,4,0.164,550
8,Julie Byrne,Follow My Voice,62,0.959,0.408,242387,0.0811,4.38e-05,2,0.133,-14.655,1,0.0402,111,5,0.177,551
8,Billie Marten,Mice,64,0.712,0.53,244267,0.2,1.07e-05,5,0.0859,-12.473,1,0.0468,61,4,0.357,552
8,Billie Marten,Cursive,63,0.935,0.494,240400,0.267,5.58e-05,0,0.128,-11.54,1,0.0308,115,3,0.166,553
8,Amber Run,I Found,72,0.862,0.389,273000,0.302,0.00567,7,0.104,-12.485,0,0.0438,125,4,0.234,554
8,Yusuf / Cat Stevens,Peace Train,66,0.132,0.615,251333,0.582,3.81e-05,0,0.119,-10.323,1,0.0402,83,4,0.789,555
8,John Lennon,Watching The Wheels,65,0.313,0.669,211573,0.511,0.0,0,0.135,-11.016,1,0.0291,83,4,0.398,556
8,Xavier Rudd,Follow the Sun,67,0.532,0.613,255493,0.391,2.63e-05,0,0.109,-10.749,1,0.0385,124,4,0.218,557
8,Darlingside,Hold Your Head Up High,66,0.539,0.375,217360,0.261,0.0178,9,0.116,-11.312,1,0.0288,132,4,0.139,558
8,Wild Child,Sinking Ship,65,0.95,0.37,247493,0.174,0.0029,4,0.11,-19.316,0,0.0377,93,4,0.181,559
8,Neil Diamond,Sweet Caroline,75,0.611,0.529,203573,0.127,0.000109,11,0.237,-16.066,1,0.0274,63,4,0.578,560
8,Yoke Lore,Beige,68,0.381,0.438,204209,0.677,0.0686,10,0.119,-7.535,1,0.135,168,4,0.214,561
8,Meadowlark,About You Now,62,0.893,0.579,227065,0.278,0.0,4,0.0929,-9.255,1,0.0325,127,4,0.286,562
8,Real Estate,Darling,65,0.00878,0.596,260387,0.894,0.00659,0,0.104,-5.407,1,0.0265,133,5,0.572,563
8,The Lumineers,Nobody Knows,64,0.759,0.634,188573,0.382,0.0021,9,0.101,-12.877,1,0.0363,82,4,0.2,564
8,Norah Jones,Sunrise,70,0.941,0.526,200627,0.299,0.097,8,0.106,-13.797,1,0.031,157,4,0.679,565
8,Annie Lennox,"No More ""I Love You's""",62,0.517,0.372,291333,0.57,2.57e-06,3,0.141,-7.305,1,0.0305,180,4,0.234,566
8,Scott Helman,Hang Ups,62,0.408,0.82,175806,0.692,0.0,3,0.0929,-6.164,1,0.11,105,4,0.739,567
8,The Lumineers,Ho Hey,70,0.794,0.685,163133,0.466,2.06e-06,0,0.0915,-9.074,1,0.0304,80,4,0.353,568
8,Billy Joel,She's Always a Woman,73,0.797,0.292,201373,0.324,0.000473,3,0.12,-11.996,1,0.0346,177,3,0.384,569
8,Steely Dan,Reelin' In The Years,70,0.133,0.523,277267,0.758,0.0,2,0.0952,-9.81,1,0.0403,135,4,0.766,570
8,Aquilo,Thin,66,0.511,0.604,178477,0.406,0.0051,0,0.121,-9.732,1,0.0569,97,4,0.203,571
8,Seafret,Wildfire,62,0.252,0.587,224800,0.58,0.00243,6,0.105,-7.867,1,0.0329,132,4,0.193,572
8,The Head and the Heart,Another Story,64,0.546,0.352,274200,0.45,0.127,5,0.283,-9.881,1,0.0293,87,4,0.114,573
8,Dermot Kennedy,Power Over Me,84,0.0519,0.42,206960,0.843,0.0,9,0.106,-4.231,0,0.121,174,3,0.491,574
8,Big Thief,Paul,62,0.199,0.483,183895,0.263,0.000306,11,0.109,-11.541,1,0.0401,123,4,0.166,575
8,Joan Osborne,One Of Us,66,0.0136,0.474,321400,0.502,1.31e-05,9,0.119,-7.988,1,0.0254,88,4,0.369,576
8,Quiet Arrows,Find a Way,62,0.924,0.698,167413,0.101,0.0215,8,0.095,-15.266,1,0.0427,120,4,0.254,577
8,Lisa Loeb & Nine Stories,Stay,64,0.463,0.682,183716,0.596,0.0,1,0.107,-6.941,1,0.05,80,4,0.393,578
8,First Aid Kit,Fireworks,63,0.597,0.502,254547,0.483,1.37e-06,8,0.108,-7.173,1,0.0247,93,3,0.243,579
8,First Aid Kit,My Silver Lining,65,0.026,0.477,215493,0.725,0.000133,2,0.214,-4.671,1,0.0337,102,4,0.427,580
8,The Paper Kites,On the Train Ride Home,63,0.805,0.611,227200,0.195,0.103,6,0.112,-18.629,1,0.0275,103,4,0.203,581
8,Tom Speight,Old Flame,63,0.59,0.609,215773,0.378,0.0,7,0.083,-9.584,1,0.031,75,4,0.399,582
8,Sleeping At Last,Turning Page,68,0.923,0.307,255893,0.371,0.0253,3,0.11,-8.498,1,0.0288,115,3,0.189,583
8,Yusuf / Cat Stevens,Father And Son,75,0.61,0.495,221000,0.343,9.45e-05,7,0.101,-11.549,1,0.0355,136,4,0.453,584
8,The Sweeplings,Across the Sea,68,0.814,0.511,203760,0.305,6.06e-06,0,0.0949,-11.62,1,0.0273,74,4,0.195,585
8,Paolo Nutini,New Shoes,68,0.47,0.748,203653,0.735,1.09e-05,8,0.0851,-8.692,1,0.0903,150,4,0.854,586
8,Yusuf / Cat Stevens,The Wind,66,0.93,0.764,102200,0.188,0.0237,2,0.134,-18.716,1,0.044,116,4,0.781,587
8,Beta Radio,Our Remains,66,0.867,0.329,244120,0.319,0.0399,1,0.114,-12.078,0,0.0335,198,4,0.29,588
8,Nathaniel Rateliff & The Night Sweats,You Worry Me,69,0.124,0.666,214160,0.646,0.286,2,0.095,-7.722,1,0.0268,100,4,0.664,589
8,Vampire Weekend,Unbelievers,66,0.142,0.644,202667,0.811,0.000629,11,0.169,-7.681,1,0.0499,155,4,0.831,590
8,Eagles,Take It Easy - 2013 Remaster,76,0.343,0.575,211578,0.67,4.95e-06,7,0.129,-10.39,1,0.0318,139,4,0.74,591
8,Sam Fender,Dead Boys,63,0.117,0.464,205045,0.839,8.63e-05,0,0.085,-3.558,1,0.0388,168,4,0.221,592
8,The Head and the Heart,Don't Dream It's Over,66,0.0824,0.433,219517,0.73,2.01e-06,8,0.105,-4.933,1,0.0315,84,4,0.346,593
8,Bon Iver,33 “GOD”,62,0.83,0.52,213000,0.389,0.0265,4,0.0937,-10.476,1,0.0403,133,4,0.326,594
8,Hollow Coves,The Woods - Acoustic,66,0.722,0.571,239960,0.558,0.000331,9,0.116,-8.553,1,0.0281,105,4,0.283,595
8,Billie Marten,La Lune,62,0.878,0.337,188427,0.338,0.000934,2,0.116,-12.073,1,0.0364,159,3,0.0958,596
8,Maisie Peters,Feels Like This,68,0.958,0.384,223347,0.165,0.0,2,0.101,-9.601,1,0.0446,68,4,0.333,597
8,Tom Petty,Free Fallin',73,0.219,0.63,256000,0.449,0.0,5,0.0622,-13.243,1,0.0252,84,4,0.623,598
8,Dusty Springfield,Son Of A Preacher Man,71,0.538,0.404,148053,0.43,0.0,4,0.0802,-12.327,1,0.224,180,4,0.641,599
8,The Beach Boys,Wouldn't It Be Nice - Remastered,68,0.536,0.429,145107,0.543,2.54e-05,5,0.125,-9.139,1,0.0347,123,4,0.693,600
8,Phoebe Bridgers,Motion Sickness (Demo - Bonus Track),62,0.954,0.353,264452,0.239,3.68e-05,1,0.131,-11.059,1,0.0296,95,4,0.159,601
8,Tom Walker,Now You're Gone (feat. Zara Larsson),74,0.629,0.644,212142,0.721,7.52e-05,9,0.146,-8.495,0,0.431,102,4,0.233,602
8,"10,000 Maniacs",Because The Night [MTV Unplugged Version],64,0.26,0.408,223373,0.79,0.00027,11,0.765,-8.138,0,0.103,123,4,0.347,603
8,Gin Wigmore,Kill Of The Night,67,0.0106,0.502,205320,0.726,0.000242,0,0.349,-5.702,1,0.0513,126,4,0.554,604
8,Electric Light Orchestra,Turn to Stone,63,0.0686,0.548,229093,0.72,0.000232,1,0.107,-9.777,0,0.0409,141,4,0.458,605
8,Bob Dylan,Hurricane,69,0.0409,0.509,512733,0.827,0.0,0,0.12,-7.715,1,0.079,136,4,0.743,606
8,Phillip Phillips,Home,66,0.023,0.607,210173,0.816,1.16e-05,0,0.136,-6.02,1,0.0306,121,4,0.355,607
8,The Staves,Jolene - Live,63,0.932,0.47,253000,0.112,0.0,11,0.113,-15.147,1,0.0377,125,4,0.183,608
8,Eric Carmen,Hungry Eyes,73,0.011,0.712,251067,0.549,0.0,5,0.118,-9.484,1,0.0254,110,4,0.552,609
8,Manfred Mann,Do Wah Diddy Diddy,65,0.262,0.661,143400,0.557,0.0,4,0.0557,-8.244,1,0.049,125,4,0.957,610
8,Dermot Kennedy,"Heartless - Recorded At RAK Studios, London",67,0.226,0.444,224148,0.535,0.0,9,0.212,-7.051,1,0.055,88,4,0.158,611
8,Vampire Weekend,A-Punk,68,0.0104,0.548,137760,0.816,0.0543,2,0.152,-4.478,1,0.0499,175,4,0.857,612
8,Vance Joy,I'm With You,65,0.805,0.657,239787,0.396,1.58e-06,7,0.103,-9.255,1,0.0293,110,3,0.115,613
8,Caamp,Vagabond,68,0.766,0.571,129464,0.399,0.0146,4,0.0926,-11.919,1,0.0364,142,4,0.611,614
8,Vance Joy,Mess Is Mine,71,0.047,0.595,223640,0.723,0.0286,7,0.0995,-8.256,1,0.0349,108,1,0.272,615
8,Shakey Graves,Tomorrow,69,0.73,0.564,240587,0.354,3.43e-06,7,0.208,-10.85,1,0.0334,98,3,0.423,616
8,Julien Baker,Souvenir,63,0.732,0.598,212467,0.3,0.502,6,0.0946,-11.044,0,0.0264,109,4,0.167,617
8,Sylvan Esso,Die Young,63,0.361,0.698,210613,0.555,0.00684,8,0.103,-6.436,1,0.0328,102,4,0.471,618
8,Joni Mitchell,California,64,0.905,0.464,230227,0.328,0.0,4,0.135,-9.005,1,0.0407,71,3,0.784,619
8,Matt Maeson,Hallucinogenics,66,0.472,0.608,185133,0.601,0.0,0,0.242,-8.44,1,0.0507,122,4,0.316,620
8,Lord Huron,When the Night is Over,66,0.0994,0.681,311227,0.419,0.15,6,0.123,-6.156,0,0.0258,96,3,0.59,621
8,Radical Face,"Welcome Home, Son",68,0.723,0.587,287634,0.497,0.782,6,0.142,-10.757,1,0.0307,145,3,0.401,622
8,Dermot Kennedy,Glory,66,0.0346,0.394,222173,0.606,1.05e-06,2,0.0804,-7.345,1,0.0648,77,4,0.197,623
8,Matt Maeson,Cringe - Stripped,69,0.896,0.539,219151,0.263,0.0,5,0.104,-11.149,1,0.0552,120,4,0.222,624
8,Hozier,Would That I,65,0.243,0.521,268293,0.526,0.00537,5,0.108,-6.032,1,0.0281,131,4,0.502,625
8,Kina Grannis,For Now,69,0.926,0.397,198404,0.249,0.0,5,0.115,-10.484,1,0.0394,80,4,0.329,626
8,Cold War Kids,First,68,0.0243,0.464,200360,0.713,6.24e-06,2,0.566,-4.046,1,0.0305,78,4,0.537,627
8,Declan J Donovan,Fallen so Young,67,0.852,0.552,232164,0.356,0.0,10,0.173,-7.608,1,0.027,110,4,0.196,628
8,Faces,Ooh La La - 2015 Remastered Version,69,0.428,0.603,214960,0.494,0.000171,2,0.0894,-10.27,1,0.0301,148,4,0.729,629
8,Shannon Lay,Recording 15,68,0.956,0.552,242000,0.126,0.0153,11,0.109,-18.014,1,0.0306,92,4,0.439,630
8,Unknown Mortal Orchestra,So Good At Being in Trouble,65,0.0363,0.829,230147,0.435,0.878,0,0.119,-10.136,1,0.0515,104,4,0.594,631
8,Bread,Everything I Own,69,0.735,0.365,187000,0.338,0.0,2,0.104,-13.406,1,0.0322,79,4,0.446,632
8,Sly & The Family Stone,Everyday People - Single Version,62,0.306,0.807,141507,0.497,0.0323,7,0.043,-10.656,1,0.0297,115,4,0.765,633
8,"Crosby, Stills & Nash",Southern Cross - Remastered,62,0.476,0.669,281000,0.446,3.04e-06,2,0.153,-11.125,1,0.0312,82,4,0.587,634
8,Hozier,Take Me to Church,76,0.634,0.566,241693,0.664,0.0,4,0.116,-5.303,0,0.0464,129,4,0.437,635
8,Harry Nilsson,Gotta Get Up - Remastered,66,0.116,0.431,143893,0.46,0.0,7,0.0982,-13.015,1,0.0381,176,4,0.913,636
8,Tom Petty and the Heartbreakers,Learning To Fly,69,0.206,0.651,242107,0.766,0.00103,0,0.362,-9.935,1,0.0299,117,4,0.949,637
8,Beach House,Space Song,67,0.218,0.509,320467,0.79,0.125,0,0.144,-7.105,0,0.0293,147,4,0.625,638
8,Fenne Lily,Top to Toe,63,0.908,0.569,216416,0.184,0.0,1,0.114,-12.842,1,0.0584,111,4,0.309,639
8,Simon & Garfunkel,America,64,0.554,0.259,215293,0.241,6.62e-06,2,0.0849,-15.955,1,0.042,178,3,0.275,640
8,Rosie Carney,Thousand (feat. Lisa Hannigan),68,0.943,0.676,206440,0.198,0.0132,1,0.104,-13.91,1,0.0333,118,4,0.125,641
8,Vance Joy,Take Your Time,63,0.4,0.638,217173,0.687,0.000114,7,0.166,-6.556,1,0.0351,115,4,0.323,642
8,Ray LaMontagne,Hold You in My Arms,63,0.15,0.505,306200,0.322,0.000106,7,0.147,-13.809,1,0.0315,170,3,0.581,643
8,Vance Joy,Lay It On Me,67,0.101,0.733,215493,0.663,6.98e-06,5,0.0694,-5.766,1,0.0322,128,4,0.53,644
8,Rainbow Kitten Surprise,First Class,64,0.581,0.554,343485,0.337,0.0,1,0.0871,-10.189,1,0.0351,90,4,0.216,645
8,Mandolin Orange,The Wolves,62,0.856,0.54,245653,0.341,0.052,2,0.129,-14.208,1,0.0386,157,4,0.351,646
8,Ben Howard,Nica Libres At Dusk,62,0.76,0.453,394320,0.426,0.392,9,0.0976,-12.793,1,0.031,148,4,0.356,647
8,Beirut,When I Die,63,0.0305,0.423,196009,0.612,0.923,5,0.291,-7.24,1,0.0342,113,4,0.575,648
8,Hozier,Sunlight,64,0.368,0.464,257347,0.559,0.000176,7,0.106,-4.209,0,0.0287,115,4,0.368,649
8,St. Vincent,Los Ageless,63,0.0698,0.527,281347,0.716,8.71e-05,5,0.0737,-6.029,0,0.0616,99,4,0.331,650
8,Ben Howard,Old Pine,72,0.45,0.401,328507,0.364,0.0503,5,0.162,-10.836,1,0.033,130,4,0.224,651
8,The Monkees,Daydream Believer,68,0.256,0.51,179613,0.488,0.0,7,0.11,-10.304,1,0.0304,126,4,0.649,652
8,Hozier,Like Real People Do,67,0.921,0.539,198027,0.179,0.393,7,0.106,-14.33,1,0.0309,140,3,0.145,653
8,The Ballroom Thieves,Only Lonely,62,0.898,0.412,217557,0.276,0.000372,7,0.0955,-11.711,1,0.0296,91,4,0.214,654
8,Unknown Mortal Orchestra,Multi-Love,64,0.571,0.784,250800,0.506,0.0,3,0.139,-5.243,0,0.0403,120,4,0.545,655
8,John Mellencamp,Small Town,63,0.152,0.661,221627,0.909,0.00274,11,0.383,-2.705,1,0.0338,123,4,0.681,656
8,James Taylor,You've Got a Friend,67,0.681,0.695,268707,0.282,0.0267,9,0.0767,-15.359,1,0.0295,92,4,0.445,657
8,The Beach Boys,Don't Worry Baby - Remastered 2001,63,0.0666,0.487,169933,0.464,0.00531,4,0.105,-9.821,1,0.03,121,4,0.851,658
8,Bobby Vinton,Sealed with a Kiss,63,0.708,0.431,168867,0.379,1.74e-05,5,0.181,-9.59,0,0.0262,86,4,0.665,659
8,Hozier,Be,64,0.00262,0.227,289067,0.798,2.95e-05,4,0.15,-3.901,0,0.0381,95,4,0.174,660
8,Ira Wolf,Sunscreen,62,0.884,0.582,178173,0.151,3.41e-05,7,0.0983,-13.845,0,0.0353,137,4,0.197,661
8,Juke Ross,Fresh Roses,70,0.65,0.763,201093,0.296,0.0,1,0.135,-10.611,0,0.0457,91,4,0.206,662
8,Bob Dylan,Blowin' In the Wind,69,0.914,0.38,165427,0.0993,2.32e-05,2,0.0605,-20.567,1,0.0509,175,4,0.44,663
8,Joe Walsh,Life's Been Good,68,0.25,0.505,536227,0.476,0.00915,2,0.113,-12.897,1,0.0711,99,4,0.542,664
8,The Strumbellas,Spirits,64,0.163,0.556,203653,0.658,0.0,0,0.113,-6.075,1,0.0265,81,4,0.787,665
8,Phillip Phillips,"Gone, Gone, Gone",68,0.129,0.662,209693,0.65,0.0,6,0.113,-5.981,1,0.0383,118,4,0.481,666
8,The Lumineers,Cleopatra,65,0.228,0.536,201413,0.775,0.000143,8,0.0947,-6.765,1,0.0394,151,4,0.485,667
8,Paul Simon,Me and Julio Down by the Schoolyard,71,0.237,0.626,164813,0.816,1.8e-06,9,0.104,-10.593,1,0.13,105,4,0.798,668
8,Traveling Wilburys,Handle With Care,64,0.109,0.676,199587,0.771,0.0,7,0.247,-5.981,1,0.0283,115,4,0.708,669
8,"Crosby, Stills & Nash",Suite: Judy Blue Eyes - Remastered,66,0.469,0.451,444053,0.364,0.0,9,0.197,-13.126,1,0.0436,154,4,0.298,670
8,Leonard Cohen,You Want It Darker,62,0.613,0.674,284373,0.327,0.199,4,0.0756,-16.986,0,0.0574,109,4,0.494,671
8,Eagles,"Hotel California - Live at the Los Angeles Forum, 10/20-22/76",69,0.0145,0.427,409520,0.665,0.00242,2,0.699,-8.515,1,0.0405,143,4,0.442,672
9,Thin Lizzy,The Boys Are Back In Town,73,0.234,0.445,266720,0.706,0.000252,8,0.205,-9.803,1,0.0461,81,4,0.768,673
9,Etta James,I'd Rather Go Blind,63,0.689,0.477,156653,0.433,0.000195,11,0.151,-6.473,0,0.0247,83,3,0.611,674
9,Santana,Smooth (feat. Rob Thomas),69,0.16,0.609,294987,0.923,4.73e-06,9,0.295,-3.908,1,0.0338,116,4,0.961,675
9,Lynyrd Skynyrd,Sweet Home Alabama,80,0.181,0.596,283800,0.605,0.000331,7,0.0863,-12.145,1,0.0255,98,4,0.886,676
9,Aretha Franklin,I Say a Little Prayer,72,0.48,0.59,216773,0.355,0.0,9,0.0585,-14.051,1,0.0352,133,4,0.499,677
9,George Thorogood & The Destroyers,Bad To The Bone,65,0.00614,0.459,292173,0.727,0.065,0,0.384,-11.777,1,0.0303,149,1,0.954,678
9,ZZ Top,Gimme All Your Lovin',65,0.00322,0.63,241080,0.788,0.0237,5,0.0883,-6.7,1,0.0298,120,4,0.63,679
9,Santana,Black Magic Woman,62,0.676,0.489,196467,0.349,0.0789,2,0.0866,-14.295,0,0.0323,124,4,0.622,680
9,The Marvelettes,Please Mr. Postman - Single Version,67,0.723,0.786,148040,0.783,0.0,2,0.195,-5.191,1,0.0314,121,4,0.968,681
9,ZZ Top,La Grange - 2005 Remaster,71,0.00249,0.545,230480,0.64,0.0304,4,0.196,-9.937,0,0.224,81,4,0.606,682
9,Alice Cooper,Poison,66,0.0327,0.28,270080,0.908,8.85e-06,2,0.18,-5.509,0,0.109,119,4,0.26,683
9,Ella Fitzgerald,Cheek To Cheek,62,0.706,0.663,354533,0.264,0.0,0,0.1,-14.571,1,0.0914,122,4,0.657,684
9,Greta Van Fleet,Highway Tune,68,0.0107,0.579,180640,0.957,0.158,4,0.263,-2.94,1,0.0521,124,4,0.515,685
9,Lynyrd Skynyrd,Simple Man,68,0.0465,0.43,356627,0.767,0.000112,6,0.142,-8.561,1,0.042,120,4,0.409,686
9,The Who,Who Are You,67,0.262,0.651,381627,0.648,0.0042,9,0.0655,-11.409,1,0.0501,156,4,0.49,687
9,Mungo Jerry,In the Summertime,66,0.724,0.754,211880,0.449,0.0,4,0.162,-14.013,1,0.0615,83,4,0.973,688
9,Lynyrd Skynyrd,Free Bird,69,0.0765,0.252,547107,0.844,0.00018,0,0.084,-8.121,1,0.0572,118,4,0.351,689
9,Cage The Elephant,Cigarette Daydreams,68,0.0801,0.635,208760,0.675,0.0,2,0.0831,-3.445,1,0.0263,114,4,0.273,690
9,Chuck Berry,Johnny B. Goode,70,0.741,0.534,161560,0.803,6.07e-05,10,0.307,-9.129,1,0.0743,168,4,0.969,691
9,Eric Clapton,Wonderful Tonight,69,0.649,0.572,225027,0.214,0.129,7,0.125,-15.625,1,0.0293,96,4,0.485,692
9,Greta Van Fleet,Black Smoke Rising,66,0.187,0.372,259893,0.911,0.000199,7,0.0883,-3.949,1,0.0694,200,4,0.536,693
9,Bobby Day,Rockin' Robin,62,0.298,0.541,160080,0.608,0.0,7,0.234,-13.083,1,0.106,172,4,0.938,694
9,Greta Van Fleet,Safari Song,65,0.176,0.373,234600,0.931,9.12e-06,2,0.319,-4.043,1,0.0506,176,4,0.74,695
11,Ghostemane,Nihil,66,0.161,0.665,147305,0.905,0.0669,7,0.907,-5.785,1,0.253,115,4,0.288,696
11,G-Eazy,Pray For Me,62,0.0614,0.77,207907,0.502,0.0,5,0.069,-9.604,0,0.13,128,4,0.305,697
11,Logic,Soul Food,62,0.0573,0.52,292933,0.869,0.0,1,0.332,-4.546,0,0.28,168,4,0.259,698
11,Alexis y Fido,5 Letras,65,0.217,0.815,196573,0.768,1.69e-06,6,0.0632,-6.276,0,0.171,94,4,0.667,699
11,A$AP Mob,RAF,68,0.523,0.848,255413,0.663,0.0,8,0.108,-5.606,0,0.245,134,4,0.333,700
11,Don Omar,Te Quiero Pa´Mi,68,0.125,0.758,211627,0.815,3.06e-05,1,0.181,-3.983,1,0.0598,89,4,0.624,701
11,Carnage,"WDYW (feat. Lil Uzi Vert, A$AP Ferg & Rich The Kid)",63,0.207,0.72,233000,0.816,0.0,5,0.813,-3.313,1,0.143,125,4,0.487,702
11,A$AP Mob,Frat Rules,62,0.181,0.635,218947,0.777,0.0,1,0.357,-6.018,1,0.231,128,4,0.177,703
11,Global Dan,Moving On,64,0.354,0.464,207700,0.545,3.28e-05,1,0.179,-7.684,1,0.24,100,5,0.401,704
11,Lil' Troy,Wanna Be A Baller,64,0.276,0.869,355067,0.649,0.0,10,0.209,-7.954,0,0.275,92,4,0.66,705
11,Lil Baby,Chastised,66,0.0912,0.778,123429,0.646,0.0,7,0.166,-4.657,1,0.0345,140,4,0.177,706
11,Lil Wayne,Perfect Strangers,63,0.4,0.746,249751,0.644,0.0,7,0.095,-2.605,1,0.232,146,4,0.542,707
11,Machine Gun Kelly,RAP DEVIL,73,0.217,0.895,286117,0.839,3e-06,0,0.239,-4.512,1,0.227,150,4,0.756,708
11,Drake,Jorja Interlude,64,0.755,0.719,107673,0.354,0.00969,11,0.349,-10.461,1,0.104,123,4,0.205,709
11,"Tyler, The Creator",Potato Salad,76,0.308,0.538,182493,0.612,0.0,2,0.213,-6.02,1,0.424,168,4,0.684,710
11,Lil Peep,Benz Truck (гелик),76,0.0498,0.602,159987,0.762,0.00819,2,0.121,-6.149,0,0.0347,92,4,0.112,711
11,ScHoolboy Q,THat Part,69,0.0855,0.927,313573,0.535,0.0,6,0.136,-7.59,0,0.0911,113,4,0.336,712
11,Kodak Black,Transgression,66,0.625,0.57,135441,0.639,0.0,7,0.121,-4.892,0,0.293,81,4,0.85,713
11,Future,Call the Coroner,69,0.146,0.853,131756,0.805,0.0515,11,0.204,-3.331,0,0.202,135,4,0.879,714
11,2Pac,All About U,67,0.065,0.859,276813,0.792,0.0,2,0.3,-4.007,1,0.141,103,4,0.766,715
11,Casa De Leones,Shorty,62,0.096,0.796,246080,0.866,0.00025,10,0.0561,-6.087,0,0.0595,95,4,0.877,716
11,Justin Quiles,Crecia,63,0.524,0.718,270000,0.702,2.99e-06,6,0.149,-6.079,0,0.137,120,4,0.525,717
11,mysticphonk,Haunt U,69,0.393,0.463,100260,0.632,0.0,7,0.127,-9.577,1,0.0525,164,4,0.0894,718
11,Playboi Carti,R.I.P.,69,0.0119,0.725,192027,0.723,0.0,8,0.086,-6.067,0,0.16,140,4,0.509,719
11,D12,Purple Pills,68,0.0192,0.777,304507,0.645,7.59e-06,1,0.34,-6.078,1,0.198,125,4,0.7,720
11,Jaden Smith,Plastic,67,0.201,0.759,136760,0.733,0.0,10,0.13,-7.015,0,0.165,145,4,0.411,721
11,Justin Stone,Cannot Stop Me,62,0.0648,0.72,235714,0.615,3.62e-05,2,0.176,-8.899,0,0.0542,112,4,0.293,722
11,Kontra K,Warnung,76,0.0453,0.718,194307,0.79,0.0,6,0.0739,-4.861,0,0.129,151,4,0.605,723
11,Shoreline Mafia,Break A Bitch Bacc - Bonus,63,0.0111,0.899,144453,0.682,0.0,10,0.0768,-4.738,0,0.236,98,4,0.234,724
11,Pouya,Superman Is Dead,63,0.163,0.902,196766,0.609,0.0,4,0.0636,-8.454,0,0.092,125,4,0.388,725
11,A$AP Rocky,1Train,63,0.351,0.489,372173,0.878,0.0,2,0.698,-3.36,1,0.368,81,4,0.775,726
11,NF,Outcast,65,0.16,0.789,325720,0.755,0.0,2,0.0565,-7.245,1,0.307,130,4,0.31,727
11,Gunna,Richard Millie Plain,74,0.356,0.744,200135,0.674,0.0,1,0.128,-7.518,0,0.0641,134,4,0.316,728
11,Mike Stud,Mirrors on the Ceiling,63,0.447,0.735,214805,0.334,1.37e-06,5,0.0956,-11.59,0,0.191,148,4,0.594,729
11,Meek Mill,Wit The Shits (W.T.S) [feat. Melii],70,0.00735,0.756,170539,0.814,0.0,0,0.143,-5.398,1,0.0416,147,4,0.709,730
11,Future,Selfish,68,0.0303,0.415,251423,0.369,7.64e-06,8,0.383,-10.044,1,0.0741,96,4,0.0913,731
11,Meek Mill,"That's My N**** (with Meek Mill, YG & Snoop Dogg)",74,0.11,0.723,199747,0.732,0.0,11,0.484,-5.514,1,0.0864,105,4,0.503,732
11,Beret,Lo siento,77,0.576,0.419,229939,0.407,0.0,11,0.138,-9.011,0,0.0446,80,4,0.309,733
11,Neha Kakkar,"Aankh Marey (From ""Simmba"")",63,0.289,0.796,212741,0.978,0.00254,5,0.346,-1.266,0,0.0955,130,4,0.8,734
11,Wu-Tang Clan,Bring Da Ruckus,63,0.234,0.794,251467,0.627,0.0,11,0.35,-9.431,1,0.36,88,4,0.518,735
11,Rob $tone,Chill Bill,79,0.0312,0.886,177184,0.427,0.00099,6,0.0906,-10.028,1,0.145,108,4,0.23,736
11,Nicky Jam,Satisfacción,67,0.282,0.622,256493,0.503,0.0,5,0.112,-6.724,0,0.201,136,4,0.314,737
11,21 Savage,monster,85,0.158,0.89,233040,0.607,0.000228,9,0.118,-6.916,0,0.124,134,4,0.224,738
11,Eminem,White America,69,0.0141,0.649,324569,0.613,0.0,1,0.169,-5.571,1,0.196,75,4,0.165,739
11,Eminem,In Your Head,66,0.00164,0.647,182640,0.778,0.0,1,0.389,-5.257,1,0.224,83,4,0.252,740
11,JID,Skrawberries (feat. BJ The Chicago Kid),63,0.0951,0.613,218892,0.77,0.0,6,0.076,-4.197,0,0.209,81,4,0.505,741
11,Kid Cudi,By Design,62,0.0599,0.756,257053,0.853,0.000562,9,0.115,-5.92,0,0.0525,100,4,0.419,742
11,XXXTENTACION,going down!,75,0.0216,0.873,115194,0.663,0.000356,1,0.0867,-4.086,1,0.15,135,4,0.525,743
11,Drake,Too Good,76,0.0662,0.82,263373,0.641,5.07e-05,4,0.102,-7.811,0,0.116,118,4,0.395,744
11,Mike Stud,Frio,64,0.294,0.738,178887,0.541,2.15e-05,11,0.126,-4.991,0,0.214,90,4,0.396,745
11,Roy Jones Jr.,Can't Be Touched (feat. Mr. Magic & Trouble),72,0.00323,0.642,214400,0.777,0.0,4,0.227,-4.809,0,0.094,97,4,0.413,746
11,Gyptian,Wine Slow,63,0.693,0.615,154671,0.557,0.0,8,0.16,-8.698,1,0.286,120,5,0.425,747
11,J. Cole,Fire Squad,70,0.279,0.516,288200,0.738,0.0,11,0.621,-7.21,1,0.415,175,4,0.595,748
11,Belly,Might Not,68,0.283,0.792,224213,0.563,0.0,1,0.128,-4.838,1,0.0793,134,4,0.288,749
11,Logic,One Day (feat. Ryan Tedder),63,0.118,0.529,199867,0.871,0.000164,10,0.115,-5.831,1,0.155,190,4,0.272,750
11,NF,My Life,68,0.273,0.707,215600,0.555,0.0,5,0.1,-7.981,1,0.0595,132,4,0.208,751
11,Mike WiLL Made-It,Amen (Pre Fight Prayer) (with Lil Wayne),63,0.287,0.647,121171,0.609,0.000282,9,0.837,-5.02,0,0.16,164,4,0.291,752
11,Rich The Kid,Too Gone (feat. Khalid),62,0.154,0.686,184905,0.694,0.0,6,0.193,-6.213,0,0.193,146,4,0.441,753
11,Lil Peep,Sex with My Ex,73,0.0472,0.497,213640,0.77,0.0,6,0.102,-4.298,1,0.0757,168,4,0.47,754
11,Drake,Company,63,0.0347,0.654,252640,0.555,0.0,7,0.17,-8.24,1,0.052,108,4,0.11,755
11,Eminem,Beautiful,72,0.266,0.724,392827,0.685,0.0,5,0.0771,-4.413,0,0.0768,132,4,0.524,756
11,Tyga,Sip A Lil (feat. Gucci Mane),68,0.118,0.792,278601,0.686,0.0,5,0.188,-5.599,1,0.0537,143,4,0.47,757
11,Cooliecut,Red Pills (Love in the Matrix),65,0.384,0.522,143622,0.553,0.0113,0,0.13,-8.088,1,0.043,125,4,0.084,758
11,Meek Mill,1942 Flows,62,0.0515,0.63,282667,0.628,0.0,2,0.091,-4.016,1,0.327,121,5,0.266,759
11,Hopsin,Ill Mind of Hopsin 5,65,0.514,0.737,289004,0.707,0.0,1,0.393,-11.113,1,0.448,98,4,0.561,760
11,XXXTENTACION,UP LIKE AN INSOMNIAC - Freestyle,65,0.076,0.978,151249,0.407,0.00509,7,0.0646,-7.379,1,0.387,120,4,0.415,761
11,A$AP Rocky,A$AP Forever,73,0.224,0.469,233061,0.78,0.0,10,0.13,-6.49,0,0.122,126,4,0.444,762
11,Gunna,Derek Fisher (feat. Lil Baby),73,0.293,0.759,189443,0.562,0.0,9,0.0979,-6.228,0,0.149,145,4,0.706,763
11,Lil Baby,All Of A Sudden,69,0.000142,0.759,169187,0.732,0.0016,1,0.0626,-5.546,1,0.118,140,4,0.379,764
11,Tee Grizzley,From The D To The A (feat. Lil Yachty),75,0.195,0.851,158684,0.625,0.0,10,0.266,-5.417,0,0.303,99,4,0.668,765
11,DMX,Where The Hood At,64,0.158,0.536,286267,0.946,0.0,5,0.368,-3.002,0,0.36,186,4,0.779,766
11,J Alvarez,La Pregunta,64,0.0688,0.739,269592,0.643,0.0,8,0.0789,-6.348,0,0.15,172,4,0.834,767
11,Jacquees,Come Thru,67,0.15,0.725,291500,0.552,0.0,11,0.214,-7.369,0,0.0475,112,4,0.582,768
11,Machine Gun Kelly,The Break Up,63,0.00254,0.771,200259,0.718,1.16e-06,9,0.105,-6.854,0,0.0834,130,4,0.232,769
11,Meek Mill,R.I.C.O. (feat. Drake),73,0.317,0.727,197133,0.599,0.0,1,0.219,-6.941,1,0.327,168,3,0.386,770
11,"Tyler, The Creator",I Ain't Got Time!,65,0.0539,0.549,206267,0.725,3.52e-05,1,0.148,-7.239,1,0.397,109,4,0.547,771
11,Offset,Wild Wild West (feat. Gunna),77,0.0841,0.902,236300,0.621,0.0,9,0.138,-5.315,1,0.199,114,4,0.497,772
11,Maxo Kream,Meet Again,64,0.34,0.799,320615,0.563,0.0,0,0.144,-8.648,1,0.132,150,4,0.606,773
11,Shy Glizzy,Do You Understand? (feat. Gunna & Tory Lanez),69,0.0583,0.878,279257,0.527,0.0,4,0.0976,-5.194,0,0.111,130,4,0.178,774
11,Wiz Khalifa,Hopeless Romantic (feat. Swae Lee),79,0.307,0.877,226743,0.477,0.0,9,0.0929,-7.379,0,0.0587,127,4,0.552,775
11,OutKast,Rosa Parks,65,0.104,0.792,324373,0.701,0.0,6,0.761,-7.198,0,0.283,104,4,0.251,776
11,JID,Workin Out,69,0.384,0.818,226859,0.57,0.000102,10,0.19,-8.067,0,0.285,127,4,0.561,777
11,$uicideBoy$,FUCKTHEPOPULATION,65,0.29,0.818,150187,0.576,0.0,0,0.105,-7.588,0,0.162,96,3,0.285,778
11,Logic,Lord Willin',63,0.123,0.648,208667,0.85,0.000347,6,0.0529,-4.248,0,0.0561,170,4,0.567,779
11,Joey Bada$$,DEVASTATED,73,0.0634,0.812,207059,0.628,0.0,10,0.254,-6.164,0,0.0682,123,4,0.485,780
11,G-Eazy,I Mean It,75,0.125,0.712,236480,0.562,0.0,10,0.136,-6.008,1,0.129,140,4,0.142,781
11,Comethazine,DEMAR DEROZAN,65,0.289,0.689,85714,0.777,0.0,8,0.104,-5.465,1,0.289,140,4,0.492,782
11,Aminé,Wedding Crashers,63,0.0261,0.852,229800,0.498,0.0,11,0.0421,-7.983,0,0.246,136,4,0.934,783
11,Drake,Is There More,69,0.727,0.698,226907,0.547,0.0,1,0.159,-7.607,1,0.315,84,4,0.548,784
11,OutKast,B.O.B.,62,0.0555,0.746,304227,0.978,4.02e-05,9,0.026,-5.324,1,0.0978,154,4,0.652,785
11,NF,Lost In The Moment,67,0.41,0.505,242680,0.628,0.0,0,0.167,-7.744,1,0.171,130,4,0.0398,786
11,Eminem,Bad Guy,64,0.064,0.612,434077,0.797,0.0,1,0.257,-3.648,1,0.448,81,4,0.358,787
11,MadeinTYO,Good Gas,63,0.355,0.895,212122,0.49,0.0,4,0.315,-6.441,0,0.113,125,4,0.374,788
11,Pusha T,If You Know You Know,69,0.0186,0.46,202120,0.697,0.0,6,0.362,-5.954,0,0.325,153,4,0.701,789
11,Kap G,Marvelous Day (feat. Lil Uzi Vert & Gunna),71,0.634,0.846,223921,0.651,0.0,7,0.125,-5.481,0,0.128,140,4,0.581,790
11,Drake,Congratulations,66,0.0185,0.333,332530,0.859,0.0,6,0.22,-2.286,1,0.148,87,5,0.125,791
11,Aventura,Su Veneno,62,0.401,0.764,240707,0.574,0.0,9,0.11,-9.475,0,0.042,124,4,0.931,792
11,Logic,Contra,67,0.102,0.805,217147,0.824,0.0,1,0.198,-5.844,1,0.0534,126,4,0.649,793
11,Noriel,Me Usaste,67,0.393,0.808,364733,0.536,0.0,6,0.0975,-5.855,0,0.228,132,4,0.599,794
11,Migos,MotorSport,82,0.0338,0.896,303077,0.515,0.0,2,0.317,-5.395,1,0.183,138,4,0.174,795
11,Eminem,Kings Never Die,66,0.0275,0.771,296133,0.896,0.0,4,0.204,-5.289,0,0.129,113,3,0.0593,796
11,Lil Yachty,COUNT ME IN,62,0.432,0.787,137356,0.639,0.0,1,0.142,-7.835,1,0.319,81,4,0.758,797
11,Khea,Screenshot,65,0.483,0.745,204509,0.713,0.0,1,0.339,-2.0,0,0.124,153,4,0.714,798
11,NF,Intro,62,0.78,0.646,199400,0.843,0.0,0,0.0882,-4.872,0,0.129,112,3,0.072,799
11,Lil Baby,My Dawg,66,0.0424,0.942,215423,0.559,0.0,10,0.0938,-6.406,0,0.0638,133,4,0.582,800
11,Mack 10,Foe Life,63,0.0816,0.917,253800,0.665,0.0,8,0.196,-6.053,1,0.0924,91,4,0.808,801
11,Kodak Black,Identity Theft,72,0.0416,0.938,127346,0.696,0.0,1,0.126,-5.837,1,0.384,98,4,0.756,802
11,bbno$,bad girl,62,0.14,0.716,141176,0.558,1.2e-05,8,0.0712,-9.013,1,0.392,170,4,0.661,803
11,Mike WiLL Made-It,The Mantra (with Pharrell & Kendrick Lamar),64,0.284,0.698,247688,0.707,0.0,9,0.177,-3.778,0,0.114,155,4,0.413,804
11,Lil Yachty,she ready,63,0.0572,0.825,185987,0.718,0.0,0,0.104,-3.482,1,0.0838,145,4,0.69,805
11,Jacquees,You,77,0.413,0.735,217387,0.453,0.0,8,0.104,-8.264,0,0.0602,115,4,0.335,806
11,Lil Pump,Racks on Racks,80,0.0311,0.822,129778,0.484,6.22e-06,1,0.31,-7.166,1,0.0865,150,4,0.0934,807
11,Ski Mask The Slump God,He Diddy!,72,0.581,0.885,74344,0.408,1.23e-05,8,0.117,-12.923,1,0.116,130,4,0.263,808
11,Lil Yachty,Minnesota,62,0.093,0.808,268115,0.647,0.0,2,0.117,-4.973,1,0.0843,130,4,0.278,809
11,Ty Dolla $ign,Love U Better (feat. Lil Wayne & The-Dream),71,0.0802,0.645,181880,0.541,0.0,10,0.325,-6.312,0,0.0385,95,4,0.411,810
11,Lil Peep,Girls,68,0.56,0.644,240440,0.697,0.0,0,0.111,-6.069,0,0.0542,120,4,0.244,811
11,Migos,Cocoon,63,0.191,0.58,297800,0.824,0.0,7,0.0879,-3.695,1,0.255,120,4,0.364,812
11,XXXTENTACION,Guardian angel,77,0.795,0.712,108035,0.374,0.0,0,0.187,-10.215,0,0.511,134,4,0.779,813
11,Aminé,REEL IT IN,83,0.073,0.754,121347,0.342,0.0,10,0.193,-8.677,0,0.0991,129,4,0.423,814
11,Rick Ross,Aston Martin Music,67,0.0125,0.57,270627,0.58,0.0,10,0.0497,-5.547,0,0.209,172,4,0.405,815
11,Future,Where Ya At,68,0.0933,0.813,208027,0.453,0.0,1,0.14,-6.941,1,0.338,162,4,0.191,816
11,The Notorious B.I.G.,Hypnotize - 2014 Remastered Version,77,0.145,0.901,229827,0.697,0.0,9,0.287,-3.439,1,0.28,94,4,0.67,817
11,Trebol Clan,Agarrala,65,0.172,0.744,157701,0.921,4.86e-06,9,0.146,-4.521,0,0.0889,93,4,0.718,818
11,Aleman,Tantas Veces,67,0.463,0.789,273485,0.719,0.0,7,0.308,-6.099,1,0.373,81,4,0.664,819
11,Wifisfuneral,Juveniles (feat. YBN Nahmir),62,0.0562,0.625,161698,0.479,0.0,1,0.0715,-8.768,1,0.272,98,4,0.555,820
11,NF,Green Lights,67,0.139,0.725,181867,0.659,0.0,9,0.106,-4.537,1,0.246,160,4,0.56,821
11,Dr. Dre,What's The Difference,66,0.238,0.792,244200,0.825,0.0,11,0.186,-0.362,0,0.23,92,4,0.696,822
11,Gunna,Speed It Up,80,0.0394,0.912,179022,0.587,0.01,7,0.111,-7.395,1,0.0582,143,4,0.435,823
11,A$AP Ferg,New Level,64,0.0566,0.526,267212,0.655,0.0,1,0.116,-4.208,0,0.326,121,4,0.156,824
11,NF,Real,67,0.245,0.71,263040,0.862,0.0,1,0.214,-6.086,1,0.187,135,4,0.165,825
11,Ghostemane,Venom,67,0.0332,0.909,134271,0.573,0.0163,5,0.657,-6.856,1,0.181,145,4,0.392,826
11,Juicy J,Bandz A Make Her Dance,65,0.00212,0.871,278827,0.743,0.0,2,0.141,-5.442,1,0.277,131,4,0.576,827
11,Denzel Curry,Ultimate,69,0.095,0.493,189974,0.826,3.42e-06,9,0.252,-3.106,1,0.311,113,4,0.75,828
11,Playboi Carti,Old Money,62,0.0271,0.716,135547,0.618,0.0,2,0.342,-10.227,1,0.338,163,4,0.584,829
11,Drake,Come Thru,62,0.159,0.558,236360,0.468,0.0,3,0.586,-5.812,1,0.173,82,4,0.405,830
11,Moneybagg Yo,Pleading The Fifth (feat. Quavo),62,0.372,0.601,193734,0.621,0.0,8,0.126,-6.821,0,0.265,160,4,0.622,831
11,Migos,Handsome And Wealthy,62,0.00348,0.858,210557,0.665,0.0,2,0.094,-2.907,1,0.101,146,4,0.237,832
11,Drake,Get It Together,69,0.0896,0.78,250337,0.729,0.422,5,0.104,-9.138,0,0.0493,123,4,0.844,833
11,KYLE,Hey Julie! (feat. Lil Yachty),71,0.0446,0.801,156443,0.505,9.52e-06,11,0.122,-5.829,1,0.293,161,4,0.757,834
11,2Pac,Ambitionz Az A Ridah,79,0.00253,0.801,278387,0.908,0.000655,2,0.0698,-6.554,1,0.221,87,4,0.805,835
11,Danny Ocean,Dembow,79,0.0807,0.802,215083,0.744,0.0,6,0.0917,-5.968,1,0.078,100,4,0.45,836
11,Kevin Roldan,PPP,85,0.363,0.786,129040,0.65,8.17e-05,4,0.122,-6.839,1,0.109,93,4,0.712,837
11,Wiz Khalifa,Penthouse (feat. Snoop Dogg),64,0.145,0.878,200438,0.723,0.0,10,0.708,-6.66,0,0.0598,119,4,0.534,838
11,Chamillionaire,Ridin',71,0.181,0.788,302000,0.808,0.0,8,0.517,-4.77,0,0.101,143,4,0.844,839
11,Eminem,So Bad,62,0.304,0.773,325347,0.811,0.0,1,0.174,0.496,1,0.0882,81,4,0.774,840
11,Comethazine,DeMar DeRozan,66,0.289,0.689,85714,0.777,0.0,8,0.104,-5.465,1,0.289,140,4,0.492,841
11,Lil Pump,Designer,66,0.205,0.864,144560,0.484,0.0,6,0.248,-9.159,0,0.344,160,4,0.534,842
11,Lil Peep,Honestly,62,7.26e-05,0.544,128680,0.771,8.47e-06,9,0.101,-6.411,1,0.0469,158,4,0.357,843
11,Rich The Kid,Lost It (feat. Quavo & Offset),74,0.00905,0.827,272153,0.642,1.5e-06,1,0.0865,-4.29,0,0.242,145,4,0.181,844
11,N.W.A.,Chin Check,63,0.0831,0.906,221373,0.775,2.74e-05,2,0.15,-5.775,1,0.268,100,4,0.838,845
11,Mac Miller,Hurt Feelings,76,0.343,0.69,245640,0.462,0.00218,8,0.113,-8.054,1,0.13,158,4,0.325,846
11,Kevin Gates,Therapy Shit 4,62,0.252,0.793,248163,0.627,0.0,8,0.126,-4.862,0,0.322,148,4,0.598,847
11,Mac Miller,Perfecto,69,0.748,0.599,215413,0.317,0.0,1,0.111,-11.212,1,0.174,148,4,0.203,848
11,Russ,Serious,70,0.132,0.69,188947,0.635,0.0,1,0.362,-7.624,1,0.34,144,4,0.569,849
11,Cartel De Santa,Si Te Vienen a Contar,72,0.342,0.734,219573,0.663,0.0,10,0.649,-6.279,1,0.309,167,4,0.845,850
11,Pusha T,Come Back Baby,63,0.0487,0.874,206707,0.485,0.0,0,0.299,-3.026,1,0.171,92,4,0.322,851
11,Drake,Final Fantasy,70,0.422,0.5,219960,0.448,8.03e-06,0,0.115,-10.977,1,0.442,144,1,0.104,852
11,Lil Wayne,She Will,64,0.000402,0.364,305840,0.841,0.0,8,0.242,-4.831,1,0.119,100,5,0.0837,853
11,Nicky Jam,Piensas en Mí,66,0.14,0.802,255974,0.766,0.0,9,0.329,-6.045,0,0.264,176,4,0.955,854
11,Future,Krazy but True,67,0.0545,0.738,185117,0.499,0.0,5,0.14,-7.456,1,0.428,73,4,0.314,855
11,Drake,Marvins Room,75,0.646,0.492,347227,0.26,0.00178,9,0.0705,-17.341,0,0.0921,112,5,0.312,856
11,Gunna,Baby Birkin,73,0.232,0.848,181948,0.649,0.0,2,0.101,-6.083,1,0.315,118,4,0.629,857
11,KYLE,Moment (feat. Wiz Khalifa),66,0.0468,0.708,188497,0.666,0.0,11,0.118,-6.438,1,0.0956,144,4,0.326,858
11,Baby Rasta & Gringo,Me Niegas,64,0.0226,0.679,201947,0.713,0.17,8,0.239,-6.625,1,0.0499,174,4,0.882,859
11,Gucci Mane,Off the Boat,63,0.0764,0.865,225584,0.557,0.0,3,0.0952,-6.295,0,0.0827,128,4,0.64,860
11,Nas,Adam and Eve,63,0.0453,0.624,250760,0.803,0.0,9,0.318,-5.107,0,0.218,92,4,0.172,861
11,A$AP Rocky,Canal St.,68,0.308,0.696,227427,0.583,0.0,3,0.0964,-9.351,0,0.301,137,4,0.524,862
11,Bass Santana,Jahseh on my Wrist,63,0.13,0.826,217056,0.732,0.0,7,0.183,-7.176,1,0.341,144,4,0.648,863
11,Chance the Rapper,"Finish Line / Drown (feat. T-Pain, Kirk Franklin, Eryn Allen Kane & Noname)",62,0.617,0.456,406983,0.609,0.0,7,0.0724,-6.439,0,0.377,86,4,0.41,864
11,Lil Baby,First Class,63,0.00503,0.832,201085,0.291,0.0,5,0.0796,-9.272,0,0.31,134,4,0.289,865
11,Future,Baptiize,66,0.108,0.648,218479,0.581,0.0,8,0.496,-6.958,1,0.315,154,4,0.235,866
11,Lil Peep,Beamer Boy,76,0.0509,0.743,203373,0.732,1.77e-05,8,0.227,-4.511,1,0.104,124,4,0.339,867
11,G-Eazy,Drifting,64,0.00199,0.523,273253,0.757,0.0,6,0.3,-6.772,0,0.138,135,4,0.375,868
11,Lil Yachty,Forever Young,63,0.548,0.685,177720,0.615,5.06e-06,6,0.169,-7.983,1,0.0387,138,4,0.717,869
11,Gucci Mane,Both (feat. Drake),75,0.119,0.85,190312,0.405,0.000118,7,0.0707,-7.509,0,0.225,140,4,0.344,870
11,Rae Sremmurd,This Could Be Us,72,0.275,0.718,206307,0.692,0.0,5,0.118,-5.06,0,0.148,143,4,0.721,871
11,KRS-One,Sound of da Police,64,0.124,0.794,258507,0.95,7.71e-05,1,0.133,-8.78,1,0.294,95,4,0.324,872
11,XXXTENTACION,Everybody Dies In Their Nightmares,86,0.847,0.734,95467,0.57,2.14e-05,7,0.112,-7.066,0,0.133,130,4,0.689,873
11,Bryson Tiller,Self-Made,63,0.00304,0.932,167853,0.702,1.87e-05,7,0.267,-3.459,0,0.0903,143,4,0.53,874
11,Logic,Young Jesus,63,0.0889,0.736,211573,0.903,0.0,10,0.129,-3.235,0,0.127,95,4,0.457,875
11,J. Cole,Motiv8,74,0.135,0.869,133922,0.385,0.0,4,0.0931,-7.801,1,0.297,150,4,0.596,876
11,Offset,Clout (feat. Cardi B),77,0.228,0.919,205803,0.622,4.24e-06,1,0.122,-7.384,1,0.0997,140,4,0.424,877
11,Lil Pump,Be Like Me (feat. Lil Wayne),81,0.00335,0.948,240000,0.396,0.0,5,0.192,-8.08,0,0.173,104,4,0.593,878
11,A$AP Rocky,Sundress,77,0.176,0.721,158206,0.704,3.71e-06,6,0.143,-6.364,1,0.0606,125,4,0.735,879
11,Warren G,Regulate,74,0.29,0.845,248867,0.51,2.39e-06,11,0.114,-13.064,0,0.224,95,4,0.74,880
11,Rich The Kid,Dead Friends,62,0.0138,0.656,171287,0.457,0.0,9,0.104,-7.328,1,0.374,180,4,0.111,881
11,Russ,Ride Slow,72,0.632,0.737,185400,0.429,0.0,4,0.104,-10.252,0,0.0785,100,4,0.147,882
11,A$AP Rocky,Changes,63,0.47,0.478,314653,0.326,0.000218,3,0.323,-10.992,1,0.0693,137,4,0.34,883
11,Russ,Cherry Hill,68,0.161,0.681,222453,0.469,0.403,2,0.108,-10.803,0,0.0366,130,4,0.0373,884
11,Russ,Begging You,66,0.282,0.847,252267,0.55,0.000266,10,0.113,-9.285,1,0.3,88,4,0.529,885
11,Wu-Tang Clan,C.R.E.A.M.,74,0.57,0.479,252187,0.549,0.0239,11,0.127,-10.551,0,0.373,181,4,0.576,886
11,Jhay Cortez,Somos Iguales,66,0.156,0.781,234760,0.72,0.0,11,0.11,-4.267,1,0.0535,91,4,0.634,887
11,Mike WiLL Made-It,"Perfect Pint (feat. Kendrick Lamar, Gucci Mane & Rae Sremmurd)",66,0.172,0.741,240926,0.562,0.0,4,0.0751,-5.474,0,0.165,180,4,0.292,888
11,A$AP Rocky,"F**kin' Problems (feat. Drake, 2 Chainz & Kendrick Lamar)",76,0.024,0.852,233787,0.693,0.0,1,0.11,-6.87,1,0.274,96,4,0.66,889
11,Nas,N.Y. State of Mind,66,0.0394,0.665,293973,0.91,0.0,6,0.227,-4.682,0,0.223,84,4,0.887,890
11,ScHoolboy Q,Hell Of A Night,63,0.377,0.652,272453,0.836,0.0,2,0.138,-7.179,0,0.153,124,4,0.162,891
11,Nigga,Te Quiero,62,0.00533,0.609,198947,0.743,0.0,1,0.32,-5.603,1,0.032,84,4,0.493,892
11,Drake,8 Out Of 10,70,0.161,0.529,195720,0.69,0.0,2,0.498,-7.87,1,0.74,171,4,0.311,893
11,Tech N9ne,Caribou Lou,63,0.127,0.784,271813,0.815,0.0,1,0.0758,-2.703,1,0.298,178,4,0.559,894
11,$uicideBoy$,Paris,76,0.0725,0.849,111020,0.648,0.00592,7,0.0984,-6.188,1,0.0832,106,4,0.196,895
11,Bankroll Fresh,Walked In,66,0.0361,0.969,198095,0.491,0.0,2,0.118,-9.859,1,0.233,126,4,0.768,896
11,J. Cole,Deja Vu,74,0.361,0.653,264747,0.409,0.00012,9,0.189,-11.446,1,0.421,174,4,0.187,897
11,BROCKHAMPTON,NEW ORLEANS,66,0.232,0.639,243280,0.815,0.0,11,0.299,-4.962,0,0.252,160,4,0.4,898
11,BROCKHAMPTON,HOTTIE,62,0.163,0.856,197148,0.712,0.0312,1,0.123,-6.355,0,0.0621,129,4,0.774,899
11,Mike WiLL Made-It,Nothing Is Promised (with Rihanna),65,0.0108,0.735,170752,0.494,1.05e-06,8,0.108,-7.607,0,0.115,135,4,0.143,900
11,Eminem,Killshot,82,0.0989,0.892,253580,0.651,0.0,0,0.371,-8.645,0,0.378,106,4,0.599,901
11,Canserbero,Es Épico,69,0.448,0.665,361979,0.816,0.0,0,0.297,-6.753,1,0.266,93,4,0.745,902
11,Traviezoz de la Zierra,Mi Pasado y Mi Presente,66,0.494,0.796,220080,0.555,0.0,7,0.317,-7.295,0,0.0583,115,4,0.889,903
11,Eazy-E,Real Muthaphuckkin' G's,71,0.0164,0.724,332733,0.853,0.0,11,0.65,-3.895,0,0.283,171,4,0.775,904
11,Mac Miller,Nike's on My Feet,65,0.537,0.823,164411,0.438,0.0,9,0.105,-8.728,0,0.279,92,4,0.59,905
11,Wisin & Yandel,Dame Algo,73,0.176,0.829,237907,0.723,0.0,8,0.0877,-3.743,0,0.105,93,4,0.721,906
11,Tay-K,M.... She Wrote,66,0.28,0.777,112000,0.707,0.0,9,0.0749,-4.85,0,0.286,160,4,0.614,907
11,Migos,Walk It Talk It,84,0.0739,0.909,276147,0.628,0.0,2,0.108,-5.456,1,0.201,146,4,0.406,908
11,Mac Miller,Knock Knock,67,0.0353,0.667,202807,0.922,0.0,4,0.364,-4.857,0,0.128,109,4,0.509,909
11,Aleman,Reyes del Trapicheo,65,0.304,0.852,173155,0.419,4.17e-06,1,0.0843,-5.914,1,0.38,150,4,0.427,910
11,"Tyler, The Creator",Pothole,64,0.51,0.543,237000,0.572,7.23e-06,11,0.28,-8.974,1,0.338,89,4,0.569,911
11,Lil' Flip,Sunshine - Explicit Album Version,62,0.0248,0.814,225173,0.387,0.0,0,0.131,-9.867,1,0.0945,94,4,0.792,912
11,Mike WiLL Made-It,Aries (YuGo) Part 2 (with Rae Sremmurd & Big Sean feat. Quavo & Pharrell),72,0.128,0.871,273087,0.552,0.0,4,0.272,-4.953,0,0.0509,142,4,0.27,913
11,LunchMoney Lewis,Bills,62,0.274,0.699,204600,0.747,0.0,5,0.486,-3.453,1,0.0964,126,4,0.683,914
11,Lil Wayne,"Scared of the Dark (Remix) [with Ty Dolla $ign and Ozuna, feat. XXXTENTACION] - Remix",64,0.0444,0.346,305040,0.652,0.0,0,0.219,-5.425,0,0.112,80,4,0.191,915
11,G-Eazy,Calm Down,69,0.000175,0.537,127427,0.624,2.2e-06,11,0.116,-8.794,1,0.325,102,4,0.409,916
11,MC Davo,Desde Cero (feat. Santa Fe Klan),68,0.0537,0.859,193421,0.698,0.0,10,0.0278,-5.001,0,0.13,76,4,0.91,917
11,$uicideBoy$,Gloss Of Blood,62,0.262,0.685,104211,0.416,0.0348,0,0.395,-8.008,0,0.0812,120,4,0.107,918
11,Wisin & Yandel,Pam Pam,71,0.119,0.879,227280,0.689,0.0,10,0.249,-6.43,1,0.108,95,4,0.736,919
11,Lil Pump,ION (feat. Smokepurpp),72,0.00837,0.899,141538,0.593,0.0,1,0.213,-7.143,1,0.294,156,4,0.904,920
11,Playboi Carti,New Choppa,67,0.174,0.772,126043,0.605,0.0,0,0.329,-4.223,0,0.0579,128,4,0.425,921
11,OutKast,Roses,72,0.0481,0.751,369573,0.708,1.83e-05,0,0.107,-5.645,1,0.0545,109,4,0.509,922
11,Drake,Back To Back,72,0.00898,0.635,170638,0.472,0.0,8,0.117,-3.869,0,0.511,174,4,0.373,923
11,A$AP Rocky,L$D,76,0.193,0.598,238307,0.252,0.138,2,0.0992,-15.086,1,0.0647,120,4,0.0352,924
11,Cazzu,C14TORCE II,67,0.337,0.737,196364,0.432,1.39e-06,1,0.093,-6.473,0,0.0336,110,4,0.19,925
11,Skizzy Mars,Girl On A Train,64,0.219,0.711,182548,0.678,0.0,9,0.176,-6.398,1,0.0476,94,4,0.615,926
11,Reykon,Domingo (feat. Cosculluela),79,0.124,0.816,222483,0.733,0.0,0,0.0812,-6.587,1,0.0448,93,4,0.571,927
11,Alexis y Fido,Reggaeton Ton,64,0.296,0.859,156747,0.846,0.0,7,0.154,-3.415,0,0.205,92,4,0.739,928
11,Travis Porter,Ayy Ladies,63,0.096,0.905,211293,0.782,0.0,10,0.0623,-3.604,0,0.164,96,4,0.798,929
11,Darell,Si Tu Quieres,62,0.454,0.819,284182,0.471,0.000922,6,0.173,-9.288,0,0.0753,110,4,0.554,930
11,Eminem,Survival,70,0.0038,0.459,272417,0.899,0.0,2,0.126,-2.978,1,0.21,176,4,0.437,931
11,Shordie Shordie,Bitchuary,63,0.0627,0.745,132223,0.344,0.0,1,0.125,-14.002,1,0.103,93,4,0.322,932
11,Comethazine,WINE & DINE,63,0.114,0.786,105243,0.925,0.0,1,0.142,-5.17,1,0.379,141,4,0.434,933
11,Ski Mask The Slump God,Unbothered,73,0.222,0.884,138427,0.445,0.0,1,0.112,-10.58,0,0.418,125,4,0.851,934
11,De La Ghetto,Sensacion Del Bloque,67,0.0977,0.709,182187,0.726,0.0,7,0.301,-7.129,1,0.0411,92,4,0.404,935
11,Fetty Wap,My Way (feat. Monty),68,0.00419,0.748,213053,0.741,0.0,6,0.147,-3.103,1,0.0531,128,4,0.537,936
11,Mike WiLL Made-It,"Gucci On My (feat. 21 Savage, YG & Migos)",64,0.173,0.934,274847,0.359,8.11e-06,1,0.152,-5.133,1,0.23,140,4,0.0886,937
11,21 Savage,Numb,70,0.0438,0.839,271307,0.437,2.75e-06,5,0.131,-11.344,0,0.285,82,4,0.464,938
11,Russ,Tell Me Why,63,0.0984,0.611,142013,0.449,0.0,2,0.226,-8.938,0,0.294,166,4,0.224,939
11,YG,BULLETPROOF (feat. Jay 305),66,0.137,0.776,153707,0.515,0.0,10,0.321,-7.415,0,0.411,162,3,0.448,940
11,Paris,Po'ed Up (feat. Gunna),70,0.0258,0.753,163907,0.78,0.0,9,0.0694,-5.835,1,0.0826,164,4,0.534,941
11,Logic,Ballin,70,0.0475,0.737,166080,0.854,0.0,3,0.0905,-6.414,0,0.221,151,4,0.65,942
11,Playboi Carti,Let It Go,63,0.0036,0.685,150410,0.53,0.0,11,0.573,-5.298,1,0.286,157,4,0.55,943
11,6 Dogs,Buttcheeks,64,0.163,0.713,187681,0.366,0.00022,11,0.107,-13.424,1,0.251,146,4,0.415,944
11,21 Savage,Ghostface Killers,76,0.331,0.782,268933,0.436,1.3e-05,2,0.342,-7.033,1,0.155,83,4,0.243,945
11,Ramz,Barking,80,0.185,0.45,202827,0.465,0.0,7,0.0782,-7.867,0,0.268,70,3,0.788,946
11,KIDS SEE GHOSTS,4th Dimension,72,0.278,0.765,153351,0.542,1.87e-05,1,0.609,-6.755,1,0.39,172,4,0.734,947
11,SZA,Love Galore (feat. Travis Scott),80,0.111,0.795,275080,0.594,0.0,0,0.162,-6.2,1,0.0747,135,4,0.409,948
11,Eminem,Fall,79,0.227,0.83,262494,0.546,0.0,1,0.112,-5.716,1,0.295,183,4,0.535,949
11,Wiz Khalifa,On My Level (feat. Too $hort),65,0.146,0.72,272160,0.514,0.00713,1,0.107,-7.108,1,0.132,143,4,0.212,950
11,Ugly God,Water,64,0.66,0.8,139674,0.297,0.000111,0,0.105,-13.1,0,0.407,140,4,0.213,951
11,Drake,Bria's Interlude (feat. Omarion),66,0.209,0.49,139575,0.507,0.00104,2,0.119,-6.205,0,0.0849,147,3,0.237,952
11,Nicky Jam,Travesuras,70,0.139,0.77,195453,0.79,0.0,10,0.0829,-5.453,0,0.0814,94,4,0.872,953
11,Playboi Carti,Love Hurts (feat. Travis Scott),71,0.0315,0.724,180560,0.45,1.36e-05,4,0.111,-5.763,0,0.0496,141,4,0.464,954
11,NAV,Faith (feat. Quavo),63,0.758,0.527,199973,0.61,0.0,1,0.0882,-6.903,0,0.107,157,4,0.549,955
11,Drake,Legend,72,0.024,0.715,241853,0.561,0.0,1,0.0769,-7.605,1,0.0721,100,4,0.297,956
11,Paulo Londra,Condenado Para El Millón,72,0.00621,0.54,224170,0.724,0.0,4,0.381,-5.276,0,0.28,150,4,0.184,957
11,"Tyler, The Creator",OKRA,69,0.0456,0.589,151027,0.57,1.51e-06,1,0.137,-9.54,1,0.361,136,4,0.441,958
11,Lil Wayne,Mona Lisa (feat. Kendrick Lamar),78,0.371,0.855,324189,0.694,0.0,2,0.109,-4.393,1,0.169,122,4,0.49,959
11,Tay-K,The Race - Remix,65,0.00619,0.75,211875,0.548,0.0,9,0.156,-6.288,1,0.358,160,4,0.377,960
11,Frank Ocean,Godspeed,65,0.931,0.421,177922,0.0952,0.000201,6,0.126,-12.561,1,0.0479,110,4,0.0773,961
11,"quickly, quickly",Swingtheory,66,0.582,0.484,228571,0.576,0.0301,1,0.306,-8.431,0,0.663,78,1,0.317,962
11,Snoop Dogg,Beautiful,65,0.299,0.893,299147,0.74,0.0,11,0.0881,-4.936,0,0.132,101,4,0.963,963
11,Ninho,Goutte d’eau,82,0.678,0.663,157076,0.685,0.0,5,0.122,-6.163,0,0.163,138,4,0.312,964
11,21 Savage,pad lock,68,0.0187,0.96,191360,0.55,0.0,5,0.112,-8.012,0,0.197,130,4,0.798,965
11,Yella Beezy,"That's On Me (Remix) (feat. 2 Chainz, T.I., Rich The Kid, Jeezy, Boosie Badazz & Trapboy Freddy)",66,0.0193,0.827,352977,0.623,0.0,4,0.0589,-6.199,0,0.35,132,4,0.357,966
11,XXXTENTACION,Hope,83,0.661,0.592,110886,0.457,0.000331,9,0.146,-6.081,0,0.0603,146,4,0.225,967
11,Logic,Everyday,84,0.041,0.67,204747,0.752,0.0,1,0.0749,-4.146,1,0.0374,150,4,0.442,968
11,Quality Control,Movin’ Up,72,0.197,0.938,167298,0.377,3.05e-05,0,0.178,-6.253,1,0.127,109,4,0.598,969
11,21 Savage,Bank Account,84,0.0151,0.884,220307,0.346,7.04e-06,8,0.0871,-8.228,0,0.351,75,4,0.376,970
11,Drake,Over My Dead Body,63,0.759,0.489,272573,0.57,2.1e-06,1,0.179,-10.291,1,0.306,186,4,0.584,971
11,Yung Pinch,When I Was Yung,63,0.172,0.838,223385,0.564,0.000249,1,0.0615,-12.498,0,0.0677,130,4,0.836,972
11,Gucci Mane,Kept Back (feat. Lil Pump) - Bonus Track,70,0.0713,0.907,177652,0.637,0.0,10,0.0816,-5.498,1,0.117,130,4,0.496,973
11,CeeLo Green,Forget You,62,0.134,0.696,222733,0.875,0.0,0,0.159,-3.682,1,0.0649,127,4,0.772,974
11,Kodak Black,Pimpin Ain't Eazy,74,0.311,0.644,177000,0.501,0.0,0,0.106,-8.959,1,0.492,130,4,0.173,975
11,Yung Pinch,Look Like,65,0.0249,0.806,226154,0.523,0.00698,4,0.11,-7.623,1,0.0972,130,4,0.62,976
11,NAV,Up,69,0.0314,0.705,199520,0.492,0.0,8,0.106,-6.762,0,0.0905,77,4,0.36,977
11,Russ,Do It Myself,65,0.018,0.831,167333,0.558,0.0,1,0.094,-3.551,1,0.242,142,4,0.338,978
11,Flyboy Tarantino,"Love Hard, Fall Fast",68,0.425,0.751,182691,0.719,0.0,3,0.0721,-4.78,0,0.0433,142,4,0.859,979
11,Rae Sremmurd,No Type,76,0.013,0.888,200080,0.483,4.85e-06,6,0.0926,-7.797,1,0.154,125,4,0.226,980
11,Young Thug,Daddy's Birthday,62,0.203,0.845,208920,0.37,0.0,4,0.104,-7.333,0,0.519,153,4,0.269,981
11,Daddy Yankee,Pose,67,0.0407,0.806,217227,0.887,2.03e-05,6,0.364,-3.51,1,0.0909,117,4,0.443,982
11,Lil Pump,Gucci Gang,78,0.239,0.936,124056,0.523,0.0,5,0.117,-6.71,1,0.0597,120,4,0.699,983
11,A$AP Rocky,OG Beeper,64,0.121,0.91,155893,0.477,0.0,2,0.305,-5.259,1,0.418,146,4,0.313,984
11,21 Savage,good day,66,0.00359,0.966,242448,0.519,0.0,1,0.254,-5.682,1,0.306,122,4,0.119,985
11,Bone Thugs-N-Harmony,1st of Tha Month,66,0.0777,0.729,314680,0.581,3.81e-06,5,0.696,-8.235,0,0.18,74,4,0.508,986
11,Lil Baby,No Friends (feat. Rylo Rodriguez),65,0.00112,0.645,192009,0.595,0.0,7,0.084,-6.876,1,0.258,160,4,0.461,987
11,Tekno,Pana,62,0.305,0.553,242893,0.553,0.0581,6,0.0715,-6.818,0,0.305,73,3,0.664,988
11,Rich The Kid,No Question (feat Future),62,0.00176,0.885,251057,0.559,0.0,6,0.0973,-7.085,1,0.322,76,4,0.565,989
11,Cartel De Santa,Culón Culito,69,0.371,0.763,223560,0.862,0.0,6,0.836,-3.706,1,0.0996,103,4,0.95,990
11,Casper Magico,Te Boté,67,0.401,0.918,275693,0.602,7.28e-06,4,0.0805,-3.986,0,0.115,97,4,0.158,991
11,Future,Low Life,76,0.337,0.722,313547,0.331,0.283,8,0.146,-7.789,1,0.0725,144,4,0.102,992
11,Ski Mask The Slump God,Foot Fungus,81,0.257,0.881,129547,0.623,1.5e-06,1,0.0964,-9.662,1,0.119,89,4,0.745,993
11,Tee Grizzley,Lost and Found (feat. YNW Melly),62,0.0684,0.907,159833,0.683,7.18e-06,5,0.0834,-8.079,1,0.349,90,4,0.342,994
11,50 Cent,Candy Shop,78,0.0253,0.614,209107,0.574,3.2e-05,11,0.38,-7.961,1,0.466,125,5,0.755,995
11,Lil Baby,Close Friends (Lil Baby & Gunna),82,0.044,0.665,203881,0.585,0.0,10,0.0789,-5.077,0,0.366,159,4,0.658,996
11,Yung Bans,Ridin (feat. Landon Cube & YBN Nahmir),71,0.606,0.832,225103,0.439,5.45e-06,4,0.11,-9.594,0,0.0996,145,4,0.53,997
11,Jhay Cortez,Se Supone - RMX,63,0.231,0.765,352640,0.613,0.0,11,0.381,-5.614,1,0.202,156,4,0.671,998
11,$uicideBoy$,Do You Believe In God?,65,0.0388,0.794,118073,0.534,1e-05,0,0.555,-5.698,1,0.0509,120,4,0.0487,999
11,Cartel De Santa,Desde Cuándo,62,0.124,0.621,215653,0.916,0.0,9,0.118,-4.013,0,0.356,163,4,0.716,1000
11,Lil Yachty,NBAYOUNGBOAT,71,0.0515,0.769,139845,0.807,0.0,11,0.111,-2.966,1,0.306,82,4,0.364,1001
11,JAY Z,Numb / Encore,75,0.0603,0.687,205733,0.793,0.0,2,0.582,-4.254,1,0.166,107,4,0.751,1002
11,BlocBoy JB,Rover 2.0,67,0.189,0.914,275872,0.781,0.0,9,0.126,-5.467,0,0.302,140,4,0.806,1003
11,Tyga,SWISH,83,0.0831,0.884,194936,0.541,0.0,11,0.118,-5.608,1,0.221,105,4,0.274,1004
11,Aminé,SHINE,69,0.314,0.704,150000,0.517,6.36e-06,5,0.174,-7.999,0,0.312,140,4,0.443,1005
11,Rick James,Super Freak,70,0.246,0.832,205467,0.797,0.0,9,0.0545,-8.194,0,0.0487,132,4,0.961,1006
11,$uicideBoy$,Either Hated Or Ignored,64,0.0349,0.738,153783,0.749,0.0,1,0.0794,-5.727,0,0.0838,113,4,0.583,1007
11,BROCKHAMPTON,TOKYO,63,0.0644,0.632,192126,0.625,0.0,2,0.689,-5.781,1,0.291,140,4,0.535,1008
11,Takeoff,Vacation,64,0.0326,0.847,169072,0.563,0.0,6,0.146,-7.964,0,0.422,168,4,0.437,1009
11,Russ,Fix This,65,0.234,0.666,178421,0.352,0.0523,0,0.0986,-9.967,1,0.0746,152,4,0.0384,1010
11,Nicky Jam,X - Remix,79,0.0561,0.663,235747,0.696,3.77e-05,9,0.0778,-4.957,0,0.103,180,4,0.738,1011
11,2Pac,Keep Ya Head Up,68,0.162,0.636,262507,0.731,0.0,4,0.455,-7.037,1,0.421,86,4,0.61,1012
11,XXXTENTACION,BAD!,83,0.0643,0.78,94246,0.492,0.0313,5,0.174,-3.4,0,0.0671,144,4,0.374,1013
11,Lil Baby,I Am (Lil Baby & Gunna),69,0.348,0.819,145060,0.481,0.0,1,0.122,-6.67,1,0.415,130,4,0.279,1014
11,Meek Mill,Almost Slipped,67,0.246,0.49,246793,0.651,0.0,8,0.233,-6.24,1,0.251,164,4,0.46,1015
11,M.O.P.,Ante Up (Robbin Hoodz Theory),64,0.00514,0.699,248693,0.793,2.75e-06,1,0.7,-4.856,1,0.268,94,4,0.929,1016
11,Terror Squad,Lean Back,66,0.129,0.698,247427,0.922,0.0,1,0.106,-3.359,1,0.517,127,5,0.691,1017
11,D12,My Band,69,0.497,0.851,298773,0.849,2.05e-06,1,0.116,-3.383,0,0.0828,120,4,0.844,1018
11,Wifisfuneral,EA,64,0.108,0.527,160000,0.902,0.0,5,0.121,-4.423,0,0.443,180,4,0.658,1019
11,Justin Quiles,No Quiero Amarte (feat. Zion & Lennox),75,0.128,0.734,235315,0.793,0.0,6,0.0658,-4.731,1,0.0454,90,4,0.511,1020
11,Gunna,Who You Foolin,75,0.0942,0.916,151539,0.756,0.0,0,0.23,-7.653,1,0.188,116,4,0.756,1021
11,A$AP Rocky,Buck Shots,64,0.325,0.433,167813,0.85,0.0,10,0.356,-5.79,0,0.416,160,4,0.58,1022
11,"Tyler, The Creator",IFHY,63,0.2,0.36,319253,0.716,0.0,7,0.581,-6.181,1,0.34,86,4,0.274,1023
11,Eminem,Bitch Please II,68,0.0734,0.924,288200,0.596,0.0,1,0.14,-3.287,1,0.113,96,4,0.788,1024
11,Boogie,Silent Ride,68,0.333,0.676,170507,0.619,0.0,6,0.165,-6.89,1,0.0633,96,4,0.309,1025
11,Jaden Smith,A Calabasas Freestyle,64,0.141,0.707,179333,0.746,0.0141,0,0.145,-5.448,1,0.172,82,4,0.381,1026
11,A$AP Rocky,Excuse Me,66,0.33,0.653,238053,0.71,0.0,8,0.143,-8.444,1,0.0554,122,4,0.409,1027
11,Lil Peep,Kiss,67,0.00829,0.346,250267,0.769,0.0,4,0.0815,-7.224,1,0.109,151,4,0.163,1028
11,Lil Yachty,Forever World (feat. Trippie Redd),63,0.589,0.578,301395,0.523,5.23e-05,11,0.378,-8.522,0,0.213,172,5,0.476,1029
11,Kodak Black,Fuck with You (feat. Tory Lanez),64,0.121,0.697,215167,0.593,0.0,0,0.0835,-5.927,1,0.0914,140,4,0.243,1030
11,Nas,The World Is Yours,62,0.274,0.678,290573,0.794,1.68e-06,10,0.124,-6.186,0,0.14,87,4,0.54,1031
11,Token,Code Red,63,0.326,0.801,218673,0.781,0.0,10,0.191,-6.175,0,0.346,114,4,0.667,1032
11,Meek Mill,Dreams and Nightmares,73,0.468,0.631,230693,0.774,0.0,11,0.281,-2.459,1,0.3,80,4,0.44,1033
11,Wisin & Yandel,Reggaetón en lo Oscuro,82,0.0613,0.747,208947,0.898,1.66e-06,1,0.0886,-3.683,1,0.0709,92,4,0.689,1034
11,Playboi Carti,Mileage (feat. Chief Keef),62,0.0623,0.742,149760,0.616,0.0,1,0.111,-6.285,1,0.179,151,4,0.396,1035
11,A.R. Rahman,Jai Ho! (You Are My Destiny),64,0.0548,0.653,222400,0.942,1.06e-06,8,0.0699,-3.858,0,0.0609,136,4,0.895,1036
11,A$AP Rocky,Tony Tone,69,0.139,0.534,208373,0.783,0.0,1,0.0831,-4.013,1,0.261,70,4,0.334,1037
11,Night Lovell,BAD KID,65,0.0987,0.886,142222,0.316,0.0166,1,0.108,-8.683,1,0.0677,135,4,0.0389,1038
11,B Young,079ME,70,0.404,0.629,211853,0.601,0.0,10,0.0582,-7.508,0,0.309,200,4,0.612,1039
11,Meek Mill,On Me (feat. Cardi B),76,0.0482,0.864,225008,0.666,0.0,1,0.134,-5.525,1,0.234,132,4,0.538,1040
11,Future,Thought It Was a Drought,65,0.00761,0.861,265213,0.448,0.000408,2,0.0902,-8.256,1,0.111,125,4,0.0487,1041
11,Makaveli,Hail Mary,68,0.158,0.654,309800,0.637,1.28e-05,10,0.338,-6.915,0,0.293,82,4,0.364,1042
11,Kendrick Lamar,King Kunta,76,0.00589,0.884,234693,0.657,0.0,6,0.154,-4.569,0,0.0977,107,4,0.489,1043
11,"Tyler, The Creator",Foreword,66,0.118,0.734,194080,0.671,0.00317,1,0.352,-7.107,1,0.0315,94,4,0.113,1044
11,Kendrick Lamar,DNA.,82,0.00454,0.638,185947,0.523,0.0,1,0.0842,-6.664,1,0.357,140,4,0.422,1045
11,J. Cole,In The Morning,66,0.764,0.44,234387,0.671,0.0,3,0.212,-10.598,0,0.477,83,4,0.479,1046
11,A$AP Rocky,PMW (All I Really Need) (feat. ScHoolboy Q),62,0.000361,0.705,234773,0.747,0.0,1,0.311,-4.542,1,0.0484,130,4,0.29,1047
11,Drake,Over,64,0.0113,0.337,233560,0.853,0.0,7,0.14,-5.611,1,0.278,101,5,0.427,1048
11,NAV,Champion (feat. Travis Scott),80,0.381,0.642,195053,0.782,0.0,5,0.108,-3.395,0,0.0477,162,4,0.396,1049
11,Rae Sremmurd,Hurt To Look - From Swaecation,62,0.179,0.671,256000,0.702,3.53e-05,5,0.117,-5.642,1,0.0833,105,4,0.235,1050
11,Lil Wayne,Dedicate,70,0.033,0.879,189909,0.662,0.0,2,0.716,-6.162,1,0.309,118,4,0.723,1051
11,Joyner Lucas,Stranger Things,75,0.443,0.867,219733,0.663,0.0,10,0.117,-5.838,0,0.178,122,4,0.481,1052
11,Dharius,La Durango,65,0.303,0.855,250253,0.87,0.0,1,0.376,-4.304,1,0.226,82,4,0.777,1053
11,Eminem,Soldier,63,0.0353,0.857,226427,0.917,0.000234,8,0.167,-3.163,1,0.208,95,4,0.533,1054
11,Digital Underground,The Humpty Dance,63,0.0341,0.813,391693,0.693,0.0,10,0.121,-8.0,0,0.266,104,4,0.618,1055
11,XXXTENTACION,Floor 555,70,0.000424,0.695,93447,0.686,0.0023,9,0.365,-8.147,0,0.0478,105,4,0.354,1056
11,Drake,Let’s Call It Off (feat. Peter Bjorn and John),69,0.00427,0.79,234176,0.731,0.29,9,0.157,-4.607,0,0.0327,127,4,0.938,1057
11,Jaden Smith,GHOST,72,0.145,0.782,129733,0.531,0.0501,1,0.238,-6.636,1,0.168,148,4,0.247,1058
11,XXXTENTACION,"I don’t even speak spanish lol - feat. Rio Santana, Judah, Carlos Andrez",74,0.118,0.767,192229,0.561,0.0,2,0.0737,-7.418,0,0.0509,90,4,0.542,1059
11,Paulo Londra,Cámara Lenta,70,0.669,0.814,195683,0.56,2.75e-05,10,0.0993,-6.428,0,0.111,130,4,0.441,1060
11,Cartel De Santa,A Ti Te da Besitos,62,0.245,0.533,194787,0.89,0.0,1,0.278,-4.787,1,0.249,84,4,0.955,1061
11,Aminé,Invincible,76,0.141,0.724,196387,0.6,0.000218,10,0.104,-4.391,0,0.29,87,4,0.466,1062
11,Joyner Lucas,Winter Blues,65,0.843,0.643,275298,0.766,3.14e-06,0,0.228,-6.141,0,0.425,131,4,0.54,1063
11,KIDS SEE GHOSTS,Cudi Montage,69,0.401,0.729,197001,0.504,1.44e-06,8,0.121,-6.784,0,0.0321,110,4,0.305,1064
11,YFN Lucci,Double Up (feat. Rich The Kid),63,0.0495,0.878,191239,0.486,0.0,2,0.107,-7.923,0,0.31,142,4,0.522,1065
11,Gucci Mane,Father's Day,64,0.145,0.824,111459,0.617,0.0,1,0.571,-5.847,0,0.132,118,4,0.26,1066
11,Kojo Funds,Check (with RAYE),64,0.21,0.41,215573,0.718,0.0,3,0.079,-6.295,0,0.126,94,4,0.57,1067
11,Cypress Hill,Insane in the Brain,71,0.0297,0.897,208267,0.612,0.186,11,0.0894,-10.489,1,0.211,102,4,0.767,1068
11,Desiigner,Outlet,66,0.109,0.643,268813,0.813,0.000348,5,0.355,-2.147,0,0.0828,124,4,0.36,1069
11,Hopsin,Hell's Carol,62,0.174,0.558,164405,0.794,0.0,7,0.157,-5.947,0,0.304,185,3,0.431,1070
11,Lil Baby,Word On The Street,69,0.0562,0.888,172986,0.432,0.0,10,0.112,-9.275,0,0.0934,100,4,0.173,1071
11,Ski Mask The Slump God,Nuketown (feat. Juice WRLD),85,0.113,0.808,166400,0.617,0.0,10,0.734,-9.32,0,0.442,150,4,0.632,1072
11,Drake,HYFR (Hell Ya Fucking Right),69,0.123,0.444,206627,0.627,0.0,7,0.0795,-8.744,0,0.252,98,3,0.359,1073
11,Ayo Jay,Your Number,63,0.534,0.588,204081,0.61,0.0,9,0.303,-5.008,0,0.234,100,4,0.645,1074
11,Offset,After Dark,72,0.25,0.8,172881,0.696,1.4e-06,6,0.0894,-7.004,0,0.228,100,4,0.189,1075
11,Huncho Jack,How U Feel,64,0.0516,0.855,205682,0.79,1.75e-05,2,0.379,-2.565,1,0.151,140,4,0.435,1076
11,YG,My Nigga,70,0.0933,0.673,235600,0.464,0.0,10,0.21,-6.864,0,0.201,171,4,0.762,1077
11,Bryson Tiller,Canceled,73,0.157,0.767,183960,0.611,0.0116,5,0.0836,-5.173,0,0.0983,94,4,0.11,1078
11,2 Chainz,Momma I Hit A Lick (feat. Kendrick Lamar),76,0.202,0.796,173760,0.467,3.32e-05,11,0.206,-6.293,1,0.34,180,3,0.4,1079
11,Future,Stick Talk,62,0.0265,0.729,171333,0.672,0.0,7,0.244,-6.749,1,0.282,160,4,0.595,1080
11,Canserbero,Jeremías 17-5,68,0.157,0.644,318328,0.791,0.0,5,0.314,-4.587,1,0.273,92,4,0.408,1081
11,Ghostemane,Squeeze,64,0.000997,0.787,140038,0.727,0.0017,1,0.376,-7.194,1,0.265,142,4,0.21,1082
11,Jez Dior,Lucky Enough,65,0.0123,0.68,197665,0.668,0.0,9,0.105,-4.217,1,0.0379,113,4,0.212,1083
11,Joey Trap,Sesame Street (Extended Version),71,0.142,0.835,108927,0.852,0.0,8,0.377,-4.574,0,0.0757,130,4,0.697,1084
11,Eminem,Love The Way You Lie,82,0.241,0.749,263373,0.925,0.0,10,0.52,-5.034,1,0.227,87,4,0.641,1085
11,NF,Can You Hold Me,67,0.196,0.571,221200,0.646,6.67e-05,4,0.0637,-6.286,0,0.0487,132,3,0.0725,1086
11,Meek Mill,All Eyes on You (feat. Chris Brown & Nicki Minaj),72,0.0242,0.589,223973,0.658,0.0,11,0.118,-5.288,0,0.203,78,4,0.251,1087
11,Yung Bans,Round (feat. Juice WRLD),65,0.00669,0.877,152798,0.528,0.0,8,0.0813,-10.981,1,0.476,144,4,0.184,1088
11,Nicky Jam,Si Tú La Ves (feat. Wisin),73,0.204,0.685,221027,0.731,0.0,5,0.0722,-5.119,0,0.093,178,4,0.786,1089
11,Drake,Teenage Fever,75,0.11,0.768,219692,0.282,0.0208,8,0.113,-10.348,0,0.0863,97,4,0.175,1090
11,88GLAM,Lil Boat,71,0.0166,0.764,180813,0.672,1.06e-06,6,0.103,-4.274,0,0.0655,150,4,0.594,1091
11,Mac Miller,Rush Hour,62,0.262,0.602,201840,0.472,0.0,6,0.172,-5.375,0,0.265,164,4,0.304,1092
11,Rick James,Mary Jane,62,0.266,0.529,297347,0.823,1.82e-06,11,0.44,-7.01,0,0.129,95,4,0.86,1093
11,J. Cole,Love Yourz,73,0.609,0.502,211680,0.623,0.0,8,0.119,-8.812,1,0.441,76,1,0.399,1094
11,Eminem,Just Don't Give A Fuck,65,0.000713,0.539,242573,0.931,0.0,4,0.204,-1.803,0,0.262,86,4,0.685,1095
11,Danger Incorporated,Graveyard,65,0.0115,0.555,167852,0.662,0.0,8,0.637,-7.247,1,0.0951,91,3,0.286,1096
11,Ice Cube,You Know How We Do It - Remastered,70,0.0977,0.747,232773,0.52,0.0537,10,0.142,-10.523,0,0.0357,93,4,0.601,1097
11,Lil Xan,Lies (feat. Lil Skies),72,0.0262,0.779,206387,0.626,0.00488,10,0.114,-7.73,0,0.067,140,4,0.419,1098
11,J. Cole,Window Pain - Outro,70,0.0607,0.72,286730,0.626,0.0,8,0.0728,-9.351,1,0.397,75,4,0.182,1099
11,A$AP Rocky,Goldie,66,0.225,0.697,192067,0.848,4.61e-05,10,0.493,-4.953,0,0.249,82,4,0.733,1100
11,Naughty By Nature,Feel Me Flow,66,0.0468,0.805,212560,0.754,1.79e-06,8,0.0855,-6.679,0,0.156,90,4,0.844,1101
11,Petey Pablo,Freek-A-Leek,66,0.0744,0.756,235187,0.691,0.0,2,0.364,-3.718,1,0.178,105,4,0.632,1102
11,Darell,Caliente,79,0.156,0.894,240307,0.796,0.000106,11,0.118,-3.119,0,0.0807,100,4,0.408,1103
11,Sheck Wes,Chippi Chippi,62,0.0734,0.677,229400,0.549,0.0,8,0.0916,-7.165,1,0.211,78,4,0.262,1104
11,The Notorious B.I.G.,Mo Money Mo Problems (feat. Mase & Puff Daddy) - 2014 Remastered Version,75,0.0128,0.845,257400,0.884,2.1e-06,6,0.203,-4.506,0,0.0759,105,4,0.904,1105
11,Drake,Headlines,74,0.365,0.636,235987,0.566,0.000353,6,0.0917,-7.16,0,0.106,152,4,0.425,1106
11,KILLY,Killamonjaro,67,0.122,0.66,178227,0.708,0.000113,4,0.117,-5.353,0,0.0399,145,4,0.146,1107
11,"Tyler, The Creator",See You Again,78,0.371,0.558,180387,0.559,7.49e-06,6,0.109,-9.222,1,0.0959,79,4,0.62,1108
11,Metro Boomin,10 Freaky Girls (with 21 Savage),85,0.588,0.81,208293,0.353,0.0,6,0.102,-9.931,0,0.31,88,4,0.0727,1109
11,J. Cole,The Cut Off (feat. kiLL edward),69,0.185,0.74,237295,0.543,0.0,1,0.372,-7.979,1,0.399,78,4,0.337,1110
11,Wifisfuneral,Wya? (feat. Ugly God) - Remix,64,0.35,0.856,214680,0.302,0.0,11,0.0626,-15.745,0,0.449,85,4,0.28,1111
11,Ms. Lauryn Hill,Doo Wop (That Thing),74,0.0393,0.535,320267,0.505,0.0,2,0.0923,-8.926,0,0.245,100,4,0.495,1112
11,Ski Mask The Slump God,DoIHaveTheSause?,65,0.55,0.606,178840,0.621,0.000117,8,0.333,-5.914,1,0.0871,75,4,0.37,1113
11,Mac Miller,Dang! (feat. Anderson .Paak),74,0.00826,0.836,305350,0.67,0.000355,5,0.0837,-6.907,0,0.23,107,4,0.556,1114
11,Nas,The Message,65,0.00776,0.614,234093,0.543,3.28e-05,5,0.383,-7.178,1,0.374,178,4,0.485,1115
11,Young Thug,Relationship (feat. Future),76,0.00252,0.842,215307,0.597,0.0,2,0.124,-6.336,1,0.0627,146,4,0.298,1116
11,Fetty Wap,Trap Queen,74,0.0244,0.746,222093,0.873,0.0,7,0.354,-3.803,1,0.128,148,4,0.817,1117
11,NF,Destiny,65,0.413,0.796,239480,0.722,0.0,10,0.0888,-5.978,0,0.255,112,4,0.212,1118
11,The Game,How We Do,73,0.0496,0.578,235533,0.666,0.0,7,0.0335,-7.1,1,0.435,195,4,0.591,1119
11,DJ Esco,Too Much Sauce,64,0.0496,0.96,223093,0.547,0.0,6,0.216,-6.992,0,0.0786,121,4,0.186,1120
11,Lil Wayne,Took His Time,63,0.144,0.752,262400,0.703,0.0,5,0.325,-3.417,0,0.213,150,4,0.641,1121
11,Jaden Smith,SOHO,72,0.342,0.547,208493,0.596,0.335,8,0.148,-7.744,0,0.192,160,4,0.368,1122
11,"Tyler, The Creator",Yonkers,63,0.016,0.712,249333,0.759,0.0808,11,0.217,-5.397,1,0.334,79,4,0.738,1123
11,Lil Baby,Off White VLONE (Lil Baby & Gunna feat. Lil Durk & NAV),72,0.0912,0.855,187465,0.516,0.0,10,0.114,-8.116,0,0.44,141,4,0.153,1124
11,21 Savage,can't leave without it,80,0.111,0.872,205352,0.591,0.0,6,0.144,-6.952,0,0.359,132,4,0.696,1125
11,Eminem,Phenomenal,63,0.153,0.64,282547,0.841,0.0,1,0.0457,-2.426,0,0.0466,121,4,0.0471,1126
11,Nova y Jory,Aprovecha (feat. Daddy Yankee),63,0.178,0.624,222240,0.772,0.0,7,0.11,-4.687,0,0.165,172,4,0.589,1127
11,Lil Xan,Slingshot,65,0.0562,0.928,89973,0.778,6.27e-06,7,0.129,-6.962,0,0.252,123,4,0.668,1128
11,Bone Thugs-N-Harmony,Thuggish Ruggish Bone,64,0.00228,0.683,281773,0.74,0.0,11,0.238,-6.041,0,0.0462,130,4,0.65,1129
11,NAV,Myself,75,0.664,0.654,226040,0.393,0.0,5,0.114,-7.621,0,0.284,160,4,0.105,1130
11,KIDS SEE GHOSTS,Feel The Love,72,0.126,0.58,165053,0.469,7.32e-05,0,0.099,-5.946,0,0.104,111,4,0.369,1131
11,Shakka,Man Down (feat. AlunaGeorge),69,0.299,0.726,211212,0.665,0.0,5,0.179,-5.611,0,0.0722,104,4,0.807,1132
11,G-Eazy,1942,76,0.0152,0.817,213080,0.646,0.0,4,0.125,-5.12,0,0.249,163,4,0.835,1133
11,JID,NEVER,70,0.0276,0.593,241682,0.647,1.47e-05,1,0.0673,-7.49,1,0.313,104,4,0.23,1134
11,Erykah Badu,On & On,67,0.061,0.765,226133,0.403,0.00559,11,0.204,-10.946,0,0.167,80,4,0.295,1135
11,Tee Grizzley,Fuck It Off (feat. Chris Brown),74,0.0728,0.801,147600,0.578,0.0,1,0.185,-7.148,1,0.201,100,4,0.126,1136
11,Nio Garcia,Mírame,68,0.0613,0.775,317440,0.787,0.000159,1,0.0916,-4.488,1,0.11,176,4,0.665,1137
11,Flipp Dinero,Time Goes Down,63,0.0991,0.758,195789,0.707,3.66e-05,2,0.0987,-6.677,0,0.249,152,4,0.482,1138
11,Kevin Roldan,Pa Tu Casa,68,0.344,0.734,291453,0.66,0.0,6,0.0591,-4.49,1,0.11,160,4,0.649,1139
11,Daddy Yankee,Dura,81,0.183,0.791,200480,0.848,0.0,1,0.409,-3.456,1,0.0506,95,4,0.828,1140
11,ScHoolboy Q,Man Of The Year,72,0.00536,0.749,216013,0.865,0.0,3,0.198,-5.228,1,0.0413,112,4,0.371,1141
11,XXXTENTACION,I don’t let go,77,0.591,0.797,121630,0.293,0.0724,5,0.148,-7.479,1,0.08,80,4,0.478,1142
11,Bryson Tiller,Right My Wrongs,73,0.344,0.538,249320,0.449,0.0,1,0.157,-8.078,1,0.0463,133,4,0.27,1143
11,Jaden Smith,GOKU,67,0.195,0.471,192880,0.887,0.0,1,0.116,-2.445,1,0.274,140,5,0.268,1144
11,Ski Mask The Slump God,COOLEST MONKEY IN THE JUNGLE,70,0.324,0.893,152213,0.676,0.0,9,0.0968,-4.867,0,0.227,126,4,0.804,1145
11,Kid Cudi,Baptized In Fire,63,0.596,0.669,285520,0.599,0.0366,4,0.116,-8.347,0,0.222,152,4,0.762,1146
11,Lil Yachty,Get Dripped (feat. Playboi Carti),76,0.105,0.95,158769,0.489,0.0,8,0.411,-8.411,1,0.462,130,4,0.919,1147
11,BROCKHAMPTON,FACE,69,0.591,0.945,259000,0.702,0.000538,11,0.0788,-5.016,0,0.12,120,4,0.678,1148
11,BROCKHAMPTON,J'OUVERT,65,0.0377,0.721,234347,0.703,0.000136,8,0.361,-4.114,1,0.252,84,4,0.501,1149
11,Busta Rhymes,I Know What You Want,67,0.0142,0.648,324307,0.759,0.0,6,0.648,-4.315,1,0.306,86,4,0.518,1150
11,Future,Patek Water,65,0.274,0.86,189480,0.561,0.0,6,0.108,-5.757,0,0.185,153,4,0.354,1151
11,XXXTENTACION,RIP Roach (feat. $ki Mask The Slump God),74,0.398,0.727,169979,0.62,0.0,8,0.0926,-6.443,1,0.306,105,4,0.555,1152
11,N.W.A.,Fuck Tha Police,69,0.0184,0.865,345717,0.751,0.0,8,0.0529,-8.363,0,0.304,99,4,0.851,1153
11,Migos,Kelly Price (feat. Travis Scott),68,0.53,0.745,363934,0.685,0.0,4,0.176,-5.7,0,0.0313,122,4,0.437,1154
11,Tee Grizzley,Jettski Grizzley (feat. Lil Pump),69,0.0966,0.875,163200,0.878,0.0,8,0.333,-5.358,1,0.179,100,4,0.381,1155
11,WizKid,Come Closer,63,0.127,0.825,211293,0.453,3.82e-06,4,0.0838,-7.429,0,0.227,100,4,0.496,1156
11,Eminem,Normal,73,0.261,0.907,222477,0.64,0.0,6,0.0785,-6.542,1,0.354,121,4,0.803,1157
11,Daddy Yankee,Limbo,73,0.0838,0.806,224693,0.875,0.00192,7,0.065,-3.817,1,0.088,125,4,0.917,1158
11,Bryson Tiller,Been That Way,65,0.0303,0.528,199320,0.759,0.0,6,0.103,-6.476,1,0.284,183,5,0.801,1159
11,The Notorious B.I.G.,Juicy,78,0.472,0.889,302693,0.816,0.0,9,0.204,-4.67,1,0.247,96,4,0.777,1160
11,Rick Ross,Hustlin',69,0.0898,0.505,254093,0.657,0.0,9,0.0606,-7.254,1,0.288,136,4,0.666,1161
11,PnB Rock,Selfish,74,0.114,0.638,245604,0.6,0.0,1,0.187,-5.84,0,0.0438,102,4,0.0399,1162
11,Quavo,RERUN (feat. Travis Scott),67,0.0939,0.684,236948,0.791,0.0,5,0.359,-4.435,1,0.309,154,4,0.529,1163
11,Meek Mill,Championships,67,0.0786,0.488,261743,0.803,0.0,6,0.215,-4.165,0,0.205,167,4,0.319,1164
11,Ice Cube,You Can Do It - Feat. Mack 10 And Ms Toi,63,0.000917,0.946,259160,0.857,0.0,1,0.0525,-4.498,0,0.159,100,4,0.882,1165
11,Lil Baby,Belly (Lil Baby & Gunna),65,0.192,0.766,191724,0.692,0.0,5,0.0846,-5.312,0,0.0915,120,4,0.446,1166
11,2 Chainz,"2 Dollar Bill (feat. Lil Wayne, E-40)",71,0.37,0.852,240347,0.739,0.0,10,0.0429,-4.692,0,0.182,101,4,0.668,1167
11,Busta Rhymes,Gimme Some More,62,0.00832,0.591,158467,0.855,5.87e-05,11,0.771,-8.339,0,0.339,137,4,0.78,1168
11,Ski Mask The Slump God,So High,69,0.122,0.7,149813,0.435,0.000549,0,0.114,-12.597,1,0.0428,142,4,0.21,1169
11,Logic,Everybody,74,0.158,0.885,162347,0.94,0.0,1,0.0675,-5.908,1,0.0909,110,4,0.77,1170
11,Russ,Wife You Up,66,0.198,0.787,183253,0.508,0.0,6,0.0834,-7.786,0,0.137,84,4,0.457,1171
11,Wu-Tang Clan,Gravel Pit,63,0.222,0.787,253467,0.72,0.0,7,0.633,-7.569,1,0.251,121,4,0.538,1172
11,Smooky MarGielaa,Vlone Flex,64,0.0416,0.746,133407,0.622,0.0,9,0.0933,-5.976,1,0.0533,108,4,0.361,1173
11,Drake,Signs,73,0.0853,0.79,234373,0.734,0.00409,0,0.112,-4.66,1,0.0524,107,4,0.223,1174
11,Maxo Kream,Roaches,62,0.593,0.795,261410,0.582,0.0,6,0.142,-6.442,1,0.336,82,4,0.329,1175
11,Mach & Daddy,La Botella,67,0.217,0.746,179213,0.787,4.26e-05,0,0.0915,-4.443,1,0.0453,118,4,0.917,1176
11,Eminem,Stepping Stone,73,0.0305,0.616,309638,0.684,0.0,7,0.376,-6.032,1,0.311,180,4,0.312,1177
11,Russ,Parkstone Drive,62,0.0348,0.857,205720,0.616,4.37e-06,8,0.0709,-3.287,0,0.206,94,4,0.152,1178
11,Nas,If I Ruled the World (Imagine That),71,0.0474,0.879,282373,0.564,9.43e-06,10,0.0519,-7.682,0,0.247,94,4,0.523,1179
11,Lil Wayne,Right Above It,67,0.0435,0.376,271947,0.841,0.0,3,0.578,-4.348,0,0.356,76,4,0.463,1180
11,Future,Astronauts,70,0.0402,0.732,169920,0.586,2.66e-06,1,0.121,-7.868,1,0.232,76,4,0.73,1181
11,Juicy J,Let Me See (feat. Kevin Gates & Lil Skies),69,0.00229,0.871,248387,0.798,0.0,11,0.234,-3.775,1,0.203,140,4,0.527,1182
11,Lil Wayne,A Milli,75,0.0527,0.679,221840,0.684,0.000895,6,0.177,-8.559,1,0.278,152,4,0.755,1183
11,Lil Wayne,Open Safe,64,0.00705,0.929,223939,0.598,0.0,1,0.0549,-5.373,1,0.156,96,4,0.501,1184
11,Tay-K,Megaman,64,0.0651,0.744,133000,0.314,0.0,8,0.134,-8.871,1,0.0864,134,4,0.0438,1185
11,Future,Crushed Up,84,0.0415,0.781,149949,0.597,0.0,10,0.152,-6.794,0,0.23,158,4,0.544,1186
11,Russ,The Flute Song,71,0.212,0.789,147600,0.524,0.0,1,0.221,-7.942,0,0.273,138,4,0.343,1187
11,Nicky Jam,Hasta el Amanecer (feat. Daddy Yankee) - The Remix,62,0.258,0.823,188467,0.721,0.0,6,0.0593,-5.164,0,0.0408,94,4,0.669,1188
11,Pouya,Terminal Sex,63,0.504,0.917,204965,0.418,0.021,6,0.0974,-8.884,0,0.0667,118,4,0.486,1189
11,Lil Wayne,Scared of the Dark (feat. XXXTENTACION),79,0.0468,0.443,233000,0.623,0.0,0,0.247,-6.717,0,0.0718,79,4,0.156,1190
11,G-Eazy,Everything Will Be OK,63,0.122,0.567,311373,0.539,0.0,0,0.11,-11.203,0,0.169,91,4,0.429,1191
11,NF,If You Want Love,77,0.624,0.681,199387,0.397,0.0,0,0.113,-10.271,1,0.12,70,4,0.251,1192
11,Future,Realer N Realer,72,0.0117,0.73,170920,0.465,0.0,1,0.28,-6.29,1,0.278,148,4,0.367,1193
11,Maître Gims,Est-ce que tu m'aimes ? - Pilule Bleue,69,0.235,0.779,237093,0.852,0.0,2,0.212,-3.353,1,0.0651,120,4,0.601,1194
11,Logic,44 More,78,0.0635,0.829,188600,0.589,0.0,1,0.113,-7.055,1,0.202,140,4,0.233,1195
11,21 Savage,ball w/o you,76,0.0467,0.892,195047,0.633,0.000189,8,0.139,-7.471,1,0.0902,138,4,0.459,1196
11,PARTYNEXTDOOR,Recognize (feat. Drake),68,0.0102,0.643,311197,0.541,0.0,2,0.102,-5.801,1,0.0426,120,4,0.165,1197
11,Fugees,Ready or Not,66,0.21,0.601,226987,0.422,0.0,10,0.0839,-13.364,0,0.518,132,3,0.563,1198
11,Lil Pump,Flex Like Ouu,67,0.189,0.858,108213,0.435,0.0,6,0.0925,-11.286,1,0.0661,142,4,0.704,1199
11,Rich Brian,Attention (feat. Offset),65,0.0438,0.884,170200,0.547,0.0,11,0.124,-7.492,1,0.387,158,4,0.425,1200
11,Drake,Weston Road Flows,62,0.0819,0.613,253533,0.738,0.0,6,0.32,-6.926,1,0.311,83,4,0.341,1201
11,Fugees,Killing Me Softly With His Song,68,0.0279,0.765,298773,0.29,1.02e-06,4,0.571,-17.117,0,0.139,92,4,0.506,1202
11,Metro Boomin,No Complaints,66,0.0855,0.914,261733,0.507,0.0254,2,0.0797,-10.784,1,0.164,124,4,0.199,1203
11,Noriel,KaRma,64,0.325,0.668,180507,0.536,0.0,5,0.142,-8.501,1,0.124,146,4,0.136,1204
11,XXXTENTACION,Gassed Up!,74,0.293,0.843,225051,0.56,6.72e-06,6,0.0984,-6.122,1,0.284,130,4,0.477,1205
11,Dr. Dre,I Need A Doctor,73,0.0996,0.591,283733,0.934,1.81e-06,3,0.348,-4.389,1,0.437,156,4,0.452,1206
11,Mac Miller,Cinderella (feat. Ty Dolla $ign),70,0.235,0.545,480187,0.534,0.0,8,0.345,-6.874,0,0.047,140,4,0.24,1207
11,G-Eazy,"Me, Myself & I",79,0.0186,0.757,251467,0.672,0.0,0,0.158,-6.524,0,0.0955,112,4,0.382,1208
11,Huncho Jack,Where U From,66,0.0467,0.76,251969,0.763,0.0,1,0.198,-2.964,1,0.0787,140,4,0.321,1209
11,N.E.R.D,Lemon - Edit,63,0.000881,0.805,146907,0.71,2.64e-05,1,0.358,-6.642,1,0.309,190,4,0.147,1210
11,T.I.,What You Know,63,0.0155,0.551,274333,0.81,0.0,11,0.169,-4.365,1,0.0344,73,4,0.332,1211
11,A$AP Ferg,Work REMIX,73,0.0246,0.841,283693,0.733,0.0,1,0.174,-5.077,1,0.142,130,4,0.284,1212
11,Kodak Black,Take One,71,0.114,0.66,165517,0.615,0.0,1,0.315,-7.2,1,0.47,174,4,0.501,1213
11,Styles P,Good Times,66,0.18,0.676,211493,0.762,0.0,2,0.784,-7.483,1,0.313,82,4,0.648,1214
11,Pusha T,What Would Meek Do?,63,0.0064,0.678,153267,0.636,8.38e-06,1,0.177,-3.155,1,0.0782,83,4,0.0636,1215
11,Offset,Quarter Milli (feat. Gucci Mane),75,0.0688,0.909,194875,0.55,8.97e-05,9,0.11,-7.795,1,0.0728,130,4,0.189,1216
11,Mac Miller,Buttons,63,0.437,0.578,228440,0.714,0.0,7,0.277,-4.853,1,0.19,75,4,0.524,1217
11,Young M.A,OOOUUU,67,0.533,0.64,234526,0.819,0.0,7,0.156,-4.108,1,0.455,166,4,0.623,1218
11,Hopsin,The Old Us,62,0.428,0.435,274282,0.719,0.0,4,0.102,-6.82,0,0.149,93,4,0.137,1219
11,Daddy Yankee,Rompe,65,0.0793,0.701,188627,0.866,1.53e-06,1,0.0617,-5.179,0,0.108,176,4,0.569,1220
11,Lil Peep,I've Been Waiting (w/ ILoveMakonnen & Fall Out Boy),84,0.15,0.741,233613,0.845,0.0,5,0.174,-3.568,0,0.0381,130,4,0.926,1221
11,Lil Peep,Fingers,67,0.0123,0.546,182893,0.835,0.326,0,0.103,-6.399,1,0.0501,134,4,0.423,1222
11,Lil Pump,Vroom Vroom Vroom,68,0.522,0.826,113684,0.492,0.0,6,0.107,-8.271,1,0.354,152,4,0.633,1223
11,J. Cole,Rich Niggaz,66,0.472,0.586,276093,0.717,0.00236,8,0.104,-8.543,0,0.197,125,4,0.306,1224
11,21 Savage,a&t,72,0.00169,0.924,211588,0.567,0.0,5,0.0898,-5.009,1,0.0964,147,4,0.827,1225
11,NF,WHY,74,0.368,0.737,188990,0.77,0.0,10,0.306,-7.753,0,0.51,158,4,0.431,1226
11,Young Money,Steady Mobbin,63,0.0252,0.681,310733,0.694,0.0,0,0.541,-8.123,0,0.258,156,4,0.659,1227
11,XXXTENTACION,Off the Wall!,69,0.123,0.834,203494,0.374,0.0,1,0.134,-10.173,1,0.333,140,4,0.545,1228
11,$uicideBoy$,Scrape,66,0.00962,0.671,103837,0.727,0.00168,1,0.156,-6.143,1,0.189,148,4,0.302,1229
11,K$upreme,Gucci Cologne,64,0.0992,0.944,134428,0.444,0.0,1,0.17,-10.367,1,0.922,130,4,0.312,1230
11,Mr. Probz,Waves - Robin Schulz Radio Edit,75,0.00821,0.829,208133,0.51,0.0014,5,0.0829,-9.334,0,0.0369,120,4,0.45,1231
11,Lil Wayne,Love Me,67,0.0119,0.674,253440,0.608,0.0,8,0.103,-6.628,0,0.0334,125,4,0.464,1232
11,Ski Mask The Slump God,LA LA,73,0.0585,0.765,147413,0.574,0.0,5,0.22,-8.456,1,0.31,140,4,0.606,1233
11,Afroman,Because I Got High,67,0.166,0.8,197760,0.339,0.0,7,0.0791,-8.531,1,0.483,166,4,0.844,1234
11,G Herbo,Never Scared (feat. Juice WRLD),66,0.0607,0.517,200490,0.742,1.53e-06,1,0.107,-5.941,1,0.216,82,4,0.145,1235
11,Lil Pump,What U Sayin' (feat. Smokepurpp),62,0.238,0.949,140488,0.524,2.22e-05,7,0.108,-7.283,1,0.0504,123,4,0.685,1236
11,Meek Mill,Dangerous (feat. Jeremih and PnB Rock),74,0.0581,0.763,234589,0.441,0.0,0,0.0458,-8.211,1,0.256,86,4,0.538,1237
11,Lil Baby,Anyway (feat. 2 Chainz & Gucci Mane),66,0.0555,0.874,226647,0.552,0.0,2,0.279,-5.997,1,0.383,140,4,0.231,1238
11,Big Sean,Bounce Back,79,0.105,0.77,222360,0.567,0.0,2,0.125,-5.698,1,0.175,81,4,0.26,1239
11,OutKast,The Way You Move (feat. Sleepy Brown) - Club Mix,68,0.126,0.871,234000,0.597,0.000115,5,0.0638,-4.932,0,0.0464,126,4,0.635,1240
11,Lil Peep,Avoid,66,0.396,0.56,240253,0.531,0.0,8,0.103,-6.14,0,0.0484,80,4,0.289,1241
11,Huncho Jack,Saint,73,0.00823,0.857,140793,0.642,0.0,0,0.106,-3.656,1,0.0588,150,4,0.0658,1242
11,Eminem,My Dad's Gone Crazy,62,0.111,0.741,266907,0.693,0.0,7,0.324,-4.991,1,0.495,176,4,0.771,1243
11,Logic,Till The End,66,0.216,0.587,312360,0.726,0.0,1,0.0868,-6.263,1,0.214,152,4,0.248,1244
11,Nicky Jam,El Amante - Remix,66,0.311,0.803,225520,0.767,0.0,8,0.073,-5.377,1,0.0535,90,4,0.598,1245
11,JAY Z,Ni**as In Paris,74,0.0763,0.757,219320,0.882,0.0,1,0.251,-6.125,1,0.248,140,4,0.684,1246
11,Lil Durk,Home Body,65,0.256,0.66,203158,0.609,0.0,0,0.131,-6.616,1,0.663,85,4,0.36,1247
11,Naughty By Nature,Hip Hop Hooray,67,0.102,0.862,267267,0.642,0.0,6,0.272,-13.652,0,0.101,99,4,0.765,1248
11,Comethazine,GUSHER GUTS,62,0.0398,0.708,110000,0.802,0.0,1,0.118,-4.189,1,0.129,140,4,0.653,1249
11,Logic,Everybody Dies,66,0.134,0.777,250213,0.923,1.34e-06,2,0.372,-3.904,1,0.177,94,4,0.822,1250
11,Lil Peep,Runaway,74,0.44,0.399,192760,0.591,0.0616,6,0.446,-8.792,0,0.052,80,3,0.175,1251
11,Lil Wayne,Famous (feat. Reginae Carter),68,0.0301,0.624,242050,0.568,0.0,9,0.25,-5.664,1,0.143,150,4,0.115,1252
11,Machine Gun Kelly,Alpha Omega,63,0.103,0.771,212560,0.736,0.0,1,0.217,-6.396,0,0.181,124,4,0.213,1253
11,Drake,Brand New,65,0.631,0.399,213492,0.491,0.0,6,0.171,-8.992,1,0.0714,95,3,0.356,1254
11,TK Kravitz,Ocean (feat. Jacquees),70,0.268,0.709,219437,0.264,0.0,1,0.24,-17.696,0,0.186,134,4,0.341,1255
11,A.CHAL,000000,69,0.494,0.734,165214,0.472,0.00293,1,0.102,-8.192,0,0.306,190,4,0.387,1256
11,Quality Control,My Dawg,68,0.0253,0.911,317701,0.643,0.0,1,0.103,-7.408,1,0.117,133,4,0.605,1257
11,Tech N9ne,Hood Go Crazy,65,0.00714,0.912,225040,0.644,0.0,11,0.107,-6.632,1,0.287,96,4,0.492,1258
11,Oliver Francis,Aahhyeahh,66,0.0223,0.631,185491,0.67,0.138,3,0.358,-9.829,1,0.0622,145,4,0.0611,1259
11,French Montana,Famous,62,0.0234,0.722,244975,0.598,1.64e-05,6,0.121,-6.755,1,0.162,100,4,0.569,1260
11,J. Cole,No Role Modelz,84,0.302,0.696,292987,0.521,0.0,10,0.0565,-8.465,0,0.332,100,4,0.458,1261
11,KILLY,Doomsday,62,0.0495,0.496,184258,0.529,1.78e-06,11,0.098,-9.243,0,0.0303,155,4,0.223,1262
11,A$AP Ferg,Plain Jane REMIX,70,0.0588,0.791,202636,0.839,6.26e-05,11,0.259,-4.284,1,0.266,170,4,0.383,1263
11,cupcakKe,Deepthroat,62,0.184,0.93,199296,0.65,4.92e-05,0,0.198,-6.896,1,0.259,98,4,0.403,1264
11,Reykon,El Chisme,65,0.119,0.723,177799,0.929,0.0,9,0.171,-3.022,0,0.106,93,4,0.812,1265
11,Logic,Wrist,62,0.00793,0.851,205733,0.694,2.87e-06,9,0.0589,-5.642,0,0.256,140,4,0.503,1266
11,Drake,Nothings Into Somethings,62,0.379,0.76,153725,0.227,0.0017,11,0.355,-8.327,0,0.15,97,4,0.279,1267
11,Wiz Khalifa,Promises,62,0.0265,0.565,210467,0.585,0.0,1,0.274,-5.723,0,0.0536,141,5,0.259,1268
11,DaBaby,Baby Sitter (feat. Offset),62,0.0219,0.852,157693,0.73,0.0,1,0.336,-5.803,1,0.0579,93,4,0.394,1269
11,50 Cent,In Da Club,73,0.283,0.865,193467,0.73,0.0,6,0.0753,-2.813,0,0.373,90,4,0.808,1270
11,Gunna,Wit It,74,0.197,0.868,139644,0.657,0.0,7,0.105,-5.318,0,0.0745,126,4,0.508,1271
11,Future,Never Stop,71,0.0662,0.571,291334,0.556,0.000149,1,0.137,-5.857,1,0.223,155,4,0.0762,1272
11,Bass Santana,Make Eem Run!,75,0.747,0.936,192000,0.514,0.0,2,0.11,-8.908,0,0.271,130,4,0.812,1273
11,Childish Gambino,Summertime Magic,74,0.0129,0.76,213600,0.579,0.00351,0,0.106,-7.374,1,0.0569,100,4,0.125,1274
11,CeeLo Green,Fuck You,67,0.129,0.69,222933,0.834,0.0,0,0.136,-5.79,1,0.0566,127,4,0.738,1275
11,Chief Keef,Hate Bein' Sober,66,0.00469,0.821,280173,0.469,0.0,8,0.141,-7.152,1,0.0473,132,4,0.321,1276
11,Alexis y Fido,Una En Un Millón,64,0.359,0.865,208840,0.705,0.0,4,0.128,-4.919,0,0.059,95,4,0.555,1277
11,Big Sean,Blessings,67,0.315,0.789,252040,0.621,0.0,10,0.136,-7.685,0,0.283,119,4,0.158,1278
11,Russ,Me You,70,0.00196,0.702,164200,0.762,0.000451,8,0.142,-2.733,1,0.0328,95,4,0.233,1279
11,Jay Rock,Tap Out (feat. Jeremih),65,0.105,0.676,199960,0.62,0.0,5,0.211,-6.343,0,0.0562,100,4,0.607,1280
11,2 Chainz,PROUD,62,0.738,0.781,234667,0.81,0.0,10,0.144,-4.301,0,0.356,174,4,0.908,1281
11,Dr. Dre,Xxplosive,65,0.201,0.78,215200,0.882,1.07e-05,1,0.15,-4.368,1,0.134,169,4,0.926,1282
11,NF,Dreams,67,0.394,0.49,221573,0.351,7.78e-06,11,0.111,-12.918,0,0.194,82,1,0.316,1283
11,Kendrick Lamar,LUST.,66,0.193,0.678,307880,0.562,0.0,3,0.104,-9.197,0,0.508,94,4,0.566,1284
11,ILoveMakonnen,Tuesday (feat. Drake),65,0.215,0.77,321987,0.664,0.000118,0,0.105,-5.604,1,0.211,140,4,0.472,1285
11,Logic,Keanu Reeves,87,0.0591,0.71,225987,0.888,0.0,2,0.134,-6.457,1,0.235,170,4,0.816,1286
11,$uicideBoy$,Nicotine Patches,67,0.0174,0.743,156034,0.569,0.000736,0,0.264,-9.703,0,0.131,146,4,0.384,1287
11,Lupe Fiasco,The Show Goes On,69,0.0189,0.591,239613,0.889,0.0,7,0.155,-3.839,1,0.115,143,4,0.65,1288
11,Wisin & Yandel,Aullando,84,0.184,0.8,226200,0.74,0.0,10,0.0558,-4.52,0,0.0479,90,4,0.775,1289
11,Isaiah Rashad,Wat's Wrong (feat. Zacari & Kendrick Lamar),69,0.151,0.706,330783,0.688,0.0,1,0.466,-6.357,1,0.269,126,4,0.313,1290
11,Fetty Wap,679 (feat. Remy Boyz),76,0.00256,0.618,196693,0.717,0.0,7,0.625,-5.738,1,0.318,190,4,0.603,1291
11,Logic,State Of Emergency,62,0.0855,0.686,154373,0.67,0.0,0,0.12,-7.626,1,0.225,174,4,0.636,1292
11,Drake,Unstoppable (feat. Santigold & Lil Wayne),67,0.165,0.774,209957,0.912,0.0,2,0.745,-2.787,0,0.347,150,4,0.821,1293
11,HoodRich Pablo Juan,We Don't Luv Em (Remix),69,0.293,0.896,193776,0.615,0.0,6,0.122,-9.326,0,0.326,140,4,0.89,1294
11,Paulo Londra,Dímelo,74,0.0563,0.832,212444,0.71,0.0,2,0.086,-5.541,1,0.231,135,4,0.373,1295
11,Lil Peep,Broken Smile (My All),72,0.0459,0.545,280520,0.517,0.00724,0,0.15,-8.681,0,0.0359,120,4,0.115,1296
11,NAV,Held Me Down,73,0.482,0.826,228107,0.422,0.0,3,0.108,-8.217,0,0.11,120,4,0.218,1297
11,Drake,Under Ground Kings,62,5.2e-05,0.487,212613,0.712,0.0,8,0.198,-7.323,1,0.27,156,4,0.397,1298
11,DrefQuila,A fuego,70,0.338,0.828,233813,0.352,0.0,7,0.0981,-6.665,0,0.0602,116,4,0.349,1299
11,Zion & Lennox,La Player (Bandolera),83,0.16,0.769,249609,0.838,0.0,2,0.0935,-5.238,1,0.0633,94,4,0.602,1300
11,Drake,Preach,63,0.208,0.563,236973,0.501,7.89e-05,11,0.104,-8.041,0,0.426,130,4,0.398,1301
11,Nipsey Hussle,Racks In The Middle (feat. Roddy Ricch and Hit-Boy),69,0.0825,0.671,233278,0.833,0.0,5,0.0726,-5.152,0,0.395,79,4,0.702,1302
11,OutKast,Hey Ya! - Radio Mix / Club Mix,78,0.103,0.728,235213,0.974,0.000532,4,0.175,-2.261,0,0.0665,80,4,0.965,1303
11,Lloyd Banks,On Fire,63,0.104,0.69,187280,0.827,0.00083,8,0.274,-4.264,1,0.232,95,4,0.445,1304
11,Kodak Black,Could Of Been Different,65,0.232,0.883,192000,0.823,0.0,0,0.0817,-4.53,1,0.246,105,4,0.35,1305
11,Cooliecut,Nothing,69,0.65,0.722,128000,0.654,0.00213,9,0.137,-7.115,1,0.0279,120,4,0.55,1306
11,KILLY,No Sad No Bad,72,0.0123,0.755,131500,0.569,0.0,1,0.103,-7.996,1,0.05,75,4,0.435,1307
11,OutKast,ATLiens,67,0.0294,0.918,230693,0.734,7.9e-06,11,0.191,-2.832,0,0.269,97,4,0.608,1308
11,Lil Jon & The East Side Boyz,Lovers And Friends,64,0.0541,0.675,260600,0.501,0.0,10,0.429,-6.183,1,0.22,140,4,0.532,1309
11,Kodak Black,ZEZE (feat. Travis Scott & Offset),93,0.0521,0.861,228760,0.603,0.0,8,0.0924,-5.788,0,0.176,98,4,0.504,1310
11,Migos,Notice Me,76,0.104,0.796,233880,0.338,1.12e-06,5,0.165,-9.754,0,0.315,166,4,0.474,1311
11,Young Thug,pick up the phone,75,0.114,0.711,252256,0.739,0.0,7,0.226,-3.804,0,0.129,137,4,0.43,1312
11,Shoreline Mafia,Whuss The Deal,71,0.155,0.837,195636,0.403,0.000511,2,0.225,-10.053,1,0.33,83,4,0.2,1313
11,Bryson Tiller,Exchange,81,0.108,0.53,194613,0.433,0.0,6,0.135,-10.598,1,0.185,160,4,0.274,1314
11,Ice Cube,No Vaseline,67,0.174,0.558,313053,0.959,0.0,11,0.422,-3.193,0,0.386,105,4,0.522,1315
11,2 Chainz,Forgiven (feat. Marsha Ambrosius),70,0.155,0.491,323307,0.523,0.0,7,0.405,-9.417,1,0.592,74,4,0.243,1316
11,Young Nudy,Zone 6 (Remix) (feat. Future & 6LACK),64,0.128,0.858,236947,0.406,0.0,9,0.375,-9.404,1,0.649,156,4,0.596,1317
11,Big Sean,Living Single,68,0.214,0.717,276347,0.618,0.0,11,0.108,-5.419,1,0.315,80,4,0.719,1318
11,Ali Gatie,Can't Lie,65,0.872,0.802,195066,0.414,0.0,7,0.0863,-10.635,1,0.0776,132,4,0.377,1319
11,A$AP Rocky,Hun43rd,63,0.444,0.584,242747,0.546,0.0,2,0.355,-9.321,1,0.0762,136,4,0.355,1320
11,Bas,Tribe (with J. Cole),78,0.241,0.755,238053,0.594,0.0,7,0.107,-5.906,1,0.216,179,4,0.237,1321
11,50 Cent,P.I.M.P.,69,0.0485,0.673,249467,0.785,3.65e-06,10,0.0397,-2.894,0,0.351,85,4,0.85,1322
11,Lil Baby,Deep End (Lil Baby & Gunna),65,0.269,0.669,174662,0.54,0.0,11,0.0982,-8.118,1,0.5,150,4,0.415,1323
11,Nengo Flow,Hoy (feat. Bad Bunny),62,0.23,0.675,234272,0.681,0.0,5,0.132,-4.495,0,0.151,142,4,0.553,1324
11,Kevin Roldan,PPP - Remix,80,0.287,0.803,214600,0.749,0.0,4,0.369,-4.358,1,0.143,93,4,0.67,1325
11,Drake,Ratchet Happy Birthday,67,0.106,0.657,207307,0.571,0.00121,2,0.0735,-12.519,1,0.14,168,4,0.626,1326
11,Migos,Gang Gang,66,0.272,0.635,181319,0.601,0.0,2,0.112,-9.837,1,0.144,180,4,0.515,1327
11,Ski Mask The Slump God,Save Me Pt 2 (feat. Austin Lam),67,0.371,0.769,188707,0.368,0.0,0,0.12,-10.934,1,0.0988,123,4,0.482,1328
11,Drake,Crew Love,70,0.227,0.418,208813,0.546,0.0,0,0.229,-9.057,0,0.238,160,4,0.294,1329
11,Drake,Still Here,63,0.0235,0.835,189853,0.436,0.0,0,0.635,-9.602,1,0.176,134,3,0.234,1330
11,Tyga,Ice Cream Man,68,0.167,0.902,186672,0.67,0.0,10,0.107,-4.074,1,0.19,144,4,0.39,1331
11,"nothing,nowhere.",Ornament,62,0.00151,0.535,250464,0.842,0.0,7,0.0807,-5.133,1,0.154,126,4,0.287,1332
11,Future,PIE,65,0.144,0.755,211240,0.6,0.0,5,0.117,-6.431,0,0.309,156,4,0.652,1333
11,A$AP Rocky,Lord Pretty Flacko Jodye 2 (LPFJ2),70,0.0122,0.489,126960,0.718,0.0,6,0.0546,-5.989,1,0.11,208,4,0.0568,1334
11,Young Thug,Chanel (Go Get It) [feat. Gunna & Lil Baby],79,0.00183,0.938,201707,0.5,0.0,4,0.077,-10.08,0,0.144,140,4,0.462,1335
11,Kodak Black,Don't Wanna Breathe,65,0.282,0.709,196672,0.6,0.0,8,0.134,-7.079,0,0.102,142,4,0.345,1336
11,Paulo Londra,Relax,66,0.786,0.832,233143,0.348,2.65e-05,1,0.104,-13.025,0,0.367,113,4,0.546,1337
11,Drake,Scholarships,62,0.0966,0.556,209288,0.416,1.19e-05,0,0.1,-9.319,0,0.369,84,3,0.256,1338
11,Nicky Jam,Hasta el Amanecer,74,0.282,0.832,198707,0.608,0.0,6,0.0761,-6.042,0,0.0385,94,4,0.589,1339
11,"Héctor ""El Father""",El Telefono,65,0.188,0.809,235627,0.689,0.0,2,0.469,-7.098,1,0.135,90,4,0.498,1340
11,Aventura,El Perdedor,69,0.327,0.782,215213,0.589,0.0,2,0.121,-10.647,0,0.0341,128,4,0.886,1341
11,Drake,Uptown (feat. Bun B & Lil Wayne),69,0.00391,0.416,382262,0.824,0.0,1,0.104,-3.075,1,0.343,85,5,0.417,1342
11,Global Dan,Off-White (feat. Mongo),63,0.307,0.656,165183,0.518,0.0,1,0.231,-7.722,1,0.0998,155,4,0.503,1343
11,Nio Garcia,Quiere Fumar - Remix,66,0.168,0.871,386880,0.687,1.36e-06,8,0.0448,-5.19,1,0.174,95,4,0.592,1344
11,Takeoff,She Gon Wink,70,0.102,0.753,216214,0.736,0.0,1,0.189,-6.157,0,0.0865,141,4,0.272,1345
11,Meek Mill,Millidelphia (feat. Swizz Beatz),68,0.0854,0.851,215839,0.702,0.0,1,0.374,-4.172,1,0.268,127,4,0.179,1346
11,Don Omar,Taboo,65,0.0449,0.43,292160,0.886,0.0,0,0.0879,-5.811,1,0.0828,187,3,0.808,1347
11,"quickly, quickly",Getsomerest/sleepwell,68,0.605,0.637,332173,0.394,0.305,7,0.0968,-13.536,1,0.286,132,4,0.361,1348
11,Pouya,1000 Rounds,71,0.0111,0.825,163371,0.761,0.00359,8,0.334,-5.389,1,0.104,150,4,0.161,1349
11,Russ,Losin Control,79,0.515,0.759,237507,0.245,0.000154,6,0.102,-6.545,1,0.138,97,4,0.209,1350
11,Eminem,'Till I Collapse,85,0.0757,0.572,297893,0.853,0.0,1,0.0798,-3.203,1,0.217,171,4,0.102,1351
11,R.K.M & Ken-Y,Me Matas,64,0.0567,0.775,196360,0.744,0.0,7,0.392,-5.912,1,0.0916,93,4,0.581,1352
11,Wiz Khalifa,Getting Loose (feat. Problem),66,0.111,0.9,181844,0.439,0.0,1,0.0964,-6.505,1,0.241,102,4,0.21,1353
11,Migos,White Sand,64,0.0317,0.833,202835,0.58,0.0,5,0.272,-7.57,0,0.0824,142,4,0.419,1354
11,Aminé,Turf,62,0.564,0.655,265840,0.413,1.84e-06,9,0.113,-9.247,0,0.281,148,4,0.439,1355
11,Drake,No Tellin',65,0.535,0.827,310933,0.477,0.0,7,0.136,-10.408,0,0.275,95,4,0.558,1356
11,Famous Dex,"Nervous (feat. Lil Baby, Jay Critch & Rich the Kid)",70,0.235,0.68,230408,0.732,0.000174,10,0.0705,-7.108,0,0.27,75,4,0.864,1357
11,NSG,Options,81,0.387,0.836,240082,0.621,9.16e-05,1,0.104,-4.685,0,0.0892,102,4,0.762,1358
11,88GLAM,Baby Bro,65,0.0952,0.753,243200,0.663,3.45e-06,11,0.274,-5.803,0,0.0654,150,4,0.328,1359
11,Logic,Under Pressure,66,0.239,0.701,559533,0.856,0.0,11,0.106,-5.465,1,0.219,84,4,0.563,1360
11,G-Eazy,"No Limit REMIX (feat. A$AP Rocky, French Montana, Juicy J & Belly)",67,0.0129,0.84,278105,0.736,0.0,1,0.0849,-3.757,1,0.289,176,4,0.415,1361
11,Eminem,Rap God,79,0.397,0.708,363521,0.843,0.0,7,0.799,-2.66,1,0.314,148,4,0.625,1362
11,Shoreline Mafia,Pressure (feat. OhGeesy & Fenix Flexin),66,0.164,0.749,164400,0.755,1.22e-05,0,0.176,-5.875,1,0.141,103,4,0.323,1363
11,Lil Peep,White Wine,70,0.0121,0.675,155693,0.574,1.11e-05,6,0.108,-8.066,1,0.0559,135,4,0.482,1364
11,ScHoolboy Q,Studio,69,0.0507,0.709,278067,0.589,0.0,8,0.0585,-7.776,0,0.0433,134,3,0.58,1365
11,J. Cole,Crooked Smile,71,0.433,0.607,278573,0.784,0.0,7,0.689,-6.293,1,0.268,81,4,0.482,1366
11,Machine Gun Kelly,"Home (with Machine Gun Kelly, X Ambassadors & Bebe Rexha)",75,0.00413,0.653,202805,0.718,0.0,3,0.0537,-5.232,0,0.213,82,4,0.216,1367
11,J. Cole,Lost Ones,64,0.103,0.727,263720,0.781,0.0,5,0.0537,-8.614,1,0.29,81,4,0.682,1368
11,50 Cent,Many Men (Wish Death),66,0.0153,0.574,256227,0.841,0.000797,11,0.121,-2.92,0,0.43,108,5,0.402,1369
11,Offset,Lick,79,0.172,0.959,204516,0.539,0.0,4,0.108,-6.611,0,0.0958,103,4,0.657,1370
11,Gunna,Out The Hood,72,0.375,0.84,155873,0.427,2.55e-05,5,0.111,-9.777,0,0.376,148,4,0.445,1371
11,Playboi Carti,Flex,62,0.48,0.75,240460,0.594,0.0,0,0.166,-5.619,0,0.282,130,4,0.255,1372
11,Drake,Summer Games,71,0.477,0.775,247893,0.482,0.0456,1,0.11,-11.269,1,0.0357,136,4,0.134,1373
11,Drake,Houstatlantavegas,70,0.393,0.683,290791,0.695,0.00124,1,0.124,-6.798,0,0.0574,135,4,0.406,1374
11,$uicideBoy$,Kill Yourself (Part III),78,0.324,0.753,145078,0.679,4.21e-05,5,0.423,-7.092,0,0.0349,106,4,0.19,1375
11,De La Ghetto,Caliente (feat. J Balvin),63,0.318,0.837,206560,0.847,0.0,4,0.261,-4.395,1,0.0982,91,4,0.73,1376
11,Killstation,Extinction,63,0.00436,0.549,84558,0.497,0.0,3,0.0698,-8.645,0,0.22,66,3,0.113,1377
11,Skepta,Pure Water,62,0.0256,0.594,187399,0.776,0.0,0,0.144,-4.289,1,0.287,138,4,0.402,1378
11,Russ,Missin You Crazy,82,0.0991,0.716,226693,0.729,0.0,5,0.0842,-6.313,1,0.117,132,4,0.276,1379
11,Migos,Supastars,63,0.25,0.781,293138,0.676,0.0,1,0.0783,-4.387,1,0.0596,76,4,0.328,1380
11,Drake,Sandra’s Rose,70,0.0481,0.487,216333,0.849,0.0,1,0.143,-5.432,1,0.246,152,4,0.52,1381
11,YBN Cordae,Kung Fu,79,0.0227,0.876,199680,0.608,1.16e-05,8,0.107,-6.019,1,0.109,125,4,0.258,1382
11,Eminem,Won't Back Down,64,0.0133,0.478,265907,0.951,2.21e-06,2,0.0533,-2.347,1,0.19,180,3,0.338,1383
11,Bryson Tiller,Run Me Dry,70,0.393,0.646,169267,0.756,3.23e-05,9,0.202,-9.017,0,0.487,194,4,0.596,1384
11,Big Pun,Still Not a Player (feat. Joe) - Radio Version,68,0.203,0.9,236800,0.619,0.00156,4,0.0647,-6.518,0,0.312,94,4,0.864,1385
11,ScHoolboy Q,X (with 2 Chainz & Saudi),77,0.0201,0.768,267427,0.471,0.0,2,0.268,-8.406,1,0.259,131,4,0.405,1386
11,Yung Pinch,20 Years Later,66,0.234,0.76,215189,0.517,1.12e-06,9,0.113,-7.283,0,0.11,145,4,0.545,1387
11,Lil Peep,Sunlight On Your Skin - Bonus Track,69,0.0122,0.68,200000,0.597,0.000599,4,0.114,-7.198,0,0.0304,120,4,0.3,1388
11,Logic,Like Woah,63,0.035,0.717,232693,0.907,0.00696,4,0.594,-4.457,0,0.0389,107,4,0.401,1389
11,Smokepurpp,Do Not Disturb (feat. Lil Yachty & Offset),74,0.203,0.878,157557,0.647,0.00185,10,0.335,-4.566,0,0.0659,131,4,0.212,1390
11,Lupe Fiasco,Battle Scars,71,0.186,0.517,250320,0.811,0.0,5,0.105,-4.526,0,0.286,168,4,0.494,1391
11,Paulo Londra,Chica Paranormal,80,0.216,0.84,221214,0.596,0.0,6,0.0897,-4.319,0,0.0918,140,4,0.71,1392
11,Onyx,Slam,62,0.0706,0.879,218507,0.692,0.00426,4,0.915,-12.958,1,0.352,98,4,0.804,1393
11,Alexis y Fido,Dale ParaTra,67,0.0395,0.755,170440,0.96,2.43e-05,4,0.332,-3.189,0,0.123,99,4,0.661,1394
11,Don Omar,Dutty Love,62,0.232,0.742,285333,0.873,1.17e-05,1,0.114,-3.373,1,0.082,90,4,0.899,1395
11,88GLAM,Purple Baguettes,62,0.303,0.699,168493,0.43,0.0,10,0.11,-8.641,0,0.111,120,5,0.39,1396
11,Future,Fine China,85,0.0484,0.656,141587,0.542,0.0,7,0.126,-7.358,1,0.323,166,4,0.551,1397
11,J. Cole,St. Tropez,64,0.054,0.561,257920,0.541,0.0371,9,0.0627,-9.818,0,0.0711,84,4,0.324,1398
11,A$AP Mob,Telephone Calls,64,0.194,0.732,230920,0.772,1.54e-06,2,0.242,-6.142,0,0.267,123,4,0.493,1399
11,Denzel Curry,CLOUT COBAIN | CLOUT CO13A1N,72,0.591,0.794,231333,0.448,0.0,10,0.109,-4.771,0,0.0539,120,4,0.588,1400
11,Key Glock,Russian Cream,70,0.11,0.867,142498,0.774,0.0,11,0.157,-5.791,0,0.315,130,4,0.549,1401
11,Drake,Hype,64,0.0244,0.789,209413,0.608,0.0,7,0.368,-8.288,1,0.189,130,4,0.271,1402
11,Mac Miller,Conversation Pt. 1,67,0.64,0.787,210253,0.472,5.22e-05,6,0.11,-10.032,0,0.113,145,4,0.264,1403
11,Kendrick Lamar,All The Stars (with SZA),84,0.0605,0.698,232187,0.633,0.000194,8,0.0926,-4.946,1,0.0597,97,4,0.552,1404
11,Gucci Mane,I'm Not Goin' (feat. Kevin Gates),68,0.156,0.835,196087,0.527,0.0,2,0.121,-5.48,1,0.295,131,4,0.292,1405
11,50 Cent,Just A Lil Bit,74,0.0322,0.489,237707,0.692,0.00608,1,0.315,-6.672,1,0.41,97,4,0.527,1406
11,Flatbush Zombies,Bounce,64,0.0113,0.628,241520,0.618,0.0,5,0.109,-8.4,0,0.313,110,4,0.362,1407
11,Mobb Deep,Quiet Storm,64,0.366,0.79,265493,0.728,0.0,2,0.112,-9.221,1,0.391,97,4,0.403,1408
11,Kid Cudi,Pursuit Of Happiness (Nightmare),71,0.511,0.629,295293,0.622,0.000174,0,0.383,-8.906,1,0.0404,115,4,0.264,1409
11,SAINt JHN,Reflex,66,0.134,0.692,241842,0.497,0.000207,1,0.111,-7.252,0,0.108,135,4,0.309,1410
11,Hopsin,Low-Key,65,0.221,0.645,212701,0.833,0.0,11,0.134,-3.715,1,0.32,84,4,0.721,1411
11,Andy Mineo,I Ain't Done,64,0.0074,0.762,215061,0.533,0.00173,1,0.186,-9.154,1,0.0677,115,5,0.416,1412
11,Migos,Versace (Remix),65,0.0218,0.845,246047,0.705,0.0,6,0.339,-4.271,0,0.243,132,4,0.334,1413
11,YG,TOO COCKY,64,0.0137,0.925,172773,0.354,0.0,5,0.334,-8.163,1,0.13,100,4,0.405,1414
11,Danny Ocean,Epa Wei,80,0.233,0.688,208254,0.82,0.0,6,0.091,-4.715,0,0.155,108,4,0.804,1415
11,Eminem,My Name Is,75,0.0416,0.869,268400,0.68,1.12e-06,1,0.0914,-6.233,1,0.318,86,4,0.815,1416
11,Joey Bada$$,Love Is Only a Feeling,64,0.53,0.629,152041,0.676,0.000325,1,0.701,-7.088,0,0.191,90,4,0.497,1417
11,2Pac,Can't C Me,66,0.0432,0.797,330760,0.852,3.97e-06,0,0.409,-2.234,1,0.172,95,4,0.674,1418
13,Juice WRLD,Out My Way,69,0.111,0.674,156621,0.833,0.0,10,0.76,-3.192,0,0.286,164,4,0.508,1419
13,Lil Uzi Vert,The Way Life Goes (feat. Oh Wonder),80,0.617,0.703,221747,0.757,0.0,1,0.106,-3.612,1,0.05,82,4,0.696,1420
13,Travis Scott,STARGAZING,84,0.00947,0.487,270715,0.789,4.05e-06,8,0.189,-3.69,1,0.044,150,4,0.0564,1421
13,Alle Farben,Fading,80,0.0232,0.734,207013,0.76,0.0,11,0.127,-5.267,0,0.0415,122,4,0.685,1422
13,Post Malone,Go Flex,83,0.228,0.665,179613,0.498,0.0,5,0.0757,-8.185,1,0.0831,82,4,0.127,1423
13,Lil Dicky,$ave Dat Money (feat. Fetty Wap & Rich Homie Quan),71,0.114,0.858,290836,0.697,0.0,2,0.224,-5.361,1,0.23,98,4,0.364,1424
13,Trippie Redd,Can't Love,73,0.00244,0.842,169412,0.567,1.89e-05,4,0.168,-6.504,0,0.0525,136,4,0.256,1425
13,Post Malone,Better Now,93,0.354,0.68,231267,0.563,0.0,10,0.136,-5.843,1,0.0454,145,4,0.374,1426
13,Post Malone,Otherside,76,0.354,0.645,228227,0.657,5.17e-06,9,0.213,-5.688,0,0.0334,105,4,0.136,1427
13,Aries,SAYONARA,66,0.0111,0.548,180789,0.63,0.000721,5,0.128,-6.1,1,0.0343,76,4,0.338,1428
13,6ix9ine,WAKA (feat. A Boogie Wit da Hoodie),80,0.0834,0.772,128769,0.812,0.0,0,0.115,-3.995,0,0.153,97,4,0.655,1429
13,A Boogie Wit da Hoodie,Drowning (feat. Kodak Black),81,0.501,0.839,209269,0.81,0.0,5,0.117,-5.274,0,0.0568,129,4,0.814,1430
13,Luke Christopher,I WALK UP,62,0.828,0.472,181445,0.43,0.0,6,0.135,-6.29,1,0.135,91,4,0.741,1431
13,Trippie Redd,Shake It Up,79,0.128,0.776,116681,0.608,0.0,10,0.0932,-6.478,0,0.104,156,4,0.402,1432
13,Sneakk,Spray (feat. Tyga & YG),64,0.176,0.737,220293,0.659,0.0,9,0.134,-5.621,1,0.264,192,4,0.465,1433
13,Bryce Vine,La La Land (feat. YG),69,0.223,0.781,177118,0.469,0.0,1,0.19,-5.107,0,0.0569,98,4,0.412,1434
13,frumhere,brooklyn baby,67,0.81,0.579,141500,0.34,0.249,4,0.126,-15.129,0,0.313,136,4,0.185,1435
13,Lil Mosey,Trapstar,65,0.261,0.682,144000,0.662,0.0,7,0.115,-5.782,1,0.0398,160,4,0.171,1436
13,BONES,Sodium,62,0.199,0.756,115333,0.317,0.874,4,0.0746,-15.468,0,0.0703,121,4,0.108,1437
13,Post Malone,Ball For Me (feat. Nicki Minaj),81,0.493,0.792,206267,0.56,0.0,9,0.0849,-4.125,1,0.225,134,4,0.505,1438
13,Post Malone,Wow.,99,0.163,0.833,149520,0.539,2.1e-06,11,0.101,-7.399,0,0.178,100,4,0.385,1439
13,Travis Scott,SICKO MODE - Skrillex Remix,80,0.0214,0.651,304512,0.833,0.0,1,0.14,-3.356,1,0.172,155,4,0.443,1440
13,A Boogie Wit da Hoodie,Look Back At It,91,0.407,0.791,179449,0.587,0.0,3,0.148,-5.075,0,0.0413,96,4,0.536,1441
13,Shaggy,Boombastic,65,0.242,0.866,249933,0.538,1.67e-05,2,0.316,-16.183,1,0.36,158,4,0.78,1442
13,Pardison Fontaine,Backin' It Up (feat. Cardi B),79,0.0886,0.796,190466,0.68,0.0,10,0.268,-4.853,0,0.353,165,4,0.565,1443
13,Kina,Get You The Moon (feat. Snøw),80,0.72,0.498,179080,0.235,0.0,1,0.144,-16.541,0,0.188,119,4,0.0895,1444
13,Blueface,Fucced Em,64,0.128,0.909,104767,0.43,7.21e-05,1,0.125,-10.087,1,0.585,110,4,0.113,1445
13,Blai$y,World Without You,66,0.645,0.703,106696,0.34,0.0071,7,0.106,-14.309,1,0.209,108,4,0.0992,1446
13,6ix9ine,"FEFE (feat. Nicki Minaj, Murda Beatz)",86,0.088,0.931,179405,0.387,0.0,1,0.136,-9.127,1,0.412,126,4,0.376,1447
13,Travis Scott,through the late night,72,0.36,0.744,286236,0.589,0.0,5,0.119,-1.218,0,0.0359,127,4,0.242,1448
13,Juice WRLD,I'm Still,73,0.0811,0.631,192859,0.672,0.0,11,0.154,-4.583,1,0.0347,120,4,0.282,1449
13,Trippie Redd,Dark Knight Dummo,70,0.167,0.28,256163,0.821,0.0,8,0.139,-2.864,0,0.111,181,3,0.254,1450
13,Ollie MN,Please Never Fall in Love Again,64,0.838,0.646,154000,0.0828,1.2e-05,10,0.0934,-16.205,1,0.0435,109,4,0.293,1451
13,Cardi B,Bartier Cardi (feat. 21 Savage),78,0.00111,0.908,224285,0.524,0.000678,1,0.383,-7.955,1,0.181,138,4,0.109,1452
13,Juice WRLD,All Girls Are The Same,86,0.0769,0.671,165820,0.529,0.000335,0,0.0856,-7.226,1,0.307,162,4,0.203,1453
13,Trippie Redd,Topanga,83,0.00587,0.755,215364,0.615,1.75e-06,4,0.109,-8.245,1,0.0454,106,4,0.039,1454
13,Kanye West,Gold Digger,80,0.0223,0.638,207627,0.699,0.0,1,0.0917,-5.54,0,0.384,93,4,0.66,1455
13,Post Malone,Stay,82,0.414,0.479,204427,0.468,0.0,5,0.148,-5.396,1,0.0274,86,4,0.35,1456
13,A Boogie Wit da Hoodie,Just Like Me (feat. Young Thug),77,0.156,0.774,220888,0.623,0.0,5,0.0955,-7.871,1,0.245,129,5,0.393,1457
13,Kuzu Mellow,Sunflower Feelings,68,0.756,0.824,88644,0.448,3.5e-05,0,0.126,-14.694,1,0.0945,130,4,0.565,1458
13,Lil Uzi Vert,20 Min,75,0.109,0.773,220587,0.75,0.0,8,0.174,-4.009,0,0.117,123,4,0.783,1459
13,Travis Scott,WAKE UP,77,0.192,0.741,231964,0.645,0.0,11,0.163,-5.116,0,0.0963,149,4,0.488,1460
13,The Weeknd,Starboy,85,0.141,0.678,230453,0.588,6.35e-06,7,0.137,-7.015,1,0.276,186,4,0.486,1461
13,6ix9ine,BEBE (feat. Anuel Aa),88,0.172,0.635,217822,0.902,0.0,0,0.125,-3.559,1,0.109,102,4,0.286,1462
13,Trippie Redd,In Too Deep,65,0.0944,0.614,223139,0.582,0.0,0,0.227,-5.703,1,0.0488,143,4,0.153,1463
13,Kanye West,Flashing Lights,68,0.0315,0.634,237507,0.649,0.0,6,0.482,-7.505,0,0.0486,90,4,0.509,1464
13,Trippie Redd,Hellboy,63,0.576,0.577,188277,0.647,0.0,9,0.263,-4.493,0,0.169,140,4,0.489,1465
13,Lirico En La Casa,Marianela,64,0.214,0.831,186723,0.761,0.0219,8,0.0615,-6.944,1,0.0579,117,4,0.793,1466
13,Colt Ford,Workin' on,66,0.0658,0.521,224700,0.804,0.0,0,0.0521,-4.395,1,0.0569,144,4,0.553,1467
13,Kanye West,Monster,72,0.00244,0.628,378893,0.692,0.013,2,0.668,-5.64,1,0.202,125,5,0.0964,1468
13,Macklemore,Ain't Gonna Die Tonight (feat. Eric Nally),62,0.232,0.687,214720,0.768,0.0,7,0.118,-5.579,0,0.14,82,4,0.865,1469
13,Lund,Alone,64,0.654,0.742,254000,0.355,0.703,2,0.384,-15.506,1,0.0814,120,4,0.037,1470
13,Blueface,Respect My Cryppin’,74,0.157,0.827,141037,0.419,0.0,8,0.0886,-9.291,1,0.452,96,4,0.192,1471
13,Cardi B,Get Up 10,71,0.0977,0.806,231453,0.57,0.0,1,0.105,-6.927,1,0.246,93,4,0.454,1472
13,A Boogie Wit da Hoodie,Pretending (feat. Jessie Reyez),64,0.206,0.649,177339,0.558,1.05e-06,4,0.156,-5.675,0,0.425,75,4,0.15,1473
13,Post Malone,Blame It On Me,76,0.135,0.651,261800,0.587,1.07e-05,11,0.149,-7.307,0,0.0421,122,4,0.317,1474
13,Trippie Redd,Taking A Walk,80,0.68,0.767,121680,0.538,0.0,0,0.192,-6.044,0,0.052,81,4,0.343,1475
13,guccihighwaters,oh fuck im drunk,63,0.846,0.71,161897,0.394,2.35e-06,3,0.11,-9.959,0,0.0367,120,4,0.198,1476
13,Ollie MN,Wish the World Away,65,0.845,0.704,154000,0.41,0.753,3,0.113,-10.973,0,0.031,120,4,0.192,1477
13,Mike Sherm,Hot Nigga,62,0.0998,0.86,96095,0.553,0.056,2,0.264,-9.096,1,0.0665,107,4,0.131,1478
13,Lil Peep,Problems,70,0.000144,0.64,209213,0.558,0.865,1,0.103,-7.078,1,0.0271,115,4,0.207,1479
13,Ondi Vil,Please Come Back,62,0.51,0.737,121522,0.241,0.00572,9,0.108,-16.034,0,0.0882,100,4,0.345,1480
13,Alle Farben,H.O.L.Y.,71,0.215,0.565,175440,0.645,0.0,0,0.184,-5.858,0,0.0563,100,4,0.483,1481
13,Lil Mosey,Rarri,70,0.0977,0.763,105347,0.583,1.45e-06,1,0.15,-7.315,0,0.0838,83,4,0.809,1482
13,Blueface,Freak Bitch,68,0.392,0.877,105626,0.542,0.0,9,0.218,-9.789,1,0.485,100,4,0.407,1483
13,A Boogie Wit da Hoodie,Jungle,74,0.308,0.538,174192,0.52,0.0,7,0.214,-11.063,0,0.737,180,4,0.551,1484
13,Trippie Redd,Me Likey,65,0.157,0.702,161110,0.561,0.0,0,0.166,-6.051,0,0.0491,144,4,0.295,1485
13,Lil Uzi Vert,Sauce It Up,74,0.0715,0.813,207039,0.528,0.0,6,0.125,-6.305,0,0.313,80,4,0.131,1486
13,Trippie Redd,A.L.L.T.Y. 3,65,0.111,0.561,180800,0.785,0.0,8,0.121,-5.376,0,0.452,150,4,0.458,1487
13,Beowülf,Today Is a Gift,66,0.557,0.763,154776,0.314,0.873,5,0.114,-16.465,1,0.118,142,4,0.509,1488
13,Lil Mosey,Noticed,87,0.462,0.699,165000,0.558,0.0,11,0.116,-7.622,1,0.0603,80,4,0.493,1489
13,Linkin Park,My December,63,0.375,0.73,260560,0.585,0.0101,0,0.147,-9.274,1,0.0238,100,4,0.721,1490
13,Young Dolph,Break The Bank (feat. Offset),63,0.00445,0.941,184187,0.671,0.00284,8,0.139,-6.259,1,0.322,140,4,0.198,1491
13,Post Malone,Psycho (feat. Ty Dolla $ign),89,0.58,0.739,221440,0.559,0.0,8,0.112,-8.011,1,0.117,140,4,0.439,1492
13,Lil Mosey,Fu shit,68,0.382,0.666,158049,0.609,0.0,1,0.128,-7.567,1,0.0466,82,4,0.541,1493
13,Everlast,What It's Like,68,0.0904,0.678,303133,0.556,0.0334,0,0.0866,-7.423,1,0.0281,85,4,0.405,1494
13,Juice WRLD,The Bees Knees,69,0.152,0.431,325810,0.711,0.0,0,0.787,-4.656,1,0.0602,140,4,0.319,1495
13,BONES,HDMI,65,0.698,0.708,139375,0.298,0.772,7,0.304,-16.427,1,0.0578,125,4,0.118,1496
13,6ix9ine,BILLY,79,0.175,0.764,112667,0.711,0.0,4,0.105,-3.818,0,0.288,90,4,0.774,1497
13,Roddy Ricch,Ricch Forever,64,0.276,0.699,267442,0.512,0.0,5,0.175,-8.965,0,0.256,79,4,0.212,1498
13,Mark B.,Playa y Arena (Remix),63,0.0654,0.815,237042,0.693,0.000445,2,0.0714,-6.298,0,0.0782,126,4,0.803,1499
13,Killstation,Cold Weather,63,0.736,0.418,123273,0.484,1.35e-06,9,0.243,-9.126,0,0.0294,110,4,0.0562,1500
13,Kanye West,Blame Game,62,0.305,0.425,469867,0.581,6.3e-05,10,0.11,-5.964,0,0.0646,83,4,0.636,1501
13,6ix9ine,KIKA (feat. Tory Lanez),88,0.128,0.745,136032,0.715,0.0,1,0.182,-3.368,0,0.245,95,4,0.342,1502
13,Travis Scott,NC-17,73,0.0678,0.804,156886,0.763,0.0,2,0.368,-5.48,1,0.0519,136,4,0.0585,1503
13,Yung Gravy,Flex Season,63,0.103,0.722,163500,0.697,0.0,6,0.209,-7.389,0,0.157,130,4,0.706,1504
13,A Boogie Wit da Hoodie,Say A',67,0.391,0.831,214854,0.814,0.0,5,0.109,-5.18,1,0.474,161,4,0.846,1505
13,Juice WRLD,Flaws And Sins,72,0.0128,0.707,218349,0.682,0.0,8,0.108,-4.505,1,0.0909,150,4,0.427,1506
13,Lil Tjay,Leaked,67,0.816,0.759,220333,0.613,0.0,7,0.0816,-7.91,1,0.105,97,4,0.329,1507
13,Roddy Ricch,Down Below,72,0.036,0.926,224002,0.454,0.000422,6,0.0896,-9.932,1,0.0732,120,4,0.34,1508
13,Timmies,I Dont Wanna Know Her,62,0.602,0.835,122205,0.288,0.00461,9,0.352,-14.701,0,0.341,110,3,0.359,1509
13,The Weeknd,Call Out My Name,83,0.211,0.449,228373,0.599,0.0,1,0.327,-4.892,1,0.0369,134,3,0.165,1510
13,Kanye West,Ultralight Beam,72,0.637,0.596,320680,0.393,0.0,8,0.539,-8.714,1,0.383,107,4,0.36,1511
13,Post Malone,Zack And Codeine,77,0.143,0.742,204360,0.84,0.0,5,0.133,-5.198,0,0.0471,138,4,0.287,1512
13,Trippie Redd,Camp Fire Tale,62,0.447,0.671,149625,0.249,9.45e-06,6,0.125,-10.896,1,0.0349,80,4,0.154,1513
13,XXXTENTACION,changes,88,0.883,0.669,121887,0.308,0.0,11,0.0984,-10.068,1,0.029,65,4,0.52,1514
13,Josh A,Suicidal Thoughts,71,0.217,0.372,181728,0.656,0.0,1,0.418,-6.086,1,0.0776,140,4,0.15,1515
13,Juice WRLD,Big,72,0.0727,0.762,224063,0.64,0.0,11,0.0936,-6.115,0,0.124,145,4,0.231,1516
13,Travis Scott,5% TINT,74,0.173,0.712,196138,0.481,0.0,4,0.241,-5.415,0,0.0487,140,4,0.062,1517
13,El Alfa,Demaga Ge Gi Go Gu,63,0.638,0.609,218921,0.904,0.00416,8,0.229,-2.619,1,0.324,149,5,0.471,1518
13,Kanye West,Ghost Town,74,0.0969,0.573,271387,0.545,0.0,7,0.329,-4.247,0,0.0288,83,4,0.297,1519
13,6ix9ine,KOODA,72,0.175,0.885,142582,0.641,0.0,1,0.234,-4.455,1,0.351,91,4,0.201,1520
13,Juice WRLD,10 Feet,69,0.501,0.674,212312,0.676,0.00135,6,0.373,-7.677,0,0.233,104,4,0.549,1521
13,Travis Scott,WHO? WHAT!,74,0.0462,0.834,176720,0.731,0.0,10,0.0731,-5.603,0,0.0566,140,4,0.681,1522
13,Yung Gravy,Boomin,62,0.123,0.798,134431,0.624,9.08e-06,11,0.184,-8.789,0,0.161,100,4,0.199,1523
13,Travis Scott,goosebumps,86,0.0847,0.841,243837,0.728,0.0,7,0.149,-3.37,1,0.0484,130,4,0.43,1524
13,Cardi B,I Like It,90,0.099,0.816,253390,0.726,0.0,5,0.372,-3.998,0,0.129,136,4,0.65,1525
13,Cardi B,Bodak Yellow,81,0.0659,0.926,223713,0.703,0.0,11,0.231,-6.337,0,0.103,125,4,0.485,1526
13,El Alfa,Tecnobow (feat. Diplo),65,0.126,0.805,228655,0.867,6.67e-06,2,0.188,-4.67,1,0.181,119,4,0.753,1527
13,XXXTENTACION,Carry On,80,0.768,0.735,129720,0.197,0.000276,3,0.296,-13.378,0,0.537,148,4,0.383,1528
13,Juice WRLD,Empty,76,0.081,0.725,248431,0.556,0.0,9,0.133,-4.825,0,0.0705,155,4,0.482,1529
13,Travis Scott,NO BYSTANDERS,78,0.0204,0.731,218284,0.811,0.0,1,0.411,-3.225,1,0.0712,147,4,0.426,1530
13,A Boogie Wit da Hoodie,Fall In Love,65,0.261,0.842,214857,0.727,0.0,0,0.131,-6.241,1,0.0675,108,4,0.721,1531
13,6ix9ine,TATI (feat. DJ SpinKing),78,0.00214,0.779,154565,0.767,0.0,11,0.102,-5.462,0,0.258,92,4,0.523,1532
13,Trippie Redd,Toxic Waste,72,0.0555,0.728,173129,0.517,1.95e-06,8,0.107,-11.404,1,0.0629,112,4,0.379,1533
13,Timmies,Tell Me Why I'm Waiting,73,0.8,0.671,123891,0.277,0.000325,6,0.0657,-11.185,0,0.0549,124,4,0.173,1534
13,Lil Uzi Vert,Dark Queen,76,0.222,0.747,173419,0.606,0.0,4,0.281,-5.286,1,0.172,155,4,0.2,1535
13,Vice,Make Up (feat. Ava Max) - MOTi Remix,62,0.0509,0.687,170625,0.728,0.0,6,0.216,-4.969,0,0.125,128,4,0.439,1536
13,Trippie Redd,Wicked,66,0.0883,0.812,138449,0.534,1.95e-06,4,0.141,-6.6,0,0.121,98,4,0.223,1537
13,Kanye West,Famous,75,0.0602,0.474,196040,0.741,0.0,6,0.115,-3.69,1,0.111,174,4,0.402,1538
13,YBN Nahmir,Bounce Out With That,75,0.033,0.865,97344,0.624,0.0,8,0.0984,-8.224,1,0.103,95,4,0.396,1539
13,Amenazzy,Solo,70,0.3,0.637,231909,0.513,0.000571,11,0.0981,-6.846,0,0.283,196,4,0.27,1540
13,Macklemore,And We Danced (feat. Ziggy Stardust),65,0.458,0.758,246213,0.676,0.0,5,0.0954,-6.598,1,0.0792,125,4,0.712,1541
13,Post Malone,Spoil My Night (feat. Swae Lee),79,0.337,0.669,194560,0.675,1.5e-05,1,0.109,-2.869,1,0.0337,161,4,0.262,1542
13,Lil Uzi Vert,7am,67,0.275,0.638,219712,0.526,0.0,7,0.462,-8.401,1,0.131,139,4,0.301,1543
13,Trippie Redd,Fire Starter,66,0.0023,0.51,157500,0.707,0.0,3,0.436,-4.913,0,0.0675,148,4,0.318,1544
13,Juice WRLD,Robbery,91,0.342,0.708,240527,0.691,0.0,2,0.222,-5.179,1,0.0442,80,4,0.535,1545
13,Travis Scott,Antidote,77,0.00767,0.713,262693,0.526,0.000148,1,0.124,-5.046,1,0.032,131,4,0.131,1546
13,Travis Scott,BUTTERFLY EFFECT,84,0.0531,0.763,190557,0.628,0.0,11,0.114,-5.85,1,0.05,141,4,0.193,1547
13,Post Malone,I Fall Apart,88,0.0689,0.556,223347,0.538,0.0,8,0.196,-5.408,0,0.0382,144,4,0.291,1548
13,Lil Happy Lil Sad,Survive,62,0.812,0.809,153913,0.232,0.00227,9,0.09,-12.797,1,0.0495,115,4,0.371,1549
13,Trippie Redd,Bird Shit,65,0.0493,0.78,228960,0.566,0.0,0,0.18,-8.354,1,0.12,160,4,0.476,1550
13,Blueface,Thotiana,93,0.18,0.906,129264,0.382,0.0,10,0.113,-12.89,0,0.269,104,4,0.391,1551
13,Upchurch,Hillbilly,62,0.0651,0.787,150857,0.752,0.0,2,0.108,-5.293,1,0.105,140,4,0.199,1552
13,Travis Scott,CAN'T SAY,82,0.201,0.702,198408,0.708,0.0,10,0.118,-5.366,0,0.0547,148,4,0.713,1553
13,Polo G,Pop Out (feat. Lil TJay),76,0.121,0.861,166640,0.621,0.0,1,0.0689,-7.106,1,0.362,84,4,0.254,1554
13,Trippie Redd,Diamond Minds,68,0.567,0.678,185828,0.477,0.0,7,0.11,-9.626,1,0.0836,93,4,0.481,1555
13,Quinn XCII,Tough (feat. Noah Kahan),71,0.388,0.729,178133,0.57,0.0,10,0.111,-7.047,1,0.0554,93,4,0.687,1556
13,Juice WRLD,Fast,79,0.427,0.613,208518,0.607,0.0,1,0.156,-5.93,0,0.0476,85,4,0.304,1557
13,Juice WRLD,Used To,74,0.0963,0.631,176443,0.709,0.0,2,0.376,-4.666,1,0.0505,85,4,0.2,1558
14,Arctic Monkeys,Four Out Of Five,66,0.0626,0.601,312347,0.863,0.0,0,0.0717,-4.31,1,0.0685,130,4,0.676,1559
14,Vendredi sur Mer,Les filles désir,62,0.338,0.582,196813,0.548,0.114,3,0.0962,-8.018,0,0.0462,80,4,0.38,1560
14,LP,Other People,63,0.0842,0.55,244946,0.677,0.0,11,0.144,-4.679,1,0.0259,91,4,0.489,1561
14,Loving,"A Long Slow Little Wave / Citizen, an Activity",64,0.505,0.577,153256,0.447,0.951,11,0.171,-9.709,0,0.0273,79,4,0.244,1562
14,The Pirouettes,L'escalier,63,0.0623,0.758,208987,0.682,0.00111,0,0.335,-5.794,0,0.0496,112,4,0.923,1563
14,Crumb,Locket,65,0.758,0.393,318379,0.481,0.73,1,0.0869,-10.462,1,0.0273,98,4,0.0763,1564
14,slenderbodies,anemone,64,0.884,0.854,228062,0.631,0.00999,11,0.202,-8.197,0,0.0452,120,4,0.609,1565
14,Sara Farell,Issues - Acoustic,63,0.742,0.627,189732,0.307,0.0,6,0.106,-6.994,1,0.0313,105,4,0.471,1566
14,Whethan,High (& Dua Lipa),70,0.0922,0.708,196707,0.552,0.0,10,0.0541,-5.552,0,0.21,148,4,0.686,1567
14,SALES,Big Sis,63,0.876,0.825,166400,0.482,0.209,2,0.101,-8.29,1,0.0378,100,4,0.338,1568
14,Jasmine Thompson,Like I'm Gonna Lose You,69,0.958,0.398,232339,0.174,4.16e-06,0,0.158,-11.16,1,0.0364,172,3,0.153,1569
14,James Smith,Tell Me That You Love Me,67,0.402,0.536,194659,0.317,0.0,6,0.11,-8.752,1,0.0359,144,4,0.319,1570
14,Anson Seabra,Robin Hood,65,0.952,0.634,221538,0.153,0.0,4,0.134,-14.409,1,0.0622,78,4,0.318,1571
14,FLETCHER,I Believe You,67,0.219,0.46,192993,0.498,0.00329,5,0.099,-6.312,1,0.0282,77,4,0.154,1572
14,alt-J,Breezeblocks,71,0.096,0.616,227080,0.656,0.000879,5,0.205,-7.298,1,0.0344,150,4,0.286,1573
14,Elephante,Catching On,62,0.23,0.626,227083,0.762,0.0,0,0.147,-3.627,0,0.0458,100,4,0.637,1574
14,Whethan,Good Nights (feat. Mascolo),67,0.443,0.849,165618,0.483,0.000141,6,0.0786,-7.114,0,0.291,101,4,0.282,1575
14,The Killers,When You Were Young,75,0.000152,0.467,220427,0.988,0.0484,11,0.28,-3.313,1,0.112,130,4,0.321,1576
14,Mild High Club,Homage,63,0.153,0.546,177493,0.468,0.00257,5,0.321,-8.167,1,0.0287,73,4,0.416,1577
14,ayokay,Kings of Summer - Single Version,64,0.222,0.734,207881,0.661,2.18e-06,11,0.201,-6.705,1,0.0356,135,4,0.253,1578
14,Quinn XCII,Intro (Slow),62,0.629,0.401,158040,0.325,2.12e-06,2,0.103,-13.575,1,0.068,85,4,0.209,1579
14,Jeremy Passion,Lemonade - Ukulele Version,66,0.868,0.546,181505,0.221,0.0,2,0.0994,-8.915,1,0.063,128,4,0.593,1580
14,L'Impératrice,Vanille fraise,65,0.0399,0.767,238183,0.547,0.485,7,0.0949,-11.458,0,0.0474,103,4,0.66,1581
14,The Growlers,Dope on a Rope,62,0.00132,0.421,250252,0.91,0.0,7,0.357,-3.724,1,0.1,146,4,0.723,1582
14,Kid Bloom,Different State of Mind,64,0.715,0.658,225532,0.393,0.209,11,0.173,-9.96,1,0.0363,141,4,0.74,1583
14,Jai Wolf,Starlight,62,0.00601,0.312,223059,0.72,0.0337,9,0.0936,-5.511,1,0.0338,170,4,0.119,1584
14,khai dreams,Lost in You,68,0.334,0.771,101000,0.607,0.0,5,0.122,-12.02,0,0.113,90,4,0.79,1585
14,Gerry Cinnamon,Sometimes,68,0.0214,0.638,196600,0.699,0.0,9,0.0739,-6.736,1,0.0304,150,4,0.959,1586
14,Fitz and The Tantrums,Let Me Love You - Recorded at Spotify Studios NYC,62,0.806,0.57,221362,0.363,3.38e-06,2,0.102,-6.606,1,0.0493,97,4,0.359,1587
14,I Belong to the Zoo,Sana,80,0.701,0.66,277099,0.373,0.0,7,0.226,-7.874,1,0.029,127,4,0.348,1588
14,Samm Henshaw,Broke,66,0.433,0.751,207722,0.684,5.92e-06,1,0.18,-4.325,1,0.303,90,4,0.864,1589
14,Jasmine Thompson,You Are My Sunshine,64,0.904,0.494,157869,0.215,0.0,2,0.109,-10.092,1,0.0321,124,4,0.313,1590
14,Quinn XCII,Sad Still,64,0.055,0.711,184920,0.673,0.0,8,0.064,-6.305,1,0.32,177,4,0.673,1591
14,Two Feet,Go Fuck Yourself,80,0.571,0.765,129600,0.327,0.0479,6,0.0787,-8.029,1,0.277,75,4,0.292,1592
14,The Marías,Only in My Dreams,66,0.405,0.519,170893,0.498,0.0965,10,0.0999,-11.604,1,0.0295,144,4,0.275,1593
14,James TW,When You Love Someone - Acoustic,68,0.803,0.711,210107,0.299,0.0,7,0.116,-8.286,1,0.0394,125,4,0.577,1594
14,Liam Gallagher,Wall Of Glass,64,6.42e-05,0.351,223547,0.939,0.00113,0,0.296,-4.469,1,0.0564,182,4,0.321,1595
14,Peach Pit,Tommy's Party,62,0.122,0.565,361760,0.438,0.0469,7,0.108,-8.722,1,0.0311,134,4,0.211,1596
14,boy pablo,"Dance, Baby!",67,0.0367,0.602,198000,0.601,0.00459,9,0.312,-8.521,1,0.0411,122,4,0.858,1597
14,ROZES,Halfway There,67,0.0435,0.591,207920,0.743,0.000731,0,0.362,-4.245,0,0.0456,160,4,0.251,1598
14,Foals,Exits,65,0.0559,0.483,357419,0.858,0.00107,9,0.514,-2.94,0,0.0346,188,4,0.712,1599
14,gianni & kyle,5 shots,68,0.135,0.919,181710,0.45,0.0,1,0.0577,-5.737,1,0.0688,92,4,0.448,1600
14,Clairo,Heaven,64,0.224,0.733,233871,0.262,4.79e-06,0,0.105,-13.766,1,0.028,135,3,0.444,1601
14,Gus Dapperton,"Prune, You Talk Funny",66,0.0177,0.57,212701,0.75,0.00247,10,0.197,-7.193,0,0.0383,140,4,0.578,1602
14,LEE HI,BREATHE,63,0.784,0.609,288993,0.246,0.0,8,0.0825,-8.449,1,0.0376,124,4,0.371,1603
14,The Killers,Run For Cover,67,0.0016,0.466,222147,0.951,0.00242,5,0.351,-3.315,1,0.126,165,4,0.499,1604
14,Elohim,Sleepy Eyes,68,0.051,0.608,202887,0.736,0.0,6,0.215,-6.7,1,0.165,97,4,0.489,1605
14,James Smith,T-Shirts - Acoustic,62,0.844,0.378,195481,0.254,0.0,7,0.111,-9.021,1,0.0353,79,4,0.373,1606
14,DOPE LEMON,Marinade,63,0.242,0.677,237961,0.74,0.0146,2,0.105,-6.528,1,0.0243,110,4,0.679,1607
14,Kurt Hugo Schneider,Just A Dream,62,0.193,0.439,263598,0.751,4.61e-05,9,0.0577,-7.632,1,0.0527,164,4,0.221,1608
14,Carlie Hanson,Only One,69,0.257,0.497,190732,0.486,0.0,8,0.0908,-5.89,1,0.241,94,3,0.668,1609
14,Said the Sky,All I Got,64,0.158,0.325,315724,0.578,0.00479,2,0.575,-6.786,1,0.0455,145,4,0.103,1610
14,Her,Five Minutes,62,0.415,0.612,228507,0.561,0.000758,10,0.104,-7.038,0,0.0529,100,4,0.446,1611
14,Her's,Cool with You,66,0.0124,0.533,375656,0.613,0.000684,0,0.299,-6.773,1,0.0495,107,4,0.554,1612
14,Travis Atreo,Clean,63,0.826,0.4,270000,0.25,0.0,0,0.118,-9.111,1,0.036,208,4,0.308,1613
14,Mac DeMarco,Still Beating,67,0.581,0.709,181587,0.496,0.195,1,0.151,-10.528,0,0.0417,78,4,0.469,1614
14,Rex Orange County,Sunflower,80,0.646,0.384,252231,0.765,0.00352,6,0.522,-4.463,1,0.0579,130,4,0.567,1615
14,Men I Trust,Lauren,64,0.777,0.762,218211,0.503,0.17,9,0.115,-9.397,0,0.0308,97,4,0.558,1616
14,Vera Blue,All The Pretty Girls,68,0.415,0.708,202628,0.591,0.0,11,0.117,-5.825,1,0.0348,121,4,0.618,1617
14,Magic City Hippies,Limestone,62,0.282,0.706,209165,0.457,0.00849,4,0.0614,-9.359,1,0.0383,78,4,0.723,1618
14,Noah Kahan,Hurt Somebody (With Julia Michaels),77,0.338,0.633,168640,0.559,0.0,6,0.262,-5.135,1,0.313,115,4,0.473,1619
14,Louis The Child,Love Is Alive (feat. Elohim),64,0.701,0.676,170611,0.5,0.0,8,0.596,-6.878,1,0.0412,98,4,0.915,1620
14,Big Wild,When I Get There,64,0.000196,0.694,220000,0.483,0.557,0,0.134,-7.157,1,0.0359,96,4,0.132,1621
14,Tyler Childers,Nose On The Grindstone,64,0.761,0.488,204000,0.281,0.0,10,0.13,-11.043,1,0.0555,150,3,0.402,1622
14,The Wombats,Lemon to a Knife Fight,62,0.000889,0.557,205822,0.849,0.0,9,0.0944,-3.58,0,0.0444,150,4,0.71,1623
14,Dardust,Birth - Acoustic Version,62,0.966,0.243,260143,0.225,0.586,2,0.0958,-14.001,0,0.0358,87,5,0.0785,1624
14,Banes World,You Say I'm in Love,69,0.427,0.623,176761,0.285,0.00278,1,0.189,-16.687,0,0.0538,140,4,0.343,1625
14,Jósean Log,Chachachá,72,0.791,0.68,215986,0.321,4.67e-06,5,0.125,-10.944,1,0.0376,111,4,0.416,1626
14,Bryce Vine,Glamorama,62,0.254,0.685,191053,0.605,0.0,2,0.113,-6.481,0,0.0755,154,4,0.493,1627
14,The Killers,Mr. Brightside,80,0.00108,0.33,222587,0.936,0.0,1,0.0926,-3.66,1,0.0917,148,4,0.234,1628
14,Ruth B.,Lost Boy,78,0.965,0.71,275280,0.0565,0.0,7,0.0889,-15.099,1,0.0534,124,4,0.348,1629
14,Mellow Fellow,How Was Your Day?,62,0.0472,0.447,188787,0.442,0.000559,8,0.331,-11.221,0,0.0471,160,4,0.776,1630
14,Tyler Childers,Feathered Indians,68,0.75,0.536,224947,0.574,0.00277,7,0.105,-6.705,1,0.0254,87,4,0.877,1631
14,Alextbh,Stoop So Low,65,0.669,0.46,197938,0.398,0.0,4,0.109,-9.074,0,0.0421,96,4,0.335,1632
14,Noah Kahan,Mess,66,0.173,0.589,212827,0.844,0.0,10,0.076,-3.925,1,0.0626,82,4,0.562,1633
14,bülow,Two Punks In Love,71,0.881,0.498,195347,0.418,0.0,0,0.113,-6.294,1,0.0539,190,4,0.796,1634
14,The xx,Intro,66,0.459,0.617,127920,0.778,0.925,9,0.128,-8.871,0,0.027,100,4,0.152,1635
14,The Killers,Shot At The Night,64,0.0917,0.509,242507,0.803,0.0135,5,0.109,-4.903,1,0.0558,186,4,0.239,1636
14,Elina,Here With Me,67,0.681,0.433,196365,0.267,0.0,7,0.0811,-10.419,1,0.0469,93,4,0.255,1637
14,Sasha Sloan,Older,68,0.725,0.581,184893,0.298,0.0,11,0.116,-9.54,1,0.0698,64,4,0.168,1638
14,NIKI,I Like U,65,0.071,0.48,267733,0.526,0.0,5,0.0879,-7.099,1,0.275,200,3,0.374,1639
14,Said the Sky,Just Us,65,0.194,0.751,162945,0.581,0.0,7,0.0982,-4.541,1,0.0553,109,4,0.334,1640
14,Tyler Ward,Shallow,65,0.825,0.332,182553,0.282,0.0,7,0.104,-7.257,1,0.044,187,4,0.234,1641
14,Vansire,Nice to See You,65,0.42,0.539,181678,0.535,0.632,1,0.263,-9.717,1,0.0319,79,4,0.352,1642
14,Anna Clendening,Boys Like You - Acoustic,71,0.928,0.477,238576,0.128,0.0,2,0.0875,-14.567,1,0.0707,89,4,0.38,1643
14,Clementine Duo,Don't Stop Believing,63,0.903,0.653,251820,0.227,0.0,0,0.105,-11.138,1,0.0277,100,4,0.284,1644
14,boy pablo,Feeling Lonely,69,0.014,0.635,197947,0.537,3.72e-05,6,0.103,-10.45,0,0.0536,118,4,0.885,1645
14,Whethan,Can't Hide,62,0.0429,0.61,184000,0.69,6.76e-05,2,0.166,-2.656,0,0.091,180,4,0.318,1646
14,Chase Atlantic,Into It,63,0.0503,0.518,196767,0.572,2.41e-05,10,0.129,-6.706,0,0.0416,130,4,0.291,1647
14,Jai Wolf,Lost (feat. Chelsea Jade),62,0.0533,0.672,241041,0.647,0.0932,1,0.122,-6.264,1,0.0314,100,4,0.237,1648
14,Louis The Child,It's Strange (feat. K.Flay),65,0.371,0.837,245581,0.492,0.0401,0,0.102,-7.792,1,0.354,86,4,0.417,1649
14,Ben&Ben,Kathang Isip,78,0.776,0.491,318814,0.314,4.76e-06,10,0.152,-8.58,1,0.0301,127,4,0.295,1650
14,Alex Newell,Kill The Lights (with Nile Rodgers) - Audien Remix,62,0.0837,0.647,224762,0.879,1.98e-06,7,0.538,-0.93,1,0.0831,126,4,0.427,1651
14,Travis Atreo,Somehow,62,0.622,0.494,225714,0.431,0.0,8,0.115,-9.608,1,0.0442,84,4,0.255,1652
14,Asher Roth,I Love College,64,0.107,0.708,241933,0.815,0.0,8,0.326,-4.044,1,0.25,86,4,0.657,1653
14,Quinn XCII,Iron & Steel,63,0.483,0.79,203653,0.49,0.0,5,0.201,-5.097,1,0.0942,140,4,0.577,1654
14,Rex Orange County,A Song About Being Sad,69,0.891,0.568,136000,0.263,0.0,5,0.183,-13.51,1,0.101,112,4,0.244,1655
14,Litany,Bedroom,63,0.0358,0.692,186781,0.452,0.0,6,0.157,-8.18,1,0.116,185,4,0.623,1656
14,Missy & Blonde,Stay,67,0.766,0.37,178203,0.318,0.0,11,0.307,-6.524,0,0.0339,174,4,0.47,1657
14,Gus Dapperton,My Favorite Fish,63,0.322,0.647,215676,0.65,0.0,5,0.34,-3.848,0,0.0449,74,4,0.677,1658
14,The Mayries,Rockabye - Acoustic Version,74,0.914,0.528,157467,0.291,0.0,10,0.121,-9.696,1,0.0401,77,4,0.355,1659
14,Peking Duk,Sugar,69,0.00415,0.529,191574,0.722,0.00155,8,0.207,-5.931,1,0.0418,97,4,0.467,1660
14,This Band,'Di Na Babalik,69,0.323,0.571,371893,0.469,0.000579,10,0.217,-9.605,1,0.029,136,4,0.253,1661
14,Two Feet,Her Life,65,0.288,0.74,168000,0.415,0.534,0,0.103,-11.429,1,0.0594,90,4,0.153,1662
14,Kings of Leon,Pyro,66,0.00757,0.365,250533,0.606,0.052,1,0.103,-7.174,0,0.0415,115,4,0.191,1663
14,City of the Sun,Perfect Instance,65,0.727,0.481,253061,0.256,0.816,5,0.114,-14.291,0,0.0284,104,3,0.0383,1664
14,Raheem DeVaughn,Don't Come Easy,66,0.862,0.68,203639,0.381,3.72e-06,11,0.0985,-10.084,0,0.225,71,4,0.215,1665
14,Broken Back,Happiest Man on Earth - Radio Edit,64,0.227,0.761,183480,0.709,2.29e-06,8,0.289,-6.976,0,0.0547,120,4,0.777,1666
14,Inner Wave,Eclipse,63,0.394,0.644,183633,0.748,0.91,4,0.358,-7.241,0,0.0291,120,4,0.732,1667
14,Eves Karydas,Further Than The Planes Fly,65,0.0466,0.567,178500,0.487,0.000739,0,0.121,-6.634,1,0.0243,83,4,0.254,1668
14,Lazy Weekends,Make You Remember,63,0.395,0.746,213760,0.496,0.0,5,0.0898,-4.796,1,0.0826,140,4,0.849,1669
14,Christian Leave,Can't Help Falling in Love,66,0.983,0.608,135714,0.269,1.96e-06,0,0.337,-7.201,1,0.0329,126,3,0.389,1670
14,Jason Walker,Echo,64,0.664,0.403,212640,0.45,7.57e-06,8,0.0946,-6.314,1,0.0297,148,3,0.116,1671
14,Rhys,Too Good To Be True,71,0.0991,0.669,201173,0.656,0.0,0,0.268,-7.1,1,0.112,102,4,0.592,1672
14,Khel Pangilinan,Weak,73,0.179,0.71,211200,0.373,0.0,5,0.156,-10.611,0,0.0618,127,4,0.141,1673
14,Maygen Lacey,Malibu - Acoustic,64,0.95,0.725,244631,0.161,4.85e-05,4,0.112,-12.642,1,0.0391,112,4,0.0879,1674
14,Mokita,Love Alone,62,0.51,0.632,185108,0.454,2.68e-06,7,0.179,-6.996,1,0.0505,90,4,0.493,1675
14,Mac DeMarco,Salad Days,67,0.0876,0.43,145893,0.771,0.0239,5,0.121,-7.176,1,0.0375,201,4,0.772,1676
14,SOYOU,I Miss You,63,0.901,0.454,169449,0.344,0.0,5,0.129,-6.002,1,0.0316,133,4,0.209,1677
14,Summer Salt,Candy Wrappers,65,0.696,0.692,194418,0.546,0.415,5,0.302,-7.33,1,0.0262,95,4,0.483,1678
14,Missy & Blonde,Swalla - Acoustic Version,63,0.852,0.555,217598,0.309,0.0,1,0.121,-9.394,0,0.0337,135,4,0.469,1679
14,Olivia O'Brien,hate u love u,80,0.71,0.401,175467,0.398,0.0,6,0.0962,-8.993,0,0.183,180,4,0.265,1680
14,Goody Grace,Girls in the Suburbs Singing Smiths Songs (feat. G-Eazy),62,0.439,0.564,189027,0.356,0.0,9,0.0979,-13.448,1,0.387,62,4,0.496,1681
14,Mellow Fellow,Dancing,64,0.736,0.375,282671,0.474,9.75e-05,8,0.287,-7.856,0,0.0308,102,4,0.392,1682
14,Arctic Monkeys,Fireside,64,0.0234,0.538,181049,0.953,0.00126,9,0.113,-5.611,0,0.056,100,4,0.74,1683
14,The Walters,I Love You So,70,0.65,0.578,160254,0.669,0.0,10,0.13,-4.898,1,0.0377,76,4,0.503,1684
14,Clara Luciani,La grenade,71,0.138,0.724,194493,0.697,0.000717,11,0.126,-6.594,0,0.0539,130,4,0.961,1685
14,Grace Grundy,Eastside,62,0.898,0.612,169428,0.267,0.0,6,0.153,-9.289,0,0.0395,78,4,0.66,1686
14,EDEN,drugs,69,0.601,0.484,338333,0.444,0.0,4,0.238,-6.935,0,0.0636,144,4,0.226,1687
14,Gavin Mikhail,"The Night We Met (from ""13 Reasons Why"")",69,0.938,0.394,177477,0.33,0.0,3,0.116,-8.117,1,0.0497,84,5,0.204,1688
14,I Belong to the Zoo,Balang Araw,75,0.395,0.523,288208,0.391,0.0,7,0.142,-9.283,1,0.0298,140,4,0.354,1689
14,Vera Blue,Like I Remember You,64,0.65,0.415,187742,0.334,0.00088,7,0.131,-9.412,1,0.045,200,4,0.359,1690
14,Quinn XCII,Matches,63,0.457,0.711,203773,0.431,1.75e-05,4,0.223,-8.572,1,0.0889,86,4,0.297,1691
14,No Rome,Narcissist (feat. The 1975),74,0.219,0.543,195502,0.682,1.53e-06,3,0.085,-5.81,1,0.112,180,4,0.424,1692
14,Yuno,No Going Back,62,0.0114,0.714,208200,0.713,0.0183,2,0.0608,-5.52,0,0.027,93,4,0.9,1693
14,Goody Grace,Two Shots (feat. gnash),67,0.0542,0.768,179915,0.408,0.0,4,0.106,-8.551,0,0.0714,130,4,0.0905,1694
14,Luke Christopher,Lot to Learn,69,0.0948,0.405,248337,0.846,0.0,6,0.0666,-3.57,1,0.195,82,4,0.602,1695
14,Sticky Fingers,Rum Rage,67,0.873,0.594,252300,0.273,0.0,5,0.0895,-9.402,1,0.0291,132,4,0.362,1696
14,Amy Shark,All Loved Up,66,0.0264,0.565,210000,0.603,4.02e-05,9,0.0738,-6.33,1,0.177,178,4,0.171,1697
14,Oh Wonder,Technicolour Beat,65,0.633,0.599,180120,0.36,5.44e-05,5,0.0849,-10.347,0,0.032,130,4,0.0956,1698
14,Louis The Child,Last To Leave (feat. Caroline Ailin),65,0.052,0.753,180148,0.602,0.000249,0,0.102,-6.326,1,0.149,94,4,0.555,1699
14,Oh Wonder,Without You,64,0.249,0.636,224740,0.485,2.96e-06,11,0.107,-7.138,0,0.0661,87,4,0.266,1700
14,FRENSHIP,Capsize,76,0.0398,0.683,237707,0.708,0.155,5,0.686,-6.244,0,0.0305,93,4,0.355,1701
14,Mac DeMarco,Freaking Out the Neighborhood,66,0.0639,0.565,173889,0.832,0.0291,8,0.386,-5.751,0,0.108,143,4,0.847,1702
14,Oliver Riot,Alcatraz,62,0.644,0.589,268311,0.453,0.000372,4,0.0557,-10.039,0,0.0302,80,4,0.119,1703
14,Crumb,Plants,62,0.607,0.494,191904,0.406,0.53,11,0.122,-10.725,0,0.0416,81,4,0.219,1704
14,Ben Rector,I Like You,62,0.343,0.657,138518,0.356,1.27e-06,3,0.11,-11.808,1,0.0362,79,4,0.394,1705
14,The Kooks,Naive,64,0.0688,0.547,203507,0.816,0.0,8,0.127,-6.165,0,0.0624,103,4,0.722,1706
14,Kings of Leon,Supersoaker,64,0.00319,0.436,230227,0.871,0.000473,9,0.114,-4.446,1,0.0384,139,4,0.71,1707
14,boy pablo,Everytime,71,0.0252,0.431,172941,0.669,0.0433,2,0.117,-10.065,1,0.035,204,4,0.855,1708
14,Rex Orange County,Corduroy Dreams,74,0.653,0.61,206975,0.305,0.0,4,0.103,-14.037,1,0.053,114,4,0.222,1709
14,Temporex,Nice Boys,64,0.495,0.546,180846,0.669,0.735,2,0.25,-10.806,1,0.103,75,4,0.337,1710
14,Sam Tinnesz,Play With Fire (feat. Yacht Money),69,0.0162,0.573,180691,0.539,1.16e-05,2,0.105,-6.091,0,0.0322,75,4,0.39,1711
14,This Band,Kahit Ayaw Mo Na,81,0.341,0.662,243015,0.529,0.000208,2,0.105,-8.539,1,0.0351,128,4,0.424,1712
15,Ólafur Arnalds,Doria - Island Songs VII,63,0.992,0.208,202547,0.134,0.934,3,0.132,-18.42,1,0.0337,170,4,0.126,1713
15,Gustavo Santaolalla,The Choice,63,0.909,0.303,102373,0.00338,0.89,4,0.116,-30.932,0,0.0493,51,4,0.347,1714
15,Camille Saint-Saëns,"The Carnival of the Animals, R. 125: XIII. The Swan (Arr. for Cello and Piano)",62,0.986,0.169,174267,0.0161,0.86,9,0.0805,-31.034,0,0.0442,128,3,0.0573,1715
15,Howard Shore,"The Council of Elrond (feat. ""Aniron) (Theme for Aragorn and Arwen "")",63,0.979,0.104,229107,0.111,0.926,1,0.11,-20.031,1,0.0517,84,4,0.039,1716
15,Erik Satie,Première Gymnopédie,63,0.995,0.593,204267,0.00543,0.952,7,0.0814,-35.422,1,0.0699,76,3,0.314,1717
15,Howard Shore,Concerning Hobbits,64,0.843,0.488,175040,0.0629,0.406,2,0.133,-21.524,1,0.0342,104,4,0.175,1718
15,Wolfgang Amadeus Mozart,"Piano Concerto No. 21 in C Major, K. 467 ""Elvira Madigan"": II. Andante",68,0.982,0.194,433800,0.0324,0.961,5,0.0916,-28.215,1,0.0382,144,4,0.0596,1719
15,Claude Debussy,Suite bergamasque: Suite bergamasque: III. Clair de lune. Andante très expressif,65,0.993,0.343,279160,0.0252,0.932,1,0.0454,-27.013,1,0.0488,67,5,0.0395,1720
15,DragonForce,Through The Fire And Flames,63,0.00176,0.113,441560,0.951,0.00718,0,0.334,-4.743,0,0.129,200,4,0.139,1721
15,Harold Budd,Olancha Farewell,69,0.992,0.196,138427,0.00687,0.917,7,0.106,-34.255,1,0.0442,72,4,0.053,1722
15,Harold Budd,The Whispers,68,0.995,0.228,163000,0.00385,0.917,9,0.0858,-35.213,0,0.0449,141,3,0.117,1723
15,Philip Glass,Etude No. 2,62,0.992,0.235,295560,0.166,0.87,5,0.101,-19.632,1,0.0347,101,4,0.0356,1724
15,Erik Satie,Gymnopédie No. 1,62,0.994,0.469,205867,0.0128,0.937,7,0.0941,-36.856,1,0.119,73,3,0.354,1725
15,Ludwig van Beethoven,"Für Elise, WoO 59",65,0.994,0.303,188467,0.108,0.877,9,0.0805,-27.433,0,0.0473,127,3,0.18,1726
16,Lia Marie Johnson,DNA,62,0.673,0.529,217320,0.385,0.0,1,0.13,-7.517,1,0.0288,90,4,0.168,1727
16,Travis Scott,Oh My Dis Side (feat. Quavo),67,0.352,0.459,351253,0.623,0.0,1,0.131,-4.45,1,0.0489,126,4,0.205,1728
16,Khalid,Motion,74,0.0982,0.554,235880,0.61,0.0812,0,0.561,-7.229,1,0.0804,81,4,0.497,1729
16,MKTO,How Can I Forget,75,0.69,0.796,177141,0.53,0.0,8,0.0646,-5.967,1,0.0558,105,4,0.754,1730
16,Twenty One Pilots,Guns For Hands,69,0.00694,0.684,273336,0.858,0.000167,1,0.0828,-4.266,1,0.0342,130,4,0.518,1731
16,Destiny's Child,Survivor,73,0.0559,0.514,254027,0.911,0.0,1,0.775,-2.027,0,0.41,161,4,0.619,1732
16,Sigrid,High Five,68,0.173,0.651,169369,0.628,0.0,1,0.0591,-5.811,1,0.0959,150,4,0.513,1733
16,Calvin Harris,Rollin,71,0.45,0.754,272667,0.762,6.67e-05,6,0.224,-4.486,0,0.0849,92,4,0.673,1734
16,Shawn Mendes,Imagination,63,0.0743,0.481,217773,0.455,0.0,0,0.0694,-5.942,1,0.0286,179,4,0.333,1735
16,Lucas Estrada,Everything with You,73,0.192,0.744,166976,0.678,0.00197,9,0.451,-8.041,1,0.047,118,4,0.523,1736
16,Don Diablo,You're Not Alone (feat. Kiiara),68,0.204,0.445,187742,0.803,0.00147,11,0.066,-4.055,0,0.0964,124,3,0.4,1737
16,Maná,Mariposa Traicionera,65,0.527,0.773,264600,0.794,0.000354,5,0.113,-4.954,0,0.0326,101,4,0.907,1738
16,Vigiland,Strangers,68,0.195,0.718,167706,0.594,0.0,11,0.422,-4.96,1,0.0782,124,4,0.534,1739
16,Beyoncé,Crazy In Love,78,0.00249,0.646,236133,0.77,0.0,2,0.0715,-6.596,0,0.226,99,4,0.681,1740
16,Dean Lewis,Be Alright,92,0.697,0.553,196373,0.586,0.0,11,0.0813,-6.319,1,0.0362,127,4,0.443,1741
16,Kenny Man,Ni Gucci Ni Prada,85,0.41,0.799,175200,0.676,0.000777,2,0.325,-5.644,1,0.169,105,4,0.91,1742
16,Morgan Evans,Dance with Me (feat. Kelsea Ballerini),65,0.481,0.611,199501,0.519,4.82e-06,1,0.107,-9.854,1,0.035,148,4,0.462,1743
16,ATEEZ,Say My Name,71,0.212,0.634,222024,0.9,0.0,6,0.317,-2.614,0,0.0583,153,4,0.623,1744
16,Justin Timberlake,Morning Light,63,0.382,0.62,243040,0.497,0.0482,9,0.193,-9.585,0,0.119,156,4,0.55,1745
16,Justin Bieber,Love Yourself,83,0.856,0.607,233720,0.376,0.0,4,0.285,-9.954,1,0.453,103,4,0.545,1746
16,MKTO,Just Imagine It,68,0.0466,0.699,250747,0.761,0.0,10,0.107,-4.337,1,0.0457,120,4,0.443,1747
16,Chelsea Cutler,You're Not Missing Me,65,0.244,0.683,213626,0.647,1.15e-05,2,0.0733,-6.36,1,0.0371,91,4,0.351,1748
16,Gryffin,Feel Good (feat. Daya),71,0.22,0.625,248156,0.707,0.0,2,0.213,-4.761,1,0.0337,138,4,0.479,1749
16,Kehlani,Distraction,66,0.0266,0.66,235693,0.698,0.0,5,0.296,-6.266,0,0.0467,121,4,0.396,1750
16,Katy Perry,The One That Got Away,70,0.000802,0.687,227333,0.792,0.0,1,0.2,-4.023,0,0.0353,134,4,0.864,1751
16,Lewis Capaldi,Tough,70,0.127,0.627,229283,0.715,0.0,1,0.0768,-5.019,1,0.0329,115,4,0.481,1752
16,Ariana Grande,Honeymoon Avenue,62,0.214,0.685,339733,0.607,0.0,11,0.345,-5.301,1,0.0431,125,4,0.455,1753
16,John Mayer,Roll it on Home,62,0.624,0.611,202813,0.696,0.014,2,0.124,-6.737,1,0.0302,155,4,0.706,1754
16,Cuco,Lo Que Siento,73,0.503,0.326,312000,0.685,0.0,10,0.427,-5.576,1,0.179,87,5,0.409,1755
16,Marc E. Bassy,Dirty Water,65,0.404,0.666,161107,0.408,0.00253,1,0.0316,-7.464,1,0.0393,92,4,0.475,1756
16,Matoma,Running Out,62,0.0856,0.601,211200,0.682,0.00384,10,0.132,-5.905,1,0.0338,95,4,0.17,1757
16,Clean Bandit,Out at Night (feat. KYLE & Big Boi),62,0.0906,0.736,234547,0.71,6.1e-05,5,0.216,-7.138,0,0.0429,105,4,0.334,1758
16,Selena,Baila Esta Cumbia,63,0.52,0.711,161907,0.803,8.37e-06,0,0.0987,-4.58,1,0.124,183,4,0.787,1759
16,Andrelli,Yung Luv,65,0.219,0.633,210000,0.548,3.88e-05,8,0.0689,-8.018,1,0.0523,174,4,0.541,1760
16,OneRepublic,Good Life,69,0.0929,0.636,253307,0.699,0.0,6,0.115,-7.687,1,0.0551,95,4,0.637,1761
16,Kodaline,Head Held High,65,0.00818,0.527,214880,0.941,2.37e-06,6,0.397,-3.376,1,0.0551,94,4,0.44,1762
16,Panic! At The Disco,Bohemian Rhapsody,67,0.175,0.386,363114,0.562,9.17e-06,10,0.209,-4.363,1,0.03,73,4,0.228,1763
16,The Smiths,This Charming Man - 2011 Remaster,72,0.00509,0.611,162920,0.846,0.0,11,0.0784,-5.9,1,0.0436,104,4,0.751,1764
16,R3HAB,Rumors (With Sofia Carson),68,0.44,0.712,138298,0.496,0.0,6,0.186,-6.061,1,0.124,141,4,0.638,1765
16,Jeremy Zucker,better off - filous remix,68,0.164,0.782,176347,0.564,0.00689,8,0.182,-7.752,0,0.226,101,4,0.448,1766
16,Ed Sheeran,Barcelona,73,0.448,0.747,191147,0.76,0.0,1,0.153,-4.294,1,0.187,100,4,0.682,1767
16,Christina Aguilera,Candyman,64,0.0125,0.686,194213,0.789,0.0147,8,0.142,-4.713,0,0.23,173,4,0.72,1768
16,DJ Khaled,Wild Thoughts (feat. Rihanna & Bryson Tiller),70,0.0287,0.613,204664,0.681,0.0,8,0.126,-3.089,1,0.0778,98,4,0.619,1769
16,Juanes,Fotografía,68,0.303,0.602,238133,0.712,0.0,7,0.185,-4.375,1,0.0453,85,4,0.631,1770
16,Luis Fonsi,Imposible,88,0.122,0.786,163880,0.764,0.0,11,0.102,-2.935,1,0.0798,91,4,0.913,1771
16,Rick Springfield,Jessie's Girl,70,0.164,0.727,194120,0.832,0.0,2,0.105,-5.851,1,0.05,132,4,0.822,1772
16,Nina Nesbitt,Colder,70,0.182,0.719,188493,0.493,0.0,11,0.0666,-7.718,0,0.0351,97,4,0.734,1773
16,EXO,Ko Ko Bop,71,0.0319,0.749,190423,0.85,4.81e-05,0,0.0678,-4.346,1,0.0468,146,4,0.672,1774
16,AJR,100 Bad Days,74,0.0465,0.626,212783,0.639,0.0,10,0.161,-5.62,1,0.085,144,4,0.638,1775
16,Daniel Caesar,Japanese Denim,76,0.0905,0.707,270847,0.238,2.42e-06,3,0.0842,-8.818,1,0.0379,124,3,0.345,1776
16,Jax Jones,Ring Ring (feat. Mabel & Rich The Kid),76,0.172,0.779,217613,0.641,2.03e-06,1,0.102,-4.912,0,0.141,107,4,0.638,1777
16,Charlie Puth,Patient,75,0.752,0.675,190533,0.604,0.0,1,0.111,-6.266,1,0.193,168,4,0.456,1778
16,Deorro,Bring It Back,71,0.00167,0.762,165000,0.904,0.841,5,0.436,-4.064,1,0.0862,128,4,0.518,1779
16,The Chainsmokers,This Feeling,88,0.0558,0.575,197947,0.571,0.0,1,0.0912,-7.906,1,0.0439,105,4,0.449,1780
16,ZAYN,fOoL fOr YoU,72,0.281,0.52,202213,0.513,0.0,7,0.0976,-7.208,1,0.0256,78,4,0.17,1781
16,SEAMS,seams,63,0.285,0.557,192075,0.784,0.0,4,0.121,-4.326,0,0.103,145,4,0.151,1782
16,Bea Miller,it's not u it's me,71,0.0204,0.776,194526,0.568,1.69e-05,0,0.078,-6.419,0,0.125,151,4,0.749,1783
16,Wham!,Wake Me up Before You Go-Go,79,0.272,0.62,231333,0.574,0.0,0,0.0607,-11.893,1,0.0421,82,4,0.9,1784
16,Hailee Steinfeld,Love Myself,77,0.0026,0.617,218773,0.759,0.0,0,0.419,-6.785,0,0.0677,123,4,0.324,1785
16,Vicetone,Something Strange,63,0.242,0.628,189580,0.817,1.31e-05,4,0.262,-4.223,1,0.0287,119,4,0.539,1786
16,NCT 127,Regular - English Version,68,0.263,0.741,219107,0.747,5.15e-06,9,0.266,-5.459,0,0.0956,134,4,0.831,1787
16,John Mayer,Changing,64,0.587,0.444,213080,0.336,0.00274,0,0.132,-7.778,1,0.0282,183,3,0.392,1788
16,Poppy Ackroyd,Strata,64,0.991,0.32,273165,0.0773,0.909,4,0.075,-27.053,0,0.0644,74,4,0.0368,1789
16,LANY,Malibu Nights,80,0.701,0.559,286928,0.422,1.99e-06,11,0.0853,-11.89,1,0.195,74,4,0.191,1790
16,La Bouche,Sweet Dreams,62,0.0784,0.656,204587,0.956,0.0247,11,0.0923,-5.647,0,0.0536,134,4,0.831,1791
16,Twenty One Pilots,We Don't Believe What's on TV,71,0.23,0.547,177200,0.936,3.04e-06,9,0.172,-4.023,1,0.102,120,4,0.642,1792
16,Pitbull,Fireball (feat. John Ryan),66,0.0894,0.69,235012,0.937,0.000104,10,0.0532,-5.393,1,0.0642,123,4,0.794,1793
16,T-Pain,F.B.G.M.,64,0.127,0.689,188832,0.657,0.0,5,0.166,-3.632,0,0.0394,78,4,0.234,1794
16,The Psychedelic Furs,Love My Way,63,0.0223,0.673,211573,0.686,0.000184,0,0.0963,-12.194,1,0.0363,126,4,0.662,1795
16,Charlie Puth,Dangerously,62,0.364,0.696,199133,0.517,0.0,2,0.197,-8.379,0,0.0366,112,3,0.23,1796
16,Michael Bublé,Feeling Good,63,0.533,0.535,237333,0.548,1.48e-06,1,0.123,-6.51,1,0.037,115,3,0.477,1797
16,Kygo,This Town (feat. Sasha Sloan),70,0.506,0.736,202280,0.449,6.63e-05,10,0.117,-7.956,0,0.0633,148,4,0.487,1798
16,Cavetown,This Is Home,70,0.56,0.81,226073,0.266,1.05e-06,7,0.0962,-12.478,1,0.0407,130,4,0.212,1799
16,Duke Dumont,Ocean Drive,75,0.00637,0.686,206320,0.718,0.000703,8,0.119,-5.054,0,0.0431,115,4,0.557,1800
16,Demi Lovato,Skyscraper,68,0.149,0.484,221293,0.604,0.0,7,0.131,-3.314,1,0.0328,103,4,0.181,1801
16,John Mayer,Heartbreak Warfare,67,0.191,0.624,269720,0.554,0.00131,2,0.299,-8.113,1,0.0225,97,4,0.311,1802
16,Calvin Harris,I Need Your Love (feat. Ellie Goulding),70,0.41,0.695,234507,0.869,0.0,8,0.237,-5.066,1,0.0483,125,4,0.58,1803
16,Bruno Mars,Perm,70,0.0145,0.853,210053,0.871,6.84e-05,8,0.198,-3.715,1,0.0851,124,4,0.863,1804
16,Ella Mai,Love Me Like That (Champion Love),67,0.0348,0.522,210564,0.592,0.0,8,0.365,-2.982,0,0.0344,136,3,0.256,1805
16,Sabrina Carpenter,Paris,67,0.0482,0.576,218080,0.671,0.0,2,0.114,-6.408,0,0.0474,115,4,0.226,1806
16,Ed Sheeran,Photograph,86,0.607,0.614,258987,0.379,0.000464,4,0.0986,-10.48,1,0.0476,108,4,0.201,1807
16,Jaheim,Put That Woman First,62,0.492,0.649,245773,0.536,0.0,5,0.184,-8.804,0,0.132,79,4,0.513,1808
16,Mariah Carey,Emotions,62,0.0411,0.741,248093,0.752,0.0012,9,0.0233,-7.009,0,0.0359,115,4,0.942,1809
16,Alec Benjamin,Swim,64,0.289,0.737,144387,0.562,0.000363,11,0.306,-6.117,0,0.0747,160,4,0.532,1810
16,Dylan Scott,My Girl,69,0.0353,0.652,197640,0.719,0.0,1,0.108,-7.251,1,0.033,95,4,0.24,1811
16,blackbear,I Needed You,63,0.851,0.671,176757,0.43,0.0,10,0.118,-9.848,0,0.121,74,4,0.389,1812
16,Snakehips,All My Friends (feat. Tinashe & Chance the Rapper),75,0.119,0.689,229747,0.521,8.41e-05,0,0.108,-5.845,1,0.132,95,4,0.178,1813
16,gnash,"i hate u, i love u (feat. olivia o'brien)",83,0.687,0.492,251034,0.275,0.0,6,0.101,-13.4,0,0.3,93,4,0.18,1814
16,Coldplay,The Scientist,84,0.727,0.56,309600,0.442,1.71e-05,5,0.11,-7.224,1,0.0243,146,4,0.212,1815
16,LMFAO,Shots,64,0.0118,0.823,222133,0.826,1.93e-06,1,0.205,-2.055,1,0.0514,128,4,0.187,1816
16,Shania Twain,That Don't Impress Me Much,69,0.153,0.745,238707,0.869,0.0,10,0.139,-4.828,0,0.0574,125,5,0.963,1817
16,Eli Young Band,Crazy Girl,67,0.0006,0.358,200707,0.708,0.00498,4,0.281,-3.736,1,0.0315,151,3,0.227,1818
16,Steve Winwood,Higher Love - Single Version,64,0.0691,0.712,256040,0.905,0.0201,5,0.499,-5.774,1,0.042,99,4,0.942,1819
16,Simply Red,Holding Back the Years - 2008 Remaster,68,0.58,0.707,269840,0.514,0.000159,9,0.0953,-8.885,0,0.0281,86,4,0.524,1820
16,Britney Spears,Criminal,64,0.0485,0.696,225080,0.734,0.0,7,0.183,-5.294,1,0.0298,108,4,0.711,1821
16,Duke Dumont,"Red Light Green Light - For Club Play Only, Pt. 6",65,0.000646,0.811,211209,0.825,0.517,2,0.0689,-5.48,1,0.0654,124,4,0.95,1822
16,Boyz II Men,End Of The Road,72,0.079,0.642,351467,0.423,0.0,5,0.0663,-9.283,0,0.0249,150,3,0.505,1823
16,OneRepublic,All The Right Moves,63,0.284,0.53,238000,0.95,1.01e-05,0,0.211,-3.526,1,0.0503,146,4,0.733,1824
16,Ginuwine,Pony,74,0.00186,0.749,251733,0.605,0.0381,8,0.115,-9.359,0,0.086,142,4,0.966,1825
16,Shawn Mendes,When You're Ready,70,0.792,0.485,169587,0.476,0.0,5,0.113,-8.887,1,0.128,171,4,0.601,1826
16,Robin Schulz,Oh Child,74,0.0212,0.716,195261,0.628,0.0,5,0.0617,-6.231,0,0.0473,97,4,0.688,1827
16,Joel Adams,Please Don't Go,79,0.0118,0.513,210580,0.768,1.94e-05,4,0.294,-4.868,0,0.0587,84,4,0.235,1828
16,Florida Georgia Line,Can’t Hide Red,67,0.0256,0.514,181600,0.864,0.0,4,0.103,-3.246,0,0.0502,95,4,0.471,1829
16,Robbie Williams,Let Me Entertain You,66,0.000169,0.478,262000,0.965,0.00251,10,0.0854,-5.022,1,0.0642,125,4,0.347,1830
16,ABBA,Gimme! Gimme! Gimme! (A Man After Midnight),64,0.0163,0.747,292571,0.492,0.00897,10,0.224,-9.616,1,0.04,120,4,0.533,1831
16,Matt Stell,Prayed For You,65,0.0886,0.609,211547,0.68,0.0,9,0.108,-6.316,1,0.0348,140,4,0.561,1832
16,Dean Lewis,Chemicals,72,0.69,0.55,221579,0.479,1.2e-06,11,0.145,-9.457,1,0.0451,81,4,0.175,1833
16,DJ Snake,You Know You Like It,73,0.0113,0.426,247267,0.722,1.27e-06,5,0.262,-5.369,0,0.196,196,4,0.25,1834
16,Banda Clave Nueva De Max Peraza,Cuál Adiós,68,0.381,0.546,209586,0.569,1.68e-06,7,0.0763,-5.66,0,0.0354,200,4,0.895,1835
16,Kelly Clarkson,Heartbeat Song,66,0.0137,0.49,198733,0.798,0.0,6,0.0627,-3.66,1,0.0489,149,4,0.479,1836
16,Westlife,Swear It Again - Radio Edit,66,0.296,0.626,247933,0.532,0.0,9,0.123,-7.205,1,0.0276,130,4,0.33,1837
16,CNCO,Llegaste Tú,81,0.153,0.702,190916,0.914,0.0,7,0.0625,-2.934,0,0.0376,97,4,0.563,1838
16,Ella Mai,She Don't (feat. Ty Dolla $Ign),75,0.268,0.65,264098,0.478,0.0,7,0.177,-7.512,0,0.05,100,4,0.147,1839
16,B.o.B,Nothin' on You (feat. Bruno Mars),71,0.386,0.688,268320,0.853,0.0,10,0.0862,-5.814,1,0.0493,104,4,0.743,1840
16,5 Seconds of Summer,Monster Among Men,63,0.0918,0.495,192332,0.678,0.0,0,0.078,-4.627,1,0.0583,166,4,0.475,1841
16,Panic! At The Disco,Roaring 20s,74,0.0467,0.271,186600,0.948,0.0,1,0.163,-2.207,1,0.263,83,4,0.515,1842
16,Victorious Cast,Take A Hint,62,0.00443,0.727,154000,0.86,0.0,3,0.0718,-2.712,1,0.0641,134,4,0.747,1843
16,ZAYN,I Don't Mind,62,0.379,0.684,205413,0.516,0.0,11,0.0818,-9.198,0,0.114,83,4,0.454,1844
16,WINNER,MILLIONS,71,0.0599,0.811,208284,0.663,0.0,8,0.0668,-4.543,1,0.0628,109,4,0.811,1845
16,Riley Green,There Was This Girl,66,0.00191,0.609,194480,0.884,0.0,1,0.109,-4.235,1,0.034,128,4,0.949,1846
16,Kevin Ortiz,Corona de Rosas,67,0.228,0.76,159232,0.729,0.0,1,0.106,-5.653,0,0.0416,118,3,0.963,1847
16,Cody Simpson,La Da Dee,68,0.00847,0.657,196787,0.828,0.0,5,0.326,-5.544,1,0.0728,116,4,0.566,1848
16,Zedd,The Middle,87,0.171,0.753,184732,0.657,0.0,7,0.112,-3.061,1,0.0449,107,4,0.437,1849
16,Beyoncé,***Flawless,64,0.0953,0.476,250960,0.688,0.000645,1,0.438,-7.799,1,0.245,141,4,0.352,1850
16,P!nk,"Just Like Fire (From the Original Motion Picture ""Alice Through The Looking Glass"")",72,0.0114,0.632,215414,0.701,0.0,7,0.108,-5.921,1,0.146,163,4,0.497,1851
16,Marc Anthony,Flor Pálida,71,0.659,0.574,280453,0.802,5.07e-06,7,0.0765,-3.976,1,0.0316,94,4,0.739,1852
16,Jonas Blue,I See Love - From Hotel Transylvania 3,71,0.0133,0.736,173220,0.706,0.0,2,0.324,-3.899,0,0.0438,123,4,0.758,1853
16,Sia,Helium,71,0.51,0.435,252320,0.401,0.0,4,0.077,-6.721,1,0.0301,137,4,0.133,1854
16,Matoma,Party On The West Coast (feat. Snoop Dogg),66,0.0448,0.635,233077,0.795,1.48e-05,1,0.119,-5.089,0,0.0917,104,4,0.404,1855
16,Coldplay,Shiver,67,0.0334,0.397,304200,0.803,0.0,4,0.0688,-6.186,1,0.0488,117,3,0.286,1856
16,Kygo,Born To Be Yours,71,0.3,0.688,193321,0.688,0.0,3,0.0982,-5.84,1,0.0357,114,4,0.451,1857
16,Bruno Mars,Straight Up & Down,68,0.0209,0.552,198187,0.733,0.0,3,0.0858,-6.898,0,0.0933,144,4,0.643,1858
16,Katy Perry,Dark Horse,77,0.00314,0.645,215672,0.585,0.0,6,0.165,-6.122,1,0.0513,132,4,0.353,1859
16,Monsta X,Jealousy,63,0.00701,0.695,207030,0.852,0.0,6,0.14,-4.528,0,0.127,103,4,0.496,1860
16,Owl City,Vanilla Twilight,62,0.00961,0.582,231707,0.529,0.000554,11,0.113,-7.637,1,0.0248,166,4,0.567,1861
16,ILLENIUM,It's All on U - T-Mass & LZRD Remix,63,0.039,0.536,204778,0.782,3.64e-05,7,0.0691,-4.139,0,0.0485,155,4,0.405,1862
16,Ying Yang Twins,Salt Shaker,66,0.0509,0.884,252440,0.697,0.0,11,0.094,-6.022,1,0.128,102,4,0.322,1863
16,The Weeknd,In The Night,71,0.0796,0.505,235653,0.68,0.0,7,0.0465,-4.99,1,0.0713,168,3,0.539,1864
16,MIKA,Popular Song,63,0.156,0.665,200213,0.809,0.0,8,0.0613,-4.574,1,0.0464,99,4,0.811,1865
16,Mike Perry,Runaway,64,0.21,0.714,187124,0.84,0.0,0,0.0461,-6.141,1,0.15,126,4,0.194,1866
16,Camila Cabello,Never Be the Same,81,0.181,0.637,226973,0.713,0.000637,0,0.137,-4.333,1,0.0747,130,4,0.243,1867
16,Pitbull,Give Me Everything,76,0.192,0.671,252307,0.939,0.0,8,0.298,-3.206,1,0.161,129,4,0.529,1868
16,Kehlani,Feels,75,0.259,0.369,181140,0.609,4.1e-05,9,0.133,-4.477,0,0.184,80,1,0.381,1869
16,Ulices Chaidez,¿Por Que Me Enamoré?,69,0.843,0.661,205420,0.474,3.98e-05,10,0.111,-6.67,1,0.0353,146,3,0.798,1870
16,Lauv,Chasing Fire,74,0.0449,0.709,205267,0.562,0.0,5,0.217,-4.864,1,0.0724,126,4,0.386,1871
16,David Bisbal,A Partir De Hoy,77,0.186,0.652,196803,0.857,0.0,6,0.377,-5.044,1,0.0676,164,4,0.504,1872
16,DNCE,Body Moves,64,0.00169,0.655,236453,0.696,0.0,1,0.0352,-5.121,1,0.0386,102,4,0.822,1873
16,Maná,Oye Mi Amor,69,0.0102,0.543,263306,0.903,0.00585,11,0.0862,-6.658,0,0.039,162,4,0.962,1874
16,Halsey,Strange Love,63,0.00212,0.605,247283,0.849,0.000372,11,0.192,-4.761,1,0.043,90,4,0.599,1875
16,Kanye West,Through The Wire,68,0.00865,0.571,221227,0.739,5.21e-06,7,0.158,-6.11,1,0.247,83,4,0.66,1876
16,Rascal Flatts,What Hurts The Most,71,0.00842,0.527,214107,0.671,0.0,5,0.268,-5.032,0,0.0283,136,4,0.331,1877
16,Taylor Swift,End Game,74,0.00845,0.649,244827,0.589,0.0,2,0.108,-6.237,1,0.0558,159,4,0.151,1878
16,George Ezra,Pretty Shining People,70,0.14,0.584,212447,0.726,0.0,1,0.0984,-4.604,1,0.0371,107,4,0.398,1879
16,Cassadee Pope,If My Heart Had A Heart,64,0.0869,0.586,201867,0.793,0.0,1,0.11,-5.636,1,0.0407,142,4,0.443,1880
16,Rihanna,Love On The Brain,73,0.0717,0.509,224000,0.637,1.08e-05,4,0.0789,-4.83,0,0.0471,172,3,0.378,1881
16,Zendaya,Replay,69,0.0416,0.688,209187,0.723,0.0002,6,0.302,-6.682,0,0.121,140,4,0.618,1882
16,Colbie Caillat,Bubbly,70,0.594,0.664,196280,0.491,0.0,9,0.11,-6.544,1,0.042,128,4,0.24,1883
16,Trey Songz,Jill (Sumn Real),62,0.146,0.337,259762,0.461,0.0,10,0.409,-9.195,0,0.218,85,4,0.354,1884
16,Cheat Codes,Sex,67,0.00453,0.503,228361,0.692,0.0,0,0.133,-5.836,1,0.202,103,4,0.208,1885
16,One Direction,If I Could Fly,68,0.781,0.565,230320,0.245,0.0,5,0.0998,-9.132,1,0.0262,75,4,0.307,1886
16,Lady Gaga,Shallow - Radio Edit,90,0.416,0.575,217213,0.33,0.0,7,0.0872,-6.557,1,0.031,96,4,0.277,1887
16,BTS,Butterfly,68,0.0149,0.448,238862,0.776,0.0,6,0.12,-4.498,1,0.0571,150,4,0.294,1888
16,Ruel,Dazed & Confused,76,0.102,0.688,189608,0.5,0.0,2,0.355,-7.411,1,0.138,128,3,0.418,1889
16,Pet Shop Boys,It's a Sin - 2001 Remaster,64,0.252,0.538,299307,0.86,0.000527,0,0.247,-5.916,0,0.0435,127,4,0.291,1890
16,Calvin Harris,Drinking from the Bottle (feat. Tinie Tempah),63,0.0469,0.665,240347,0.886,6.24e-05,9,0.0525,-4.175,0,0.0514,128,4,0.53,1891
16,Gente De Zona,La Gozadera,74,0.166,0.616,203160,0.989,0.0,9,0.172,-1.698,0,0.0483,95,4,0.902,1892
16,ZAYN,LIKE I WOULD,65,0.0247,0.565,192133,0.832,0.0,10,0.26,-5.732,0,0.114,113,4,0.233,1893
16,Dillon Francis,Catchy Song (feat. T-Pain & That Girl Lay Lay) [From The LEGO® Movie 2: The Second Part - Original Motion Picture Soundtrack],65,0.00176,0.803,167540,0.907,3.12e-06,2,0.291,-5.641,1,0.0349,120,4,0.815,1894
16,Macklemore & Ryan Lewis,Growing Up (feat. Ed Sheeran),62,0.178,0.74,305240,0.549,0.0,9,0.114,-7.072,1,0.303,85,4,0.469,1895
16,Twenty One Pilots,House Of Gold,73,0.445,0.68,163880,0.693,0.0,0,0.208,-7.234,1,0.0435,115,4,0.851,1896
16,Mitchell Tenpenny,All On You,63,0.0703,0.375,190023,0.731,0.0,6,0.0996,-4.123,1,0.0472,168,4,0.751,1897
16,Marshmello,Happier,97,0.191,0.687,214290,0.792,0.0,5,0.167,-2.749,1,0.0452,100,4,0.671,1898
16,The Script,"Never Seen Anything ""Quite Like You"" - Acoustic",70,0.799,0.444,228147,0.398,0.0,6,0.114,-8.01,1,0.03,80,3,0.361,1899
16,J Balvin,Ginza,71,0.208,0.73,171093,0.809,0.0013,5,0.0804,-6.406,0,0.0876,102,4,0.825,1900
16,Lauv,The Other,68,0.421,0.38,189333,0.553,2.63e-06,7,0.0788,-6.621,1,0.0653,180,4,0.384,1901
16,Stray Kids,My Pace,69,0.0569,0.682,189325,0.831,0.0,11,0.0927,-4.234,0,0.253,155,4,0.785,1902
16,Ed Sheeran,Kiss Me,75,0.64,0.589,280853,0.227,0.00469,2,0.0248,-16.67,1,0.0498,75,4,0.182,1903
16,Virlan Garcia,Iván Archivaldo,64,0.483,0.695,192547,0.626,0.0,5,0.22,-5.329,1,0.0324,112,3,0.95,1904
16,Rihanna,Only Girl (In The World),67,0.119,0.78,235520,0.714,4.1e-06,11,0.217,-4.155,0,0.0382,126,4,0.666,1905
16,Juanes,Nada Valgo Sin Tu Amor,62,0.155,0.601,196360,0.643,0.0,0,0.283,-4.581,1,0.0272,77,4,0.387,1906
16,Anitta,Terremoto,84,0.329,0.891,146276,0.805,0.0,8,0.277,-5.836,0,0.0898,95,4,0.967,1907
16,John Legend,You & I (Nobody in the World),67,0.129,0.456,252653,0.342,0.0,11,0.124,-8.162,0,0.0283,84,4,0.224,1908
16,Céline Dion,"Beauty and the Beast - from the Soundtrack ""Beauty and the Beast""",65,0.643,0.463,249240,0.4,2.46e-05,6,0.131,-9.999,0,0.0308,77,4,0.121,1909
16,CLC,Hobgoblin,63,0.0194,0.621,210478,0.873,0.0,11,0.488,-2.888,0,0.103,170,4,0.401,1910
16,Jessie Reyez,Apple Juice,63,0.526,0.517,180320,0.391,0.0,5,0.177,-5.028,1,0.0685,140,3,0.342,1911
16,Rudimental,Scared of Love (feat. RAY BLK & Stefflon Don),70,0.0159,0.721,203000,0.691,1.87e-06,5,0.286,-4.671,1,0.0536,118,4,0.343,1912
16,Culture Club,Karma Chameleon - Remastered 2002,74,0.225,0.668,252773,0.73,0.0,10,0.188,-7.182,1,0.0366,92,4,0.894,1913
16,Ailee,I will go to you like the first snow,66,0.66,0.497,229678,0.431,0.0,5,0.153,-4.755,0,0.0287,134,4,0.166,1914
16,Jack Ü,Mind (feat. Kai),67,0.117,0.502,242069,0.777,2.91e-06,1,0.0957,-4.627,1,0.0934,174,4,0.356,1915
16,KSHMR,Carry Me Home (feat. Jake Reese),68,0.014,0.662,191250,0.884,3.7e-05,9,0.087,-4.104,0,0.0599,128,4,0.484,1916
16,Monsta X,Shoot Out,69,0.0599,0.613,207173,0.868,0.0,6,0.352,-2.792,0,0.143,165,4,0.394,1917
16,Calum Scott,You Are The Reason - Duet Version,72,0.382,0.403,190760,0.356,0.0,10,0.148,-7.547,1,0.0298,171,3,0.151,1918
16,Florida Georgia Line,Women,73,0.425,0.368,211507,0.592,0.0,6,0.0849,-4.317,1,0.0385,118,3,0.451,1919
16,Little Mix,Think About Us,72,0.0709,0.477,235147,0.791,0.0,8,0.112,-3.331,1,0.12,176,4,0.603,1920
16,Ashanti,Rock Wit U (Awww Baby),64,0.433,0.712,209120,0.805,0.0,4,0.179,-3.142,0,0.0739,95,4,0.851,1921
16,The Weeknd,The Morning,71,0.317,0.652,312427,0.549,0.0,6,0.104,-7.555,0,0.039,120,4,0.186,1922
16,Aitana,TELÉFONO - Remix,70,0.201,0.672,163787,0.886,4.79e-05,2,0.104,-3.234,1,0.0684,172,4,0.667,1923
16,Galantis,Spaceship (feat. Uffie),64,0.322,0.518,167079,0.842,0.0,10,0.101,-1.816,1,0.0828,126,4,0.375,1924
16,Spandau Ballet,True,72,0.506,0.744,328293,0.545,0.0977,0,0.0649,-9.361,1,0.0297,97,4,0.346,1925
16,Shawn Mendes,Life Of The Party,65,0.0663,0.667,214533,0.614,0.0,10,0.111,-4.995,1,0.0314,114,4,0.161,1926
16,One Direction,Little Things,76,0.788,0.707,219640,0.222,0.0,7,0.205,-11.716,1,0.0329,110,4,0.556,1927
16,Sigala,Somebody,71,0.0938,0.675,238667,0.849,0.0,0,0.121,-3.841,1,0.0675,100,4,0.681,1928
16,Kehlani,The Way (feat. Chance the Rapper),69,0.389,0.746,262521,0.538,0.0,10,0.139,-6.479,1,0.32,101,4,0.516,1929
16,Tiësto,Jackie Chan,86,0.374,0.747,215760,0.834,0.0,3,0.0586,-2.867,0,0.045,128,4,0.687,1930
16,Joe Goddard,Music Is The Answer,62,0.0701,0.665,298579,0.651,0.000784,7,0.273,-10.668,0,0.0311,115,4,0.433,1931
16,Mike Perry,Don't Hide,66,0.00777,0.532,157338,0.804,0.0,4,0.167,-4.88,1,0.0391,100,4,0.343,1932
16,Adele,One And Only,66,0.295,0.464,346813,0.467,0.0,5,0.141,-5.306,1,0.0376,52,4,0.169,1933
16,Halsey,Heaven In Hiding,64,0.0957,0.55,207174,0.874,0.0,1,0.0618,-3.954,0,0.136,118,4,0.476,1934
16,James Arthur,Naked,82,0.104,0.529,234107,0.607,0.0,6,0.0631,-6.781,1,0.0574,102,4,0.238,1935
16,Calvin Harris,"Feels (feat. Pharrell Williams, Katy Perry & Big Sean)",78,0.0642,0.893,223413,0.745,0.0,11,0.0943,-3.105,0,0.0571,101,4,0.872,1936
16,3OH!3,DONTTRUSTME,66,0.0163,0.791,192573,0.713,0.0,5,0.189,-3.742,0,0.254,130,4,0.514,1937
16,Ne-Yo,Miss Independent,69,0.522,0.673,232000,0.683,0.0,1,0.235,-5.693,1,0.115,172,4,0.713,1938
16,Yo Trane,Alone,70,0.735,0.796,169066,0.415,0.0,7,0.0824,-10.986,0,0.0718,126,4,0.212,1939
16,OneRepublic,Let's Hurt Tonight,67,0.36,0.459,194520,0.706,1.62e-06,5,0.256,-4.467,1,0.033,65,4,0.315,1940
16,Jovanny Cadena Y Su Estilo Privado,Así Quería Mirarte,63,0.692,0.706,217284,0.695,0.0,5,0.13,-2.922,1,0.0316,149,3,0.885,1941
16,Ellie Goulding,Close To Me (with Diplo) (feat. Swae Lee),92,0.0969,0.574,182623,0.758,0.0,1,0.395,-5.029,0,0.0621,144,4,0.492,1942
16,Britney Spears,Till the World Ends,63,0.0228,0.693,237947,0.705,0.0,8,0.202,-5.747,1,0.0665,132,4,0.45,1943
16,Sixpence None The Richer,There She Goes,65,0.000856,0.498,164280,0.789,5.83e-06,10,0.104,-5.724,1,0.0319,120,4,0.455,1944
16,Nick Jonas,Close,72,0.253,0.653,234213,0.623,0.0,6,0.144,-5.273,0,0.082,124,4,0.401,1945
16,Julia Michaels,Anxiety (with Selena Gomez),83,0.571,0.803,210147,0.384,0.0,7,0.194,-6.522,1,0.179,142,4,0.503,1946
16,Kansas,Dust in the Wind,77,0.367,0.475,206267,0.322,0.00056,7,0.11,-10.687,1,0.0283,94,4,0.387,1947
16,Post Malone,Broken Whiskey Glass,68,0.289,0.512,233813,0.673,3.04e-06,0,0.126,-7.359,1,0.0523,100,4,0.11,1948
16,Hailee Steinfeld,Capital Letters,81,0.0337,0.661,219373,0.814,8.27e-06,0,0.0518,-5.529,1,0.0759,100,4,0.459,1949
16,Trey Songz,Solid,70,0.0665,0.574,219052,0.587,0.0,2,0.467,-6.565,0,0.066,132,4,0.353,1950
16,Gabbie Hanna,Honestly,62,0.011,0.664,175000,0.543,4.11e-05,1,0.0779,-8.067,0,0.209,160,4,0.468,1951
16,Backstreet Boys,Chances,70,0.0178,0.551,172627,0.755,0.0,11,0.466,-6.255,1,0.0678,110,4,0.296,1952
16,Natti Natasha,Pa' Mala Yo,76,0.477,0.845,159893,0.769,1.87e-06,9,0.0887,-3.429,0,0.0783,102,4,0.459,1953
16,BTS,War of Hormone,65,0.116,0.612,265602,0.993,0.0,9,0.307,-1.895,1,0.24,98,4,0.487,1954
16,5 Seconds of Summer,Killer Queen,72,0.00422,0.262,199357,0.789,0.0,10,0.325,-4.548,1,0.123,171,3,0.487,1955
16,Khalid,Winter,70,0.101,0.678,241867,0.575,9.38e-06,1,0.116,-7.086,1,0.123,100,4,0.367,1956
16,DJ Snake,Turn Down for What,72,0.00107,0.818,213733,0.799,0.128,1,0.057,-4.1,0,0.156,100,4,0.0815,1957
16,Kesha,Woman,66,0.0438,0.743,196360,0.765,0.0416,5,0.667,-3.586,0,0.0389,115,4,0.338,1958
16,Calvin Harris,Slide (feat. Frank Ocean & Migos),76,0.498,0.736,230813,0.795,1.21e-06,1,0.254,-3.299,0,0.0545,104,4,0.511,1959
16,Jack Ü,Where Are Ü Now (with Justin Bieber) - Marshmello Remix,62,0.00266,0.572,206197,0.863,0.000307,8,0.127,-4.128,1,0.0424,142,4,0.475,1960
16,Kanye West,Wolves,69,0.186,0.539,301587,0.399,0.00255,1,0.131,-8.016,1,0.045,78,4,0.118,1961
16,Janet Jackson,Got 'Til It's Gone,63,0.0223,0.789,241760,0.413,0.000313,7,0.3,-7.518,1,0.244,90,4,0.518,1962
16,BTS,N.O,62,0.0389,0.594,209752,0.914,0.0,11,0.457,-3.764,0,0.167,147,4,0.571,1963
16,Ed Sheeran,Happier - Acoustic,70,0.0425,0.493,206209,0.4,1.47e-06,0,0.133,-8.117,1,0.0261,91,4,0.15,1964
16,Lady Gaga,The Edge Of Glory,63,0.000343,0.581,320587,0.772,0.0191,9,0.11,-6.544,1,0.0401,128,4,0.361,1965
16,Ed Sheeran,...Baby One More Time - Recorded at Spotify Studios NYC,70,0.189,0.792,177215,0.307,0.0,11,0.0834,-6.224,0,0.0522,105,4,0.631,1966
16,AJR,Sober Up,70,0.282,0.651,218763,0.568,0.0,5,0.0862,-6.774,1,0.0275,93,4,0.805,1967
16,The Cardigans,Lovefool,71,0.0646,0.64,193893,0.602,0.0,9,0.375,-7.902,1,0.0299,112,4,0.951,1968
16,Coldplay,Hymn for the Weekend,78,0.255,0.49,258827,0.743,7.21e-06,0,0.3,-5.155,0,0.0409,90,4,0.363,1969
16,Ace of Base,The Sign,68,0.00928,0.808,191240,0.786,0.0701,4,0.0574,-6.897,0,0.0447,97,4,0.899,1970
16,BLACKPINK,See U Later,64,0.0376,0.741,198867,0.926,0.0,9,0.582,-3.968,0,0.112,107,4,0.571,1971
16,Ed Sheeran,Castle on the Hill - Acoustic,68,0.518,0.563,226227,0.26,0.0,2,0.146,-5.856,1,0.0391,146,4,0.616,1972
16,Rita Ora,Only Want You,78,0.0599,0.654,180760,0.528,7.14e-05,6,0.0975,-6.224,0,0.0412,82,4,0.376,1973
16,Adele,Don't You Remember,65,0.206,0.64,243200,0.395,0.0,3,0.0935,-5.689,1,0.0307,115,4,0.235,1974
16,Gryffin,Tie Me Down (feat. Elley Duhé) - Blanke Remix,62,0.12,0.578,251515,0.679,0.0,6,0.153,-3.546,1,0.0716,99,4,0.399,1975
16,Roxette,The Look,70,0.0531,0.634,237320,0.838,8.34e-06,2,0.0522,-5.363,1,0.0413,95,4,0.541,1976
16,Simple Plan,Addicted,65,0.000491,0.522,232067,0.751,2.22e-06,1,0.158,-5.46,1,0.0435,140,3,0.605,1977
16,Enrique Iglesias,Hero,63,0.135,0.567,264600,0.65,1.94e-05,7,0.11,-5.478,1,0.0447,76,4,0.154,1978
16,Red Velvet,Power Up,71,0.0774,0.732,202040,0.934,0.00745,8,0.306,-4.618,1,0.144,160,4,0.898,1979
16,5 Seconds of Summer,Why Won’t You Love Me,64,0.000455,0.613,200606,0.78,0.0,5,0.124,-3.771,1,0.0344,135,4,0.333,1980
16,Rita Ora,Your Song,78,0.158,0.855,180757,0.624,0.0,1,0.0513,-4.093,1,0.0488,118,4,0.962,1981
16,Taylor Swift,This Is Why We Can’t Have Nice Things,68,0.0156,0.567,207133,0.789,0.0,5,0.382,-5.986,1,0.115,164,4,0.438,1982
16,Avicii,Wake Me Up,84,0.00346,0.518,247427,0.784,0.00187,2,0.171,-5.659,1,0.0524,124,4,0.588,1983
16,Fall Out Boy,Grand Theft Autumn / Where Is Your Boy,62,0.000706,0.628,191373,0.886,0.0,2,0.275,-3.805,1,0.0608,135,4,0.72,1984
16,Lady Gaga,Poker Face,70,0.139,0.846,237200,0.815,2.19e-06,4,0.131,-4.512,1,0.0761,119,4,0.831,1985
16,Juan Magán,Internacional,63,0.186,0.658,216695,0.624,0.0,9,0.157,-4.253,0,0.209,102,4,0.734,1986
16,Selena Gomez,Wolves,86,0.129,0.72,197993,0.807,0.0,11,0.183,-4.59,0,0.0432,125,4,0.305,1987
16,Khalid,Better - noclue? Remix,63,0.0139,0.602,212500,0.668,4.75e-05,0,0.219,-7.482,0,0.099,120,4,0.244,1988
16,Billie Eilish,&burn (with Vince Staples),76,0.219,0.784,179016,0.379,0.00113,9,0.0984,-9.33,0,0.256,83,4,0.347,1989
16,Prince Royce,Corazon Sin Cara,68,0.0489,0.704,211453,0.83,0.0,11,0.111,-3.139,1,0.0297,127,4,0.957,1990
16,Thirty Seconds To Mars,Love Is Madness (feat. Halsey),65,0.0128,0.382,234867,0.675,0.000246,0,0.219,-6.56,1,0.0441,106,1,0.449,1991
16,LÉON,I Believe in Us,64,0.799,0.555,202147,0.423,0.0,0,0.112,-6.232,1,0.044,137,4,0.257,1992
16,TAEMIN,MOVE,68,0.0153,0.697,211949,0.713,0.0,8,0.0857,-5.273,0,0.115,100,4,0.667,1993
16,Foals,Exits,63,0.0559,0.483,357419,0.858,0.00107,9,0.514,-2.94,0,0.0346,188,4,0.712,1994
16,Coldplay,Paradise,78,0.0522,0.449,278719,0.585,8.49e-05,5,0.0833,-6.762,1,0.0268,140,4,0.203,1995
16,Panic! At The Disco,Hurricane,63,0.00393,0.515,265333,0.869,0.0,11,0.434,-4.381,0,0.109,123,4,0.336,1996
16,Clean Bandit,Tears (feat. Louisa Johnson),70,0.0431,0.605,225915,0.77,0.0,5,0.159,-3.645,0,0.0446,130,4,0.298,1997
16,Marc Anthony,Tu Vida en la Mía,69,0.37,0.68,373200,0.864,0.000309,2,0.373,-3.16,1,0.0339,94,4,0.851,1998
16,Céline Dion,The Power of Love,67,0.36,0.546,342400,0.519,0.00046,8,0.24,-9.072,1,0.0291,140,4,0.247,1999
16,Mike Posner,I Took A Pill In Ibiza - Seeb Remix,73,0.0353,0.663,197933,0.713,7.68e-06,7,0.0843,-6.647,0,0.112,102,4,0.69,2000
16,Hardwell,Out Of This Town,67,0.00871,0.553,195200,0.902,0.000171,5,0.355,-3.444,0,0.0703,150,4,0.633,2001
16,Florida Georgia Line,Blessings,63,0.737,0.466,198520,0.672,0.0,4,0.0858,-5.926,1,0.036,89,4,0.334,2002
16,Ariana Grande,Let Me Love You,74,0.0295,0.528,223853,0.435,0.0,2,0.243,-8.363,1,0.129,103,3,0.0781,2003
16,Little Mix,Woman's World,62,0.144,0.456,217747,0.671,0.0,4,0.121,-5.159,0,0.0567,164,4,0.164,2004
16,Leona Lewis,Bleeding Love,80,0.188,0.638,262467,0.656,0.0,5,0.146,-5.886,1,0.0357,104,4,0.225,2005
16,Shakira,Antologia,66,0.489,0.844,251053,0.465,5.56e-06,0,0.095,-8.444,1,0.0295,98,4,0.556,2006
16,Nicki Minaj,No Frauds,67,0.0766,0.873,272453,0.561,2.93e-06,1,0.416,-7.013,1,0.272,139,4,0.417,2007
16,David Bowie,Modern Love - 1999 Remastered Version,67,0.000376,0.315,288467,0.889,0.00241,0,0.133,-8.192,1,0.041,181,4,0.961,2008
16,Foals,Birch Tree,64,0.0186,0.659,261133,0.792,0.0405,6,0.102,-7.101,0,0.0301,108,4,0.466,2009
16,Rocío Dúrcal,Amor Eterno,65,0.231,0.279,408507,0.157,0.000463,0,0.564,-17.564,1,0.0334,177,4,0.385,2010
16,Steve Aoki,Are You Lonely (feat. ISÁK),74,0.0214,0.517,157333,0.793,0.00046,6,0.0892,-5.851,0,0.0367,90,4,0.176,2011
16,David Guetta,Like I Do,80,0.00664,0.635,202500,0.9,0.0145,0,0.37,-3.719,0,0.0377,128,4,0.15,2012
16,Heart,Crazy On You,65,0.116,0.427,293440,0.459,0.000103,9,0.132,-12.442,0,0.0332,130,4,0.383,2013
16,Lukas Graham,You're Not the Only One (Redemption Song),63,0.293,0.653,183640,0.419,0.0,9,0.111,-7.486,1,0.0414,99,4,0.366,2014
16,Riverdale Cast,Mad World,70,0.59,0.476,188180,0.343,0.0,3,0.128,-10.417,1,0.0339,172,4,0.239,2015
16,The Black Eyed Peas,Just Can’t Get Enough,69,0.187,0.483,219427,0.648,0.0,0,0.0812,-8.651,0,0.327,94,4,0.242,2016
16,Lady Gaga,G.U.Y.,62,0.0141,0.616,232667,0.919,0.0,5,0.117,-3.468,0,0.0401,110,4,0.572,2017
16,Kygo,Kids in Love (feat. The Night Game),65,0.399,0.499,263400,0.673,1.21e-06,0,0.208,-4.505,1,0.0348,122,4,0.301,2018
16,BTS,Awake,64,0.023,0.357,226161,0.498,1.99e-06,3,0.269,-6.589,1,0.0332,143,4,0.339,2019
16,The Chainsmokers,Who Do You Love (with 5 Seconds of Summer),91,0.00791,0.51,226747,0.835,0.0,3,0.219,-4.673,1,0.0447,140,4,0.435,2020
16,Paloma Faith,Only Love Can Hurt Like This,67,0.0959,0.566,232893,0.885,9.83e-05,8,0.334,-4.527,1,0.0815,91,4,0.307,2021
16,Levi Hummon,Change My Life,62,0.19,0.726,160281,0.729,0.0,6,0.382,-5.758,1,0.0334,110,4,0.84,2022
16,Mark Ronson,Nothing Breaks Like a Heart - Dimitri from Paris Remix,64,0.0619,0.592,212463,0.8,0.0,7,0.138,-4.62,0,0.0614,114,4,0.333,2023
16,Michael Jackson,Man in the Mirror - 2012 Remaster,70,0.52,0.808,318680,0.812,7.91e-05,8,0.134,-5.012,1,0.0381,100,4,0.269,2024
16,Why Don't We,Talk,71,0.0588,0.795,190347,0.7,0.0,6,0.0977,-5.221,0,0.107,120,4,0.798,2025
16,Fifth Harmony,Worth It,76,0.063,0.884,224573,0.765,7.04e-06,8,0.118,-3.865,1,0.0882,100,4,0.594,2026
16,David Guetta,Don't Leave Me Alone (feat. Anne-Marie) - R3hab Remix,70,0.254,0.618,182461,0.949,2.99e-06,4,0.488,-2.697,0,0.0903,128,4,0.293,2027
16,Rascal Flatts,Back To Life,67,0.191,0.467,214219,0.701,0.0,4,0.0769,-4.997,1,0.0302,132,3,0.28,2028
16,Kesha,Die Young,69,0.00498,0.711,211920,0.7,0.000125,1,0.215,-4.805,0,0.046,128,4,0.801,2029
16,Avril Lavigne,Nobody's Home,62,0.000516,0.348,212413,0.907,0.0,5,0.161,-3.66,0,0.0497,185,4,0.177,2030
16,SEVENTEEN,CLAP,67,0.141,0.722,167797,0.918,0.0,8,0.409,-2.952,1,0.0607,100,4,0.831,2031
16,BTS,FAKE LOVE (Rocking Vibe Mix),63,0.0573,0.463,238494,0.804,0.0,2,0.432,-4.009,0,0.0391,155,4,0.352,2032
16,Kehlani,RPG (feat. 6lack),72,0.434,0.76,236218,0.524,0.0,7,0.0905,-7.397,0,0.203,133,4,0.698,2033
16,Halsey,Not Afraid Anymore,62,0.0026,0.552,226787,0.742,5.93e-05,5,0.128,-6.935,0,0.0649,132,4,0.43,2034
16,Carly Pearce,Closer To You,70,0.125,0.662,187321,0.685,0.0,4,0.0961,-4.561,0,0.0302,112,4,0.447,2035
16,Galantis,Bones (feat. OneRepublic),85,0.00464,0.66,205793,0.788,0.0,0,0.179,-5.844,1,0.0374,120,4,0.494,2036
16,Shakira,Chantaje (feat. Maluma),78,0.187,0.852,195840,0.773,3.05e-05,8,0.159,-2.921,0,0.0776,102,4,0.907,2037
16,The Temptations,My Girl,79,0.625,0.579,165000,0.419,0.0,0,0.0981,-10.72,1,0.0346,105,4,0.673,2038
16,Nick Jonas,Jealous,65,0.013,0.7,223107,0.701,0.0,11,0.461,-3.834,0,0.161,93,4,0.38,2039
16,Percy Sledge,When A Man Loves A Woman,67,0.13,0.516,173867,0.15,0.0755,1,0.122,-20.41,1,0.0272,97,3,0.206,2040
16,Reik,Ráptame,78,0.0138,0.662,199088,0.743,4.65e-06,0,0.0613,-6.427,1,0.159,184,4,0.388,2041
16,Bridgit Mendler,Hurricane,64,0.045,0.754,243987,0.825,3.88e-06,7,0.0945,-4.052,0,0.0702,95,4,0.411,2042
16,TWICE,LIKEY,71,0.397,0.717,207824,0.911,0.000467,4,0.137,-1.077,0,0.0344,132,4,0.443,2043
16,Boyz II Men,I'll Make Love To You,64,0.119,0.557,236773,0.509,0.0,2,0.0794,-7.928,1,0.0243,142,3,0.244,2044
16,Billy Idol,White Wedding - Pt. 1,68,0.0133,0.673,252200,0.814,0.00293,9,0.343,-5.411,1,0.0367,147,4,0.728,2045
16,Marshmello,Summer,72,0.00695,0.583,233239,0.748,0.0241,6,0.22,-4.798,1,0.0292,142,4,0.254,2046
16,Hailee Steinfeld,Starving,82,0.378,0.729,181880,0.615,0.0,4,0.105,-4.238,1,0.0647,100,4,0.508,2047
16,Charlotte Lawrence,Just The Same,67,0.38,0.736,211304,0.593,0.0,7,0.204,-4.677,1,0.04,92,4,0.607,2048
16,Britney Spears,Lucky,63,0.262,0.765,206227,0.791,0.000154,8,0.0669,-5.707,1,0.0317,95,4,0.966,2049
16,George Ezra,Barcelona,62,0.32,0.629,188960,0.572,0.000853,5,0.109,-9.332,1,0.0307,94,4,0.182,2050
16,Lady Gaga,The Cure,74,0.0792,0.697,211364,0.506,0.0,8,0.0893,-4.863,1,0.0325,100,4,0.516,2051
16,MARINA,Handmade Heaven,72,0.367,0.379,209891,0.503,0.0,6,0.111,-5.814,0,0.0374,107,4,0.284,2052
16,Matchbox Twenty,Push,73,0.0067,0.42,238667,0.672,0.0,6,0.108,-7.902,1,0.027,168,4,0.476,2053
16,Blasterjaxx,Narco,64,0.00784,0.764,208635,0.943,0.104,8,0.0699,-4.047,1,0.0711,130,4,0.207,2054
16,Big Time Rush,Boyfriend,64,0.0987,0.614,201040,0.857,0.0,1,0.177,-4.171,0,0.111,164,4,0.677,2055
16,Ed Sheeran,Perfect,89,0.163,0.599,263400,0.448,0.0,8,0.106,-6.312,1,0.0232,95,3,0.168,2056
16,Aly & AJ,Potential Breakup Song,62,0.00112,0.57,219773,0.886,0.00739,6,0.594,-4.145,0,0.044,158,4,0.805,2057
16,MINO,BODY,62,0.0326,0.754,199393,0.803,0.0,9,0.225,-3.233,0,0.0797,140,4,0.36,2058
16,Martin Garrix,Burn Out (feat. Dewain Whitmore),78,0.0156,0.594,200322,0.722,0.0,4,0.0667,-5.751,0,0.0398,128,4,0.407,2059
16,Corona,The Rhythm of the Night,69,0.000232,0.69,264280,0.805,0.739,5,0.095,-11.522,0,0.0336,128,4,0.799,2060
16,Mitch James,Bright Blue Skies,73,0.259,0.799,182907,0.373,0.0,7,0.166,-8.999,1,0.0558,98,4,0.534,2061
16,Usher,ATA,63,0.015,0.717,187320,0.496,0.0,5,0.139,-6.263,0,0.045,140,4,0.301,2062
16,Destiny's Child,"Independent Women, Pt. 1",69,0.362,0.73,221133,0.602,3.69e-06,6,0.169,-3.782,0,0.206,98,4,0.927,2063
16,One Direction,Perfect,72,0.0598,0.647,230333,0.823,0.0,2,0.119,-5.231,1,0.0762,100,4,0.396,2064
16,CNCO,Reggaetón Lento (Remix),72,0.15,0.534,188800,0.911,0.0,4,0.0986,-3.086,0,0.0852,94,4,0.624,2065
16,Alfredo Olivas,El Día De Los Muertos,71,0.267,0.507,203800,0.456,1.61e-05,7,0.278,-5.625,0,0.0487,201,3,0.964,2066
16,Meghan Trainor,Like I'm Gonna Lose You,79,0.4,0.63,225053,0.53,0.0,0,0.177,-7.259,1,0.0434,108,3,0.417,2067
16,The Weeknd,High For This,68,0.744,0.465,247227,0.403,0.000667,11,0.0777,-8.895,0,0.0755,75,4,0.0687,2068
16,Shakira,She Wolf,64,0.289,0.865,188867,0.69,0.0138,7,0.225,-7.448,1,0.0444,122,4,0.868,2069
16,Olivia O'Brien,Fuck Feelings,70,0.251,0.817,180693,0.36,0.0,8,0.195,-6.45,0,0.0433,105,4,0.514,2070
16,Ben E. King,Stand by Me,79,0.57,0.65,180056,0.306,7.07e-06,9,0.0707,-9.443,1,0.0393,118,4,0.605,2071
16,ZAYN,Talk To Me,62,0.112,0.536,180427,0.495,0.0,6,0.234,-8.08,0,0.142,101,4,0.433,2072
16,Cavetown,Green,63,0.257,0.425,270429,0.34,0.0,2,0.117,-11.208,1,0.035,135,3,0.117,2073
16,Remmy Valenzuela,Mi Princesa,68,0.289,0.679,183600,0.646,0.0,3,0.0874,-4.619,1,0.0597,107,4,0.694,2074
16,Red Velvet,빨간 맛 Red Flavor,69,0.0409,0.709,191139,0.917,0.0,9,0.0839,-3.315,1,0.189,125,4,0.515,2075
16,Twenty One Pilots,Holding On To You,71,0.241,0.608,263733,0.776,0.0,11,0.0713,-3.635,1,0.0511,90,4,0.814,2076
16,T.I.,Dead And Gone (feat. Justin Timberlake),69,0.0402,0.713,299747,0.746,0.0,0,0.601,-4.99,1,0.259,135,4,0.47,2077
16,Calvin Harris,Let's Go (feat. Ne-Yo),67,0.00777,0.71,232800,0.882,0.00771,4,0.294,-2.932,0,0.0595,128,4,0.875,2078
16,Justin Timberlake,"CAN'T STOP THE FEELING! (Original Song from DreamWorks Animation's ""TROLLS"")",75,0.0106,0.669,237547,0.832,0.0,0,0.0968,-5.72,1,0.0682,113,4,0.7,2079
16,Bruno Mars,Grenade,75,0.146,0.706,223253,0.558,0.0,2,0.118,-7.237,0,0.0593,110,4,0.227,2080
16,Clean Bandit,Baby (feat. MARINA & Luis Fonsi),80,0.356,0.755,205440,0.74,1.05e-05,0,0.0994,-5.354,0,0.04,117,4,0.33,2081
16,Katy Perry,E.T.,64,0.0181,0.62,229573,0.869,0.0,1,0.369,-5.252,1,0.175,152,4,0.76,2082
16,Day6,Shoot Me,67,0.0683,0.583,175837,0.916,0.0,1,0.0489,-1.396,1,0.149,168,4,0.732,2083
16,Luis Fonsi,Échame La Culpa,78,0.0328,0.726,173720,0.889,0.0,0,0.0925,-3.655,1,0.0429,96,4,0.649,2084
16,El Fantasma,Dolor y Amor,68,0.237,0.656,159614,0.38,0.000456,8,0.102,-5.757,1,0.0503,137,4,0.935,2085
16,Men At Work,Down Under,74,0.0485,0.746,220867,0.79,0.0261,11,0.0534,-4.7,0,0.0257,107,4,0.891,2086
16,The Him,Unstoppable,66,0.0226,0.688,173226,0.881,0.0117,8,0.43,-4.32,0,0.127,124,4,0.514,2087
16,Katrina & The Waves,Walking On Sunshine,79,0.0116,0.596,238733,0.869,0.173,10,0.0678,-11.97,1,0.037,110,4,0.944,2088
16,Cyndi Lauper,Time After Time,72,0.576,0.724,243067,0.436,1.19e-06,0,0.0908,-9.321,1,0.0282,130,4,0.324,2089
16,John Mayer,Queen of California,64,0.638,0.536,250133,0.738,0.446,4,0.0736,-11.02,1,0.031,83,4,0.707,2090
16,Jennifer Lopez,El Anillo,71,0.0248,0.87,176816,0.691,0.0,2,0.0861,-4.11,0,0.18,130,4,0.469,2091
16,Pedro Capó,Calma,77,0.199,0.737,180066,0.634,0.0,2,0.0803,-5.331,1,0.0475,127,4,0.55,2092
16,WINNER,REALLY REALLY,68,0.167,0.765,203057,0.769,0.0,2,0.0854,-3.16,1,0.0595,103,4,0.581,2093
16,NOTD,I Wanna Know - Acoustic,64,0.758,0.668,200620,0.403,0.0,6,0.184,-5.321,1,0.0362,120,4,0.394,2094
16,Daniel Caesar,Get You (feat. Kali Uchis),80,0.422,0.658,278180,0.294,5.2e-05,4,0.0749,-8.533,0,0.0321,74,4,0.358,2095
16,blackbear,the 1,66,0.0583,0.571,206875,0.531,0.0,4,0.122,-6.137,0,0.0385,108,4,0.439,2096
16,Ed Sheeran,Thinking Out Loud,85,0.474,0.781,281560,0.445,0.0,2,0.184,-6.061,1,0.0295,79,4,0.591,2097
16,R3HAB,I Just Can't,62,0.162,0.652,156000,0.595,0.0,6,0.148,-6.944,0,0.0419,78,4,0.303,2098
16,Dillon Francis,Say Less,64,0.101,0.681,204699,0.925,1.7e-05,8,0.343,-5.436,1,0.209,136,4,0.646,2099
16,Khalid,Talk,94,0.0501,0.9,197487,0.4,0.0,0,0.0876,-8.443,1,0.124,136,4,0.338,2100
16,Ariana Grande,Love Me Harder,78,0.00937,0.472,236133,0.714,0.0,1,0.0764,-4.389,0,0.0334,99,4,0.24,2101
16,Robert Palmer,Addicted To Love,65,0.361,0.702,363640,0.59,3.91e-06,2,0.0512,-12.76,1,0.0302,112,4,0.973,2102
16,Timmy Trumpet,Mufasa,68,0.00845,0.359,167143,0.976,0.623,4,0.288,-2.285,1,0.0932,140,4,0.0752,2103
16,Sam Smith,Midnight Train,63,0.368,0.706,207164,0.597,2.19e-05,4,0.193,-7.076,1,0.0632,96,4,0.393,2104
16,Shawn Mendes,Mercy - Acoustic,68,0.712,0.458,219160,0.347,0.0,11,0.11,-6.651,0,0.0381,79,4,0.431,2105
16,Ansel Elgort,You Can Count On Me,63,0.23,0.654,246960,0.672,0.0,0,0.271,-5.258,1,0.0457,98,4,0.342,2106
16,Brothers Osborne,It Ain't My Fault,66,0.00166,0.735,216800,0.831,0.217,9,0.291,-5.898,1,0.0332,123,4,0.756,2107
16,M.I.A.,Paper Planes,70,0.0277,0.457,203760,0.854,9.62e-05,2,0.731,-6.2,1,0.265,172,4,0.485,2108
16,Owl City,Fireflies,79,0.0294,0.591,228347,0.649,0.0,3,0.133,-6.72,1,0.0417,90,4,0.489,2109
16,Timmy Trumpet,Freaks - Radio Edit,67,0.0136,0.882,169160,0.965,0.388,4,0.206,-0.818,1,0.13,128,4,0.759,2110
16,Ruel,Younger,78,0.202,0.745,222320,0.477,0.0,11,0.12,-7.706,0,0.088,136,4,0.454,2111
16,ZAYN,No Candle No Light (feat. Nicki Minaj),69,0.0171,0.619,195027,0.752,0.000107,5,0.0949,-4.22,0,0.0496,122,4,0.462,2112
16,5 Seconds of Summer,Empty Wallets,62,0.0123,0.591,187651,0.709,0.0,1,0.338,-4.324,0,0.0431,188,4,0.441,2113
16,Justin Bieber,Baby,73,0.0544,0.656,214240,0.841,0.0,5,0.122,-5.183,0,0.232,65,4,0.522,2114
16,BTS,FAKE LOVE,80,0.00267,0.557,242334,0.719,0.0,2,0.306,-4.515,0,0.0372,78,4,0.344,2115
16,AJR,Burn the House Down,75,0.0364,0.454,212689,0.66,0.0,0,0.181,-4.357,1,0.168,184,4,0.568,2116
16,blink-182,First Date,73,0.000715,0.579,171533,0.928,0.0,0,0.18,-4.344,1,0.0411,96,4,0.882,2117
16,Beyoncé,Run the World (Girls),76,0.00496,0.733,236093,0.899,4.72e-05,0,0.372,-4.237,1,0.143,127,4,0.76,2118
16,Coldplay,A Sky Full of Stars,78,0.00713,0.551,268467,0.636,0.00203,6,0.217,-7.125,1,0.0281,125,4,0.153,2119
16,Flo Rida,Dancer,63,0.0073,0.641,182131,0.727,0.00192,6,0.071,-4.401,1,0.125,190,4,0.636,2120
16,The Black Eyed Peas,My Humps,65,0.12,0.8,326960,0.688,4.05e-06,4,0.111,-5.987,1,0.223,124,4,0.623,2121
16,James Arthur,I Am,62,0.394,0.476,191080,0.592,0.0,6,0.15,-5.181,0,0.0644,82,4,0.325,2122
16,Blackstreet,No Diggity,78,0.303,0.868,304600,0.646,0.0,1,0.284,-4.674,0,0.288,89,4,0.67,2123
16,Robin Thicke,Blurred Lines,74,0.00373,0.862,263827,0.608,6.14e-06,7,0.0856,-4.762,1,0.0402,120,4,0.836,2124
16,Kim Wilde,You Keep Me Hangin On,63,0.0838,0.689,255220,0.679,0.000124,7,0.14,-12.14,0,0.0321,123,4,0.669,2125
16,CLC,BLACK DRESS,65,0.0307,0.728,193609,0.821,0.0,0,0.0386,-3.129,1,0.0419,108,4,0.816,2126
16,Camila Cabello,Consequences - orchestra,81,0.645,0.547,181913,0.289,0.0,0,0.148,-8.131,1,0.0348,105,3,0.213,2127
16,BTS,I'm Fine,74,0.00852,0.51,240339,0.842,0.0,11,0.346,-2.782,0,0.103,88,4,0.302,2128
16,Axwell /\ Ingrosso,Sun Is Shining,73,0.0866,0.467,254653,0.757,0.0,2,0.0742,-3.01,1,0.0517,132,4,0.383,2129
16,GFRIEND,Sunrise,67,0.428,0.453,216488,0.849,0.0,6,0.1,-1.337,0,0.125,174,4,0.638,2130
16,Charlie Puth,Done for Me (feat. Kehlani),76,0.193,0.856,180493,0.632,0.0,6,0.0688,-3.692,0,0.074,112,4,0.697,2131
16,Icona Pop,I Love It (feat. Charli XCX) - Original Version,68,0.00855,0.714,155337,0.905,2.55e-05,8,0.146,-2.663,1,0.0289,126,4,0.838,2132
16,Alesso,I Wanna Know,65,0.0755,0.651,240413,0.823,0.0,2,0.0939,-3.632,1,0.0325,116,4,0.505,2133
16,James Arthur,Certain Things (feat. Chasing Grace),68,0.471,0.406,233467,0.62,9.72e-05,9,0.0893,-8.751,1,0.153,130,4,0.26,2134
16,BLACKPINK,BOOMBAYAH,77,0.00264,0.658,240849,0.836,1.02e-06,5,0.507,-3.282,0,0.0549,125,4,0.387,2135
16,John Mayer,Who You Love,67,0.813,0.694,249933,0.351,0.00165,9,0.097,-10.92,1,0.0382,146,4,0.691,2136
16,Shaggy,Angel,65,0.143,0.802,235133,0.77,0.0,6,0.0424,-2.998,1,0.0925,85,4,0.778,2137
16,Iggy Azalea,Kream (feat. Tyga),74,0.0335,0.785,166627,0.425,4.36e-06,10,0.108,-6.665,1,0.137,174,4,0.192,2138
16,Jana Kramer,I Got The Boy,62,0.26,0.625,201013,0.569,0.0,0,0.127,-5.954,1,0.0271,150,4,0.361,2139
16,Prince Royce,Stand by Me,65,0.144,0.737,205267,0.821,9.11e-05,9,0.129,-2.085,1,0.0292,128,4,0.913,2140
16,VICTOR!,Tinder Song,64,0.517,0.618,120375,0.459,2.4e-05,11,0.0978,-7.34,1,0.0239,80,4,0.548,2141
16,Matchbox Twenty,If You're Gone,64,0.427,0.544,274933,0.659,1.33e-06,9,0.126,-7.191,1,0.0298,110,4,0.361,2142
16,Ne-Yo,So Sick,78,0.273,0.699,207187,0.592,0.0,6,0.202,-8.298,1,0.262,95,4,0.589,2143
16,Madonna,Material Girl,71,0.333,0.742,240280,0.883,7.51e-06,0,0.0964,-3.419,1,0.0329,137,4,0.978,2144
16,Jax Jones,You Don't Know Me - Radio Edit,75,0.163,0.877,213947,0.658,0.0,11,0.108,-6.055,0,0.132,124,4,0.693,2145
16,DJ Khaled,I'm On One,67,0.058,0.508,296147,0.809,0.0,11,0.608,-3.454,0,0.292,150,4,0.489,2146
16,Felix Jaehn,Keep Your Head Up,62,0.0539,0.847,180613,0.839,2.27e-06,9,0.102,-4.482,0,0.0487,120,4,0.81,2147
16,Eve,Who's That Girl?,62,0.0153,0.768,282067,0.867,0.000385,3,0.0686,-3.652,0,0.185,96,4,0.559,2148
16,Keyshia Cole,Love,65,0.075,0.676,255333,0.512,0.0,5,0.0805,-4.18,1,0.0286,117,4,0.333,2149
16,Kenny Loggins,Footloose,70,0.0819,0.546,220707,0.895,1.42e-05,9,0.0768,-7.189,1,0.0579,174,4,0.494,2150
16,Twenty One Pilots,Pet Cheetah,72,0.0615,0.653,198360,0.684,0.000387,7,0.27,-7.052,0,0.199,110,4,0.355,2151
16,Ne-Yo,One In A Million,62,0.122,0.763,243227,0.794,2.86e-06,11,0.327,-6.078,1,0.0364,100,4,0.65,2152
16,Ariana Grande,Tattooed Heart,62,0.413,0.454,194707,0.521,0.0,7,0.119,-4.143,1,0.0285,72,4,0.235,2153
16,Roxy Music,More Than This - Remastered,66,0.0508,0.652,270693,0.666,0.0466,6,0.149,-7.808,1,0.0249,128,4,0.765,2154
16,Panic! At The Disco,King Of The Clouds,72,0.237,0.285,160747,0.922,0.0,2,0.159,-1.932,0,0.247,198,3,0.472,2155
16,John Smith,Far Too Good,65,0.83,0.825,219333,0.324,9.49e-05,4,0.115,-11.399,1,0.032,97,4,0.553,2156
16,Shawn Mendes,Lost In Japan,84,0.255,0.713,201200,0.738,0.0,10,0.106,-6.784,1,0.374,105,4,0.425,2157
16,Pia Mia,Do It Again,75,0.0299,0.714,207746,0.559,0.0,8,0.088,-6.543,1,0.0515,96,4,0.411,2158
16,Major Lazer,Powerful,63,0.133,0.402,206920,0.794,0.0,11,0.133,-3.982,0,0.125,195,3,0.702,2159
16,GOT7,딱 좋아(Just right),64,0.233,0.76,222399,0.781,0.0,11,0.106,-2.881,0,0.0641,96,4,0.736,2160
16,Toni Romiti,Switch Up,65,0.0766,0.804,260048,0.425,0.0,9,0.0964,-10.384,0,0.153,126,4,0.494,2161
16,Marshmello,Check This Out,72,0.000874,0.624,219718,0.97,0.548,0,0.545,-0.975,1,0.0788,142,4,0.869,2162
16,TWICE,CHEER UP,67,0.139,0.548,208862,0.885,0.0,6,0.0716,-1.48,1,0.125,173,4,0.509,2163
16,BTS,dimple,65,0.142,0.612,196776,0.844,0.0,5,0.287,-4.694,0,0.0756,135,4,0.653,2164
16,Lana Del Rey,Heroin,63,0.556,0.352,355184,0.41,0.0113,11,0.114,-8.796,0,0.0388,119,4,0.0952,2165
16,Mario,Let Me Love You,80,0.235,0.656,256733,0.578,0.0,7,0.118,-8.97,0,0.0922,95,4,0.556,2166
16,David Guetta,Your Love,77,0.0997,0.571,185620,0.937,0.496,2,0.125,-2.682,0,0.0336,125,4,0.512,2167
16,Sean Paul,Like Glue,62,0.0811,0.757,232507,0.78,0.0,1,0.113,-5.038,1,0.319,98,4,0.59,2168
16,Justin Timberlake,CAN'T STOP THE FEELING! - Film Version,65,0.00816,0.658,237400,0.82,0.0,0,0.0839,-5.825,1,0.0674,113,4,0.697,2169
16,Sean Kingston,Fire Burning,67,0.0192,0.839,239987,0.804,0.0,1,0.331,-2.513,1,0.0329,123,4,0.888,2170
16,KSHMR,Magic,63,0.0905,0.601,149414,0.939,0.000611,5,0.53,-3.191,1,0.115,128,4,0.336,2171
16,Tungevaag & Raaban,Hey Baby,69,0.0347,0.695,180490,0.889,0.0,11,0.275,-2.983,1,0.0729,125,4,0.691,2172
16,Sigrid,Don't Kill My Vibe,66,0.257,0.544,184320,0.759,6.53e-05,10,0.35,-4.839,1,0.121,150,4,0.303,2173
16,Lukas Graham,Love Someone,86,0.161,0.55,205463,0.415,0.0,9,0.108,-6.557,0,0.052,172,4,0.274,2174
16,Rita Ora,Body on Me,65,0.0132,0.636,225218,0.741,0.0,11,0.287,-5.436,0,0.041,89,4,0.53,2175
16,Jennifer Lopez,On The Floor - Radio Edit,73,0.0848,0.758,230907,0.686,0.00127,11,0.142,-6.346,1,0.0792,130,4,0.444,2176
16,Travis Scott,way back,69,0.222,0.396,272501,0.554,0.0,0,0.612,-5.048,1,0.0488,117,4,0.17,2177
16,James TW,Torn - Bonus Track,65,0.306,0.599,196213,0.546,0.0,9,0.119,-6.459,1,0.159,95,4,0.411,2178
16,Zara Larsson,Ruin My Life,88,0.423,0.665,190932,0.699,0.0,11,0.0969,-5.265,1,0.0578,125,4,0.585,2179
16,Avicii,Without You (feat. Sandro Cavazza),83,0.0018,0.653,181673,0.863,0.0,2,0.0406,-4.799,1,0.0457,134,4,0.276,2180
16,Kanye West,Champion,62,0.00315,0.481,167600,0.505,0.0,3,0.67,-8.19,0,0.296,98,4,0.765,2181
16,Fall Out Boy,Centuries,81,0.004,0.385,228360,0.866,0.0,4,0.111,-2.817,0,0.0697,176,4,0.551,2182
16,Lana Del Rey,Beautiful People Beautiful Problems (feat. Stevie Nicks),63,0.834,0.509,253532,0.43,0.000854,5,0.0927,-8.387,1,0.0325,123,4,0.128,2183
16,Panic! At The Disco,I Write Sins Not Tragedies,77,0.0938,0.567,187613,0.795,0.0,9,0.114,-4.985,0,0.134,170,4,0.635,2184
16,5 Seconds of Summer,Babylon,64,0.00155,0.521,213186,0.884,1.69e-06,4,0.209,-2.931,0,0.0403,93,4,0.494,2185
16,Marshmello,Sell Out,74,0.0125,0.605,192000,0.963,0.788,3,0.434,0.634,0,0.0681,145,4,0.42,2186
16,Gryffin,Bye Bye (feat. Ivy Adara),72,0.00271,0.618,210928,0.754,0.0,4,0.213,-3.739,1,0.0882,148,4,0.485,2187
16,Jonas Brothers,Play My Music,67,0.000856,0.466,197507,0.877,0.0,2,0.23,-3.54,1,0.13,178,4,0.765,2188
16,Robin Schulz,Speechless (feat. Erika Sirola),88,0.0161,0.574,214942,0.728,1.42e-06,1,0.0851,-4.777,1,0.062,125,4,0.266,2189
16,Nicki Minaj,"Familia (with Anuel Aa, feat. Bantu) - Spider-Man: Into the Spider-Verse",82,0.0166,0.766,174893,0.881,2.3e-06,9,0.347,-5.158,0,0.137,112,5,0.674,2190
16,David Guetta,Bang My Head (feat. Sia & Fetty Wap),66,0.0525,0.599,193333,0.869,0.00719,0,0.103,-3.697,1,0.0789,108,4,0.593,2191
16,Billie Eilish,Six Feet Under,81,0.815,0.583,189613,0.301,0.000232,11,0.0799,-12.693,0,0.0391,67,4,0.176,2192
16,blackbear,idfc - Tarro Remix,66,0.481,0.58,248633,0.694,1.18e-06,1,0.109,-5.45,0,0.221,140,4,0.389,2193
16,Drake,Lust For Life,71,0.939,0.462,176179,0.422,0.0327,6,0.108,-10.381,1,0.175,87,4,0.0853,2194
16,BTS,Magic Shop,70,0.103,0.541,275696,0.661,0.0,1,0.0779,-5.838,1,0.0889,150,4,0.285,2195
16,Maroon 5,Wait (feat. A Boogie Wit da Hoodie),69,0.0582,0.689,190476,0.588,0.0,8,0.141,-4.632,1,0.0676,126,4,0.389,2196
16,Twenty One Pilots,Trees,69,0.00359,0.584,267387,0.833,3.44e-05,6,0.169,-5.9,1,0.041,140,4,0.324,2197
16,John Mayer,Love on the Weekend,69,0.623,0.718,212320,0.583,0.000662,7,0.0612,-7.884,1,0.0288,120,4,0.422,2198
16,Hardwell,Bella Ciao,68,0.00214,0.616,203769,0.892,0.000186,4,0.227,-4.688,0,0.0462,130,4,0.235,2199
16,benny blanco,Eastside (with Halsey & Khalid),91,0.555,0.56,173800,0.68,0.0,6,0.116,-7.648,0,0.321,89,4,0.319,2200
16,Keri Hilson,Knock You Down,67,0.0124,0.593,326187,0.883,0.0,8,0.177,-4.781,1,0.186,155,4,0.671,2201
16,blackbear,Deadroses,64,0.697,0.612,184636,0.536,0.0,10,0.131,-6.537,0,0.157,132,4,0.603,2202
16,EMMA WAHLIN,Make A Move,62,0.0133,0.822,189147,0.591,0.147,9,0.114,-6.615,0,0.0515,124,4,0.384,2203
16,Kygo,Stay,69,0.0444,0.648,239465,0.736,0.000137,8,0.171,-7.948,1,0.0385,103,4,0.378,2204
16,Tove Lo,disco tits,67,0.025,0.79,223795,0.728,0.00106,7,0.172,-6.523,1,0.0612,110,4,0.333,2205
16,Green Day,Basket Case,80,0.00293,0.442,181533,0.943,8.71e-06,3,0.091,-3.205,1,0.0602,85,4,0.781,2206
16,dodie,Human,66,0.938,0.665,202722,0.287,0.149,8,0.103,-14.923,1,0.04,134,4,0.386,2207
16,PRETTYMUCH,Healthy,62,0.106,0.713,197477,0.774,0.0,8,0.0808,-4.08,1,0.14,150,4,0.697,2208
16,Panic! At The Disco,High Hopes,95,0.193,0.579,190947,0.904,0.0,5,0.064,-2.729,1,0.0618,82,4,0.681,2209
16,The Clash,London Calling - Remastered,73,0.123,0.651,200480,0.801,0.0,0,0.0825,-7.34,1,0.0513,134,4,0.776,2210
16,Westlife,My Love,66,0.098,0.492,231760,0.593,0.0,0,0.257,-5.975,1,0.0255,144,4,0.329,2211
16,Kehlani,Gangsta,71,0.111,0.439,177029,0.447,0.0,10,0.303,-8.318,0,0.0436,121,4,0.11,2212
16,Wrabel,The Village,65,0.534,0.55,230293,0.363,0.0,5,0.128,-7.326,1,0.0336,122,4,0.286,2213
16,David Guetta,2U,69,0.23,0.542,194907,0.654,0.0,8,0.241,-5.862,0,0.0537,145,4,0.563,2214
16,Vigiland,Friday Night‬‬‬,70,0.00106,0.717,173871,0.666,6.28e-06,1,0.0528,-5.555,0,0.0358,128,4,0.0814,2215
16,Backstreet Boys,Drowning,63,0.0799,0.568,267227,0.782,0.0,6,0.0985,-5.968,1,0.0396,142,4,0.481,2216
16,Piso 21,Puntos Suspensivos,85,0.175,0.823,186316,0.731,0.0,11,0.131,-3.399,0,0.103,152,4,0.952,2217
16,BTS,Coffee,62,0.00862,0.656,260433,0.798,0.0,0,0.321,-6.608,1,0.103,92,4,0.572,2218
16,Usher,Nice & Slow,64,0.153,0.819,227907,0.299,0.0,5,0.3,-11.964,0,0.122,122,4,0.515,2219
16,Chingy,Holidae In,62,0.0893,0.81,314352,0.791,0.0,7,0.0838,-5.909,1,0.181,153,4,0.948,2220
16,The All-American Rejects,Move Along,67,0.000198,0.529,238880,0.922,0.0,3,0.26,-3.84,1,0.0459,110,4,0.628,2221
16,Little Mix,Power,73,0.0345,0.586,242293,0.865,5.55e-06,7,0.165,-4.092,1,0.319,173,4,0.468,2222
16,TLC,Waterfalls,72,0.311,0.77,279507,0.505,7.4e-05,1,0.0777,-7.345,1,0.0828,172,4,0.757,2223
16,DEVO,Whip It,66,0.0744,0.78,161133,0.869,0.004,9,0.0621,-7.255,1,0.0517,158,4,0.957,2224
16,Jeremy Zucker,better off,74,0.747,0.708,193947,0.322,9.24e-05,8,0.137,-12.46,0,0.0371,99,4,0.46,2225
16,Bruno Mars,Marry You,73,0.332,0.62,230120,0.832,0.0,10,0.104,-4.848,1,0.036,145,4,0.481,2226
16,Richard Marx,Right Here Waiting,74,0.8,0.395,264333,0.252,0.0,0,0.101,-13.589,1,0.0301,178,4,0.126,2227
16,Pitbull,Timber,75,0.0295,0.581,204160,0.963,0.0,11,0.139,-4.087,1,0.0981,130,4,0.788,2228
16,Florida Georgia Line,Talk You Out Of It,75,0.582,0.651,202920,0.708,0.0,4,0.0796,-4.791,1,0.0376,120,4,0.558,2229
16,Culture Beat,Mr. Vain - Original Radio Edit,69,0.0726,0.703,257467,0.997,0.0235,9,0.123,-7.666,0,0.0399,133,4,0.391,2230
16,SHAUN,Way Back Home,72,0.405,0.745,214137,0.739,0.000183,10,0.127,-4.591,1,0.0327,100,4,0.556,2231
16,2NE1,I Am The Best,65,0.0075,0.818,208731,0.845,0.0025,0,0.0549,-3.768,1,0.0388,128,4,0.702,2232
16,gnash,t-shirt,64,0.147,0.623,184862,0.526,0.0,7,0.469,-8.454,1,0.204,160,4,0.577,2233
16,James Arthur,Empty Space,82,0.215,0.404,214227,0.531,0.0,1,0.0521,-4.328,1,0.103,165,4,0.321,2234
16,Jax Jones,House Work,63,0.253,0.759,157208,0.947,0.255,11,0.0498,-5.261,0,0.0655,124,4,0.726,2235
16,Blue,Best In Me,66,0.106,0.76,193240,0.563,0.0,4,0.0908,-6.975,0,0.028,99,4,0.359,2236
16,OneRepublic,Start Again (feat. Logic),75,0.162,0.564,165627,0.722,0.0,1,0.0931,-5.59,0,0.124,99,4,0.276,2237
16,Galantis,Peanut Butter Jelly,67,0.00104,0.708,203133,0.945,0.0803,5,0.227,-3.247,0,0.234,128,4,0.545,2238
16,Paramore,Brick By Boring Brick,64,9.56e-05,0.436,253947,0.942,0.000438,9,0.209,-2.206,1,0.0496,165,4,0.5,2239
16,DNCE,Kissing Strangers,70,0.0547,0.772,202480,0.744,0.0,7,0.0852,-5.803,1,0.0398,120,4,0.86,2240
16,Luis Fonsi,Llegaste Tú,66,0.788,0.756,221947,0.522,0.0,1,0.199,-6.691,1,0.0405,120,4,0.522,2241
16,Banda Los Sebastianes,Mi Meta Contigo,66,0.302,0.794,188587,0.453,1.58e-06,10,0.258,-7.068,1,0.0585,126,4,0.64,2242
16,Dua Lipa,No Goodbyes,65,0.00795,0.678,216080,0.714,0.0,0,0.0827,-4.924,1,0.0408,109,4,0.307,2243
16,Shawn Mendes,Honest,66,0.249,0.821,199187,0.601,0.0,9,0.0637,-6.249,1,0.0626,117,4,0.712,2244
16,Tears For Fears,"Head Over Heels - Dave Bascombe 7"" N.Mix",65,0.338,0.623,257316,0.739,1.88e-05,7,0.109,-8.116,1,0.0244,95,4,0.642,2245
16,Demi Lovato,Tell Me You Love Me,76,0.0241,0.536,236987,0.582,0.0,3,0.181,-5.452,0,0.0433,82,4,0.253,2246
16,Loud Luxury,Body,83,0.0476,0.752,163216,0.764,9.44e-05,1,0.0543,-4.399,1,0.038,122,4,0.582,2247
16,NOTD,So Close,86,0.121,0.7,190302,0.872,7.08e-06,10,0.103,-5.896,1,0.0666,125,4,0.761,2248
16,Panic! At The Disco,Dancing's Not A Crime,71,0.0375,0.526,219467,0.891,0.0,6,0.375,-1.549,1,0.0482,94,4,0.804,2249
16,iLOVEFRiDAY,Mia Khalifa,74,0.255,0.812,177133,0.525,0.0,1,0.325,-8.798,1,0.124,145,4,0.564,2250
16,INNA,Cola Song (feat. J Balvin),62,0.0136,0.793,198246,0.896,1.08e-05,7,0.105,-3.072,1,0.0417,125,4,0.842,2251
16,One Direction,End of the Day,63,0.0256,0.502,194973,0.594,0.0,11,0.0834,-5.031,1,0.0365,154,5,0.349,2252
16,Clean Bandit,Rockabye (feat. Sean Paul & Anne-Marie),81,0.406,0.72,251088,0.763,0.0,9,0.18,-4.068,0,0.0523,102,4,0.742,2253
16,Oliver Heldens,Gecko (Overdrive) - Radio Edit,68,0.00521,0.609,165441,0.885,1.15e-05,0,0.336,-5.469,1,0.0642,125,4,0.76,2254
16,DJ Khaled,"Do You Mind (feat. Nicki Minaj, Chris Brown, August Alsina, Jeremih, Future & Rick Ross)",62,0.0173,0.412,325615,0.548,0.0,10,0.181,-6.981,1,0.243,81,4,0.176,2255
16,Selena Gomez & The Scene,Who Says,71,0.0843,0.682,195613,0.927,0.0,4,0.149,-2.915,1,0.0479,101,4,0.744,2256
16,Halsey,Now Or Never,76,0.107,0.67,214802,0.585,1.11e-06,6,0.131,-4.861,0,0.0354,110,4,0.447,2257
16,Ed Sheeran,Supermarket Flowers,80,0.914,0.589,221107,0.242,0.0,6,0.0887,-10.517,1,0.0442,90,4,0.257,2258
16,Taylor Swift,Gorgeous,72,0.0713,0.8,209680,0.535,9.48e-06,7,0.213,-6.684,1,0.135,92,4,0.451,2259
16,Jennifer Lopez,Booty,62,0.00344,0.714,209700,0.951,0.000161,0,0.225,-4.151,1,0.0533,129,4,0.458,2260
16,Kanye West,No Mistakes,66,0.0393,0.643,123040,0.646,0.0,10,0.109,-2.442,0,0.0629,80,4,0.35,2261
16,Vigiland,Pong Dance,67,0.00642,0.832,157500,0.702,4.21e-06,7,0.105,-7.787,1,0.0523,128,4,0.14,2262
16,Iyaz,Replay,73,0.173,0.706,182307,0.751,0.0,9,0.168,-6.323,1,0.0708,91,4,0.195,2263
16,Queen Naija,Butterflies,70,0.295,0.737,212175,0.542,0.0,8,0.103,-7.593,1,0.0732,120,4,0.385,2264
16,Berlin,"Take My Breath Away - Love Theme from ""Top Gun""",71,0.0613,0.497,255733,0.719,0.0,6,0.411,-9.397,1,0.0266,96,4,0.547,2265
16,PRETTYMUCH,Summer on You,74,0.636,0.811,205792,0.447,0.0,4,0.462,-6.55,1,0.0414,100,4,0.694,2266
16,Ariana Grande,Santa Tell Me,75,0.0545,0.506,204093,0.628,0.0,7,0.301,-7.316,1,0.173,192,4,0.556,2267
16,Adele,Skyfall - Full Length,66,0.417,0.346,286480,0.552,0.0,0,0.114,-6.864,0,0.0282,76,4,0.0789,2268
16,Alec Benjamin,Let Me Down Slowly (feat. Alessia Cara),77,0.716,0.655,169175,0.569,7.4e-06,1,0.135,-5.018,0,0.0349,150,4,0.44,2269
16,Panic! At The Disco,"The Good, The Bad And The Dirty",68,0.00191,0.531,171520,0.825,0.0,7,0.329,-5.333,0,0.0545,156,4,0.824,2270
16,Sam Smith,I'm Not The Only One,83,0.529,0.677,239317,0.485,2.04e-05,5,0.0766,-5.795,1,0.0361,82,4,0.493,2271
16,Cheat Codes,Let Me Hold You (Turn Me On),70,0.0992,0.681,162425,0.774,0.0,1,0.35,-3.167,0,0.0787,103,4,0.267,2272
16,Shawn Mendes,In My Blood - Acoustic,71,0.733,0.57,212933,0.519,0.0,5,0.139,-5.671,1,0.0309,140,4,0.24,2273
16,Roxette,"It Must Have Been Love - From the ""Pretty Woman"" Soundtrack",70,0.34,0.52,258787,0.652,5.49e-05,5,0.256,-6.655,1,0.0274,81,4,0.722,2274
16,The Police,Every Breath You Take - Remastered 2003,75,0.56,0.813,253887,0.46,0.0105,1,0.0724,-9.78,1,0.0346,117,4,0.729,2275
16,Bruno Mars,Talking to the Moon,73,0.512,0.523,217867,0.606,0.0,1,0.106,-4.754,0,0.0301,146,4,0.065,2276
16,ZAYN,Common,71,0.201,0.633,232520,0.476,0.0,2,0.0913,-5.856,0,0.05,135,4,0.218,2277
16,Brothers Osborne,21 Summer,63,0.0246,0.644,214387,0.89,2.57e-05,2,0.103,-6.993,1,0.0332,112,4,0.619,2278
16,BTS,Paradise,68,0.214,0.519,211224,0.828,0.0,5,0.0571,-5.523,1,0.365,139,4,0.929,2279
16,Jorja Smith,I Am,70,0.144,0.601,208760,0.583,9.73e-05,8,0.183,-5.725,0,0.263,149,4,0.32,2280
16,Nicki Minaj,Only,70,0.405,0.573,312027,0.495,0.0,8,0.0969,-7.245,0,0.592,179,3,0.255,2281
16,Justin Bieber,Mark My Words,63,0.898,0.416,134347,0.258,2.06e-06,0,0.147,-8.489,1,0.0333,117,4,0.532,2282
16,Chris Brown,Pills & Automobiles,70,0.119,0.82,292910,0.696,0.0,7,0.231,-4.918,0,0.182,145,4,0.617,2283
16,Avril Lavigne,Bigger Wow,63,0.068,0.754,175191,0.681,0.0,6,0.0591,-4.846,1,0.0315,103,4,0.845,2284
16,LÉON,Surround Me,67,0.344,0.53,232120,0.534,0.0,5,0.081,-7.87,1,0.195,178,4,0.401,2285
16,Juan Magán,Usted,73,0.0155,0.712,233749,0.833,0.0,0,0.273,-4.101,1,0.0618,105,4,0.326,2286
16,Melanie Martinez,Pity Party,68,0.058,0.716,204086,0.73,7.32e-06,6,0.151,-4.126,0,0.0364,136,4,0.339,2287
16,Whitney Houston,Saving All My Love for You,64,0.593,0.636,238467,0.264,4.22e-05,6,0.275,-14.567,0,0.0263,99,3,0.264,2288
16,Lana Del Rey,In My Feelings,65,0.0553,0.54,238719,0.674,0.0608,2,0.112,-6.351,1,0.0802,90,4,0.309,2289
16,Mike Perry,Way Too High,62,0.0116,0.596,182787,0.704,0.0,2,0.623,-6.823,1,0.0787,100,4,0.539,2290
16,Troye Sivan,The Fault in Our Stars,66,0.613,0.481,187195,0.179,2.84e-05,3,0.145,-21.424,1,0.109,75,4,0.405,2291
16,Kate Bush,Running Up That Hill (A Deal With God),64,0.72,0.629,298933,0.547,0.00314,10,0.0604,-13.123,0,0.055,108,4,0.197,2292
16,Calvin Harris,Thinking About You (feat. Ayah Marar),69,0.00262,0.725,247933,0.874,0.000412,0,0.0958,-3.715,0,0.0396,128,4,0.748,2293
16,Heart,Alone,73,0.638,0.418,218733,0.452,0.00026,1,0.0959,-13.099,1,0.0356,175,4,0.168,2294
16,Eiffel 65,Blue (Da Ba Dee) - Gabry Ponte Ice Pop Radio,73,0.259,0.822,283748,0.969,0.000162,7,0.39,-11.471,0,0.0582,128,4,0.765,2295
16,Rihanna,Take A Bow,79,0.248,0.697,229413,0.467,0.0,9,0.0941,-7.536,1,0.0715,82,4,0.572,2296
16,Britney Spears,Sometimes,68,0.42,0.745,245067,0.742,0.0,10,0.102,-5.693,1,0.0259,96,4,0.806,2297
16,Rixton,Me And My Broken Heart,74,0.00682,0.544,193733,0.774,0.0,5,0.135,-4.21,0,0.0339,174,4,0.522,2298
16,Taylor Swift,Shake It Off,68,0.0561,0.648,219200,0.785,0.0,7,0.148,-5.414,1,0.165,160,4,0.943,2299
16,Olly Murs,Moves (feat. Snoop Dogg),72,0.113,0.598,165106,0.891,0.0,9,0.168,-3.458,0,0.262,202,4,0.942,2300
16,Kanye West,Real Friends,69,0.268,0.445,251573,0.746,0.00033,6,0.138,-6.281,0,0.456,171,4,0.121,2301
16,Nicki Minaj,LLC,65,0.0523,0.835,221853,0.756,0.028,10,0.0606,-5.441,0,0.123,154,4,0.809,2302
16,Olivia O'Brien,Care Less More,64,0.58,0.746,175867,0.414,0.0,5,0.125,-8.112,0,0.307,128,4,0.723,2303
16,Alec Benjamin,If We Have Each Other,77,0.698,0.656,181522,0.577,0.0,10,0.296,-5.566,0,0.0802,173,4,0.861,2304
16,Firebeatz,Till The Sun Comes Up,64,0.0258,0.646,175713,0.797,0.0,2,0.19,-6.602,0,0.037,124,4,0.423,2305
16,ItaloBrothers,Till You Drop,68,0.0681,0.538,226581,0.795,0.0,7,0.164,-4.491,1,0.0816,170,4,0.608,2306
16,Natti Natasha,La Mejor Versión de Mi,72,0.707,0.513,134653,0.429,0.0,2,0.0956,-5.856,1,0.0384,132,4,0.355,2307
16,Pia Mia,Ocean Drive,66,0.104,0.637,192599,0.783,0.0,10,0.571,-5.228,0,0.131,133,5,0.371,2308
16,LEGADO 7,En La Bola (feat. El De La Guitarra),64,0.512,0.689,170672,0.86,2.52e-06,11,0.138,-3.063,0,0.0528,116,3,0.879,2309
16,King Princess,I Know (feat. Fiona Apple) - RISE Recording,62,0.394,0.52,299613,0.253,0.000131,0,0.109,-12.407,1,0.0344,140,3,0.219,2310
16,Mariah Carey,Heartbreaker,62,0.384,0.524,285707,0.816,0.0,1,0.349,-5.872,1,0.37,200,4,0.789,2311
16,SUPER JUNIOR,Lo Siento,66,0.0705,0.746,226184,0.738,0.0,9,0.043,-3.67,1,0.207,95,4,0.63,2312
16,Christina Aguilera,Dirrty (feat. Redman),70,0.107,0.64,298853,0.889,0.0,2,0.339,-3.073,1,0.322,100,4,0.436,2313
16,Vigiland,Be Your Friend‬‬,74,0.0688,0.6,180820,0.754,0.0,0,0.151,-4.204,1,0.0488,128,4,0.641,2314
16,JP Cooper,Passport Home,67,0.0234,0.608,180167,0.474,0.0,5,0.143,-6.591,1,0.0272,86,4,0.243,2315
16,Ciara,Body Party,66,0.0143,0.577,234040,0.576,0.0,2,0.602,-6.299,1,0.0563,134,4,0.12,2316
16,PSY,DADDY,62,0.0788,0.762,230635,0.87,0.0,6,0.137,-3.287,0,0.128,132,4,0.753,2317
16,Panic! At The Disco,Miss Jackson (feat. LOLO),71,0.00394,0.642,192053,0.873,0.0,2,0.175,-5.821,1,0.0551,82,4,0.662,2318
16,Zedd,Stay The Night - Featuring Hayley Williams Of Paramore,62,0.109,0.596,217347,0.738,0.0,8,0.0947,-3.109,1,0.0411,128,4,0.461,2319
16,Kesha,We R Who We R,65,0.00987,0.736,204760,0.817,0.00167,8,0.117,-4.9,1,0.0407,120,4,0.653,2320
16,Florida Georgia Line,Sun Daze,62,0.103,0.477,184707,0.952,2.38e-06,4,0.441,-3.715,1,0.0402,170,4,0.867,2321
16,Justin Bieber,Beauty And A Beat,71,0.000704,0.601,227987,0.843,5.27e-05,0,0.0681,-4.87,1,0.0593,128,4,0.534,2322
16,Passenger,Let Her Go,73,0.365,0.479,252733,0.545,0.0,7,0.0963,-7.346,1,0.0688,75,4,0.244,2323
16,The Piano Guys,A Thousand Years,64,0.989,0.23,275973,0.217,0.892,10,0.0844,-13.464,1,0.0386,157,3,0.156,2324
16,Keane,Somewhere Only We Know,69,0.0597,0.447,236160,0.662,2.88e-06,9,0.0869,-4.221,1,0.0259,172,4,0.307,2325
16,Lisa Stansfield,The Real Thing - Remastered,66,0.0486,0.698,260067,0.71,0.0,11,0.293,-6.174,0,0.0807,99,4,0.605,2326
16,Gwen Stefani,You Make It Feel Like Christmas (feat. Blake Shelton),62,0.0156,0.635,156773,0.87,0.0,2,0.118,-4.291,0,0.04,93,4,0.912,2327
16,Kid Ink,Promise (feat. Fetty Wap),68,0.0599,0.797,224240,0.469,0.0,8,0.0753,-8.112,1,0.0646,103,4,0.481,2328
16,Faith Evans,Love Like This,62,0.00364,0.767,275707,0.551,0.0,0,0.0451,-7.328,1,0.0616,101,4,0.796,2329
16,Ariana Grande,Everyday,76,0.0152,0.637,194840,0.733,0.0,7,0.162,-4.387,0,0.0553,131,4,0.432,2330
16,Lana Del Rey,Blue Jeans,63,0.418,0.558,209440,0.837,0.0,3,0.0821,-4.405,1,0.0633,118,4,0.488,2331
16,Gryffin,Just For A Moment (feat. Iselin),73,0.0139,0.53,254556,0.777,1.69e-05,1,0.27,-6.343,0,0.0515,144,4,0.413,2332
16,Bibio,Curls,63,0.879,0.497,197933,0.348,0.796,9,0.722,-10.593,1,0.0285,82,4,0.227,2333
16,Timmy Trumpet,Wassup (Listen to the Horns),65,0.0177,0.648,168856,0.889,1.15e-05,0,0.0907,-2.959,1,0.13,124,4,0.298,2334
16,Lana Del Rey,Cherry,69,0.048,0.449,180902,0.534,0.0011,8,0.384,-9.493,0,0.0494,94,3,0.342,2335
16,Khalid,Love Lies - Rick Ross Remix,62,0.099,0.711,253695,0.673,0.0,6,0.174,-5.333,1,0.0549,144,4,0.391,2336
16,Shontelle,Impossible - Main,70,0.385,0.599,226533,0.624,0.0,8,0.125,-3.631,1,0.0343,90,4,0.539,2337
16,Daniela Andrade,La Vie En Rose,66,0.844,0.475,105500,0.149,0.0,4,0.14,-11.429,1,0.0395,95,4,0.318,2338
16,Dua Lipa,Genesis,67,0.0244,0.715,205720,0.572,0.0,7,0.26,-6.853,1,0.0745,113,4,0.429,2339
16,Cheat Codes,No Promises (feat. Demi Lovato),68,0.0572,0.739,222787,0.619,0.0,10,0.105,-6.669,1,0.162,113,4,0.58,2340
16,Panic! At The Disco,The Overpass,69,0.0224,0.517,177800,0.955,0.0,10,0.364,-1.848,0,0.167,133,4,0.61,2341
16,Juan Gabriel,Hasta Que Te Conocí,69,0.739,0.329,433520,0.306,1.01e-06,2,0.0679,-10.25,0,0.0327,170,4,0.189,2342
16,Post Malone,Feel,70,0.214,0.497,197120,0.507,4.79e-06,5,0.0948,-8.075,0,0.0585,119,4,0.192,2343
16,Rihanna,Russian Roulette,66,0.046,0.48,227533,0.486,0.0,6,0.107,-5.754,0,0.0447,80,4,0.265,2344
16,Kacey Musgraves,Love Is A Wild Thing,68,0.266,0.623,256147,0.631,7.2e-06,10,0.0931,-7.52,1,0.0352,122,4,0.273,2345
16,Lost Kings,FU4E,68,0.134,0.794,207280,0.644,5.18e-05,5,0.182,-5.522,1,0.0355,146,4,0.788,2346
16,Noah Cyrus,Make Me (Cry),71,0.592,0.588,242081,0.471,0.00146,0,0.0733,-7.287,1,0.0577,153,4,0.209,2347
16,Soulja Boy,Kiss Me Thru The Phone,76,0.0175,0.761,193387,0.724,0.0,7,0.116,-3.818,1,0.111,150,4,0.815,2348
16,Seeb,Breathe,63,0.00619,0.527,240272,0.772,7.44e-06,7,0.222,-5.631,0,0.196,120,4,0.349,2349
16,Dillon Francis,Coming Over,65,0.227,0.631,178333,0.661,1.43e-06,5,0.166,-5.5,0,0.0999,174,4,0.698,2350
16,EXID,DDD,66,0.0806,0.718,205821,0.794,0.0,11,0.0679,-2.877,0,0.0703,114,4,0.751,2351
16,Demi Lovato,Really Don't Care,68,0.123,0.706,201600,0.728,0.0,7,0.185,-3.602,1,0.0852,121,4,0.851,2352
16,Pitbull,Fun (feat. Chris Brown),63,0.156,0.793,202307,0.774,0.0,0,0.193,-3.667,0,0.0478,114,4,0.547,2353
16,Ava Max,Sweet but Psycho - Acoustic,64,0.785,0.817,179266,0.45,0.0,1,0.0461,-7.434,1,0.0376,127,4,0.635,2354
16,Lauv,Easy Love,67,0.302,0.745,224449,0.481,3.67e-06,2,0.0808,-8.291,1,0.054,137,4,0.229,2355
16,Westlife,If I Let You Go - Radio Edit,67,0.00574,0.571,221533,0.697,0.0,0,0.0775,-4.255,1,0.0294,182,4,0.636,2356
16,MAX,The Other Side (with MAX & Ty Dolla $ign),64,0.0203,0.687,210160,0.792,0.0,2,0.0717,-5.622,1,0.228,154,4,0.774,2357
16,Ariana Grande,You Don't Know Me,66,0.0453,0.381,233720,0.631,0.0,0,0.129,-5.886,1,0.262,170,4,0.37,2358
16,White Lies,Tokyo,64,0.0188,0.503,292372,0.832,0.019,2,0.237,-6.59,1,0.0668,168,4,0.528,2359
16,BTS,Run,69,0.00165,0.577,236334,0.875,0.0,6,0.0892,-2.944,0,0.0445,133,4,0.522,2360
16,Rick Astley,Never Gonna Give You Up,67,0.135,0.727,212827,0.939,4.35e-05,8,0.151,-11.855,1,0.0369,113,4,0.916,2361
16,The-Dream,Shawty Is Da Shit,65,0.0831,0.782,262773,0.472,0.0,7,0.106,-5.016,0,0.0441,76,4,0.354,2362
16,Shakira,Trap (feat. Maluma),64,0.556,0.774,199813,0.504,0.0,7,0.128,-6.843,0,0.0552,132,4,0.323,2363
16,PSY,Gangnam Style (강남스타일),69,0.0055,0.736,219493,0.939,0.0,11,0.0905,-2.812,0,0.284,132,4,0.761,2364
16,Little Mix,Joan of Arc,65,0.00211,0.814,191760,0.627,0.00124,8,0.0607,-3.294,1,0.0499,100,4,0.603,2365
16,Kelly Clarkson,Never Enough,62,0.139,0.398,204133,0.512,0.0,8,0.115,-7.148,1,0.0486,134,4,0.0956,2366
16,Mandy Moore,"I've Got a Dream - From ""Tangled""/Soundtrack Version",63,0.639,0.604,191413,0.541,0.0,1,0.169,-7.378,0,0.0915,134,4,0.892,2367
16,Maroon 5,This Love,79,0.0556,0.714,206200,0.859,0.0,5,0.118,-4.634,0,0.0372,95,4,0.755,2368
16,Michael Jackson,Black or White,68,0.172,0.518,254933,0.9,0.0315,9,0.0713,-3.748,1,0.0933,115,4,0.872,2369
16,Meghan Trainor,NO EXCUSES,74,0.0224,0.827,152862,0.658,0.0,6,0.0417,-3.846,1,0.0517,115,4,0.523,2370
16,Panic! At The Disco,The Greatest Show,73,0.00546,0.546,174307,0.839,0.0,6,0.382,-5.365,0,0.0784,77,4,0.491,2371
16,Toni Romiti,Imma Dog Too,63,0.533,0.783,206973,0.381,0.0,0,0.102,-11.523,1,0.0816,144,4,0.571,2372
16,Bruno Mars,Too Good To Say Goodbye,68,0.0389,0.587,281827,0.63,0.0,2,0.35,-6.054,1,0.0311,77,4,0.433,2373
16,Troye Sivan,Bloom,72,0.031,0.708,222097,0.701,0.0,0,0.392,-5.196,1,0.0328,121,4,0.504,2374
16,Paramore,Ain't It Fun,73,0.154,0.61,296520,0.893,4.41e-05,9,0.021,-3.681,1,0.0921,104,4,0.673,2375
16,Chris Brown,To My Bed,65,0.073,0.71,273353,0.497,0.0,1,0.136,-8.027,0,0.138,106,4,0.412,2376
16,Michael Ray,One That Got Away,73,0.00303,0.565,218733,0.825,0.0,10,0.0779,-4.245,1,0.0417,160,4,0.609,2377
16,Ed Sheeran,Give Me Love,76,0.694,0.526,526387,0.328,0.0,1,0.112,-9.864,1,0.0461,116,4,0.11,2378
16,The Script,The Man Who Can't Be Moved,68,0.425,0.609,241467,0.629,0.0,10,0.0978,-5.024,1,0.0264,100,4,0.325,2379
16,Shakira,Loca,65,0.342,0.8,183693,0.692,1.92e-06,9,0.0554,-5.57,0,0.0614,112,4,0.917,2380
16,Noah Cyrus,Good Cry,62,0.171,0.8,197520,0.439,0.0,6,0.132,-9.433,1,0.0453,100,3,0.698,2381
16,MØ,Sun In Our Eyes - Don Diablo Remix,66,0.0589,0.699,206453,0.861,2.64e-06,4,0.0794,-3.09,0,0.173,126,3,0.315,2382
16,The Clash,Should I Stay or Should I Go - Remastered,79,0.079,0.742,188987,0.833,0.0,2,0.384,-6.463,1,0.115,113,4,0.816,2383
16,Adele,Million Years Ago,63,0.733,0.721,227067,0.273,0.0,1,0.108,-7.617,0,0.028,106,4,0.181,2384
16,Netta,Toy,67,0.0696,0.786,180231,0.712,0.0,3,0.236,-5.349,0,0.0677,130,4,0.795,2385
16,Maite Perroni,Loca (feat. Cali Y El Dandee),72,0.11,0.751,234366,0.839,0.0,9,0.0865,-3.367,1,0.054,95,4,0.639,2386
16,Bea Miller,like that,71,0.181,0.687,185440,0.444,0.0,6,0.533,-5.769,0,0.0554,62,4,0.407,2387
16,BTS,Crystal Snow,64,0.117,0.618,323360,0.766,0.0,3,0.121,-4.507,1,0.0323,114,4,0.448,2388
16,Zhavia Ward,Candlelight,64,0.387,0.511,189733,0.542,0.0,2,0.181,-7.398,1,0.336,135,4,0.439,2389
16,Andy Grammer,Fine By Me,65,0.00877,0.583,172893,0.791,0.0,11,0.0451,-4.087,1,0.0318,90,4,0.878,2390
16,Blonde,All Cried Out (feat. Alex Newell) - Radio Edit,65,0.428,0.657,170716,0.757,0.0,0,0.0728,-5.257,0,0.0584,122,4,0.672,2391
16,J Balvin,Sigo Extrañándote,71,0.154,0.896,201280,0.859,0.000115,11,0.212,-4.232,0,0.211,93,4,0.938,2392
16,Jax Jones,Play,82,0.0266,0.771,186240,0.768,1.26e-05,11,0.426,-7.773,0,0.0451,125,4,0.607,2393
16,The Chainsmokers,Honest,65,0.0121,0.673,208000,0.514,8.5e-05,0,0.385,-10.772,0,0.0465,100,4,0.312,2394
16,LOOΠΔ,Butterfly,70,0.0427,0.582,237756,0.866,0.00014,7,0.126,-4.139,0,0.0414,107,4,0.351,2395
16,Taylor Swift,Bad Blood,65,0.0871,0.652,211933,0.802,6.45e-06,7,0.148,-6.114,1,0.181,170,4,0.295,2396
16,Justin Bieber,The Feeling,67,0.0879,0.538,244907,0.818,1.39e-06,1,0.0971,-6.147,0,0.0586,127,4,0.198,2397
16,James Bay,Wild Love,68,0.1,0.489,197280,0.596,0.000111,11,0.106,-6.54,0,0.0705,70,4,0.188,2398
16,Marshmello,Paralyzed,65,0.00696,0.5,219718,0.956,0.00138,9,0.533,-1.363,0,0.0468,142,4,0.123,2399
16,Khalid,Cold Blooded,68,0.777,0.71,207960,0.405,0.000163,9,0.111,-10.864,0,0.0519,103,4,0.402,2400
16,El Fantasma,Las Verdades (En Vivo),62,0.751,0.763,150990,0.391,6.12e-06,0,0.0844,-7.405,1,0.116,114,3,0.966,2401
16,Wale,My Boy (feat. J. Cole) - Freestyle,68,0.197,0.814,269658,0.737,0.0,7,0.0954,-4.826,1,0.259,172,4,0.461,2402
16,Avicii,Waiting For Love,80,0.31,0.579,230613,0.736,0.0,6,0.198,-3.863,0,0.0527,128,4,0.613,2403
16,Sigrid,Everybody Knows,65,0.641,0.656,265560,0.225,6.32e-05,7,0.101,-11.777,1,0.0313,106,4,0.156,2404
16,BTS,MAMA,62,0.000226,0.544,212275,0.739,2.14e-05,5,0.0816,-4.818,0,0.232,186,4,0.467,2405
16,Florida Georgia Line,People Are Different,64,0.17,0.505,214213,0.837,0.0,2,0.113,-5.146,1,0.0358,140,4,0.623,2406
16,PLVTINUM,Come My Way,64,0.0442,0.718,213804,0.726,0.0,6,0.0588,-7.201,0,0.0461,90,4,0.732,2407
16,Lady Gaga,Shallow,95,0.371,0.572,215733,0.385,0.0,7,0.231,-6.362,1,0.0308,96,4,0.323,2408
16,Kasbo,Found You,64,0.395,0.478,196010,0.634,0.00889,0,0.599,-6.092,1,0.0728,180,4,0.121,2409
16,Mike Perry,Lighthouse,66,0.0795,0.542,167663,0.875,1.07e-05,1,0.061,-3.068,1,0.0321,155,4,0.244,2410
16,Hunter Hayes,This Girl,63,0.0214,0.547,180815,0.79,0.0,4,0.0312,-5.001,1,0.0694,86,4,0.587,2411
16,The Chainsmokers,Siren,63,0.351,0.588,174307,0.779,0.0114,4,0.371,-4.284,0,0.107,150,4,0.264,2412
16,The Weeknd,I Was Never There,71,0.135,0.324,241067,0.735,4.84e-05,10,0.169,-4.054,1,0.0337,114,4,0.169,2413
16,Charlie Puth,One Call Away,69,0.403,0.667,194453,0.613,0.0,1,0.115,-5.353,1,0.0344,91,4,0.47,2414
16,Spice Girls,Say You'll Be There,66,0.0149,0.726,235973,0.679,1.49e-06,1,0.0837,-6.219,1,0.0473,107,4,0.751,2415
16,Mamamoo,Wind flower,65,0.656,0.735,236816,0.795,0.0,0,0.0665,-2.918,1,0.0518,114,4,0.825,2416
16,ABBA,Take A Chance On Me,66,0.173,0.685,243933,0.685,0.0,11,0.201,-8.103,1,0.0254,107,4,0.925,2417
16,LÉON,No Goodbyes,63,0.263,0.497,195800,0.521,0.0,7,0.12,-6.945,0,0.0354,148,4,0.18,2418
16,Noah Schnacky,Hello Beautiful,67,0.54,0.504,216993,0.472,0.0,9,0.306,-6.925,1,0.0404,74,4,0.313,2419
16,Little Mix,American Boy,64,0.114,0.632,191893,0.862,0.0,9,0.226,-4.218,0,0.0954,77,4,0.783,2420
16,Madison Beer,HeartLess,66,0.209,0.636,158633,0.44,0.0,10,0.0942,-7.354,0,0.0303,100,4,0.236,2421
16,Conan Gray,Greek God,67,0.157,0.572,236747,0.82,7.21e-06,6,0.109,-6.4,0,0.0764,139,4,0.144,2422
16,Chris Brown,Kiss Kiss,63,0.0219,0.769,251160,0.52,0.0,1,0.0762,-5.14,1,0.212,140,3,0.58,2423
16,Sam Smith,Make It To Me,73,0.63,0.456,162732,0.379,3.1e-06,1,0.0983,-8.573,1,0.0685,150,4,0.225,2424
16,Ed Sheeran,Afire Love,65,0.464,0.552,314280,0.637,1.63e-05,5,0.136,-6.568,1,0.0445,98,4,0.333,2425
16,Five For Fighting,Superman (It's Not Easy),69,0.0733,0.382,221693,0.416,0.0,0,0.0719,-9.303,1,0.0302,102,4,0.125,2426
16,Ruel,Don't Tell Me,67,0.565,0.565,241625,0.324,2.17e-05,4,0.381,-9.137,0,0.0342,77,3,0.139,2427
16,Carrie Underwood,The Champion,65,0.0822,0.666,223999,0.877,0.0,6,0.128,-3.275,1,0.194,91,4,0.524,2428
16,Bebe Rexha,Bad Bitch (feat. Ty Dolla $ign),70,0.0283,0.656,197253,0.615,0.0,5,0.234,-6.252,1,0.0539,140,4,0.366,2429
16,Anne-Marie,Ciao Adios,71,0.127,0.698,200105,0.882,0.0,4,0.15,-3.078,0,0.0863,106,4,0.445,2430
16,The Chainsmokers,Don't Let Me Down - Illenium Remix,66,0.0751,0.428,218933,0.656,0.181,11,0.15,-3.712,1,0.075,80,4,0.355,2431
16,Bebe Rexha,I'm a Mess - Acoustic,66,0.685,0.748,153094,0.406,3.61e-06,1,0.118,-8.142,1,0.035,100,4,0.811,2432
16,Nelly,The Fix,66,0.0485,0.812,173045,0.479,0.0,8,0.102,-6.47,1,0.0429,96,4,0.0873,2433
16,Lennon Stella,Fortress,66,0.407,0.811,174707,0.619,0.0,0,0.0716,-4.744,0,0.133,103,4,0.431,2434
16,DJ Khaled,"All I Do Is Win - Feat. T-Pain, Ludacris, Snoop Dogg & Rick Ross",64,0.0135,0.55,230281,0.779,0.0,0,0.333,-3.841,1,0.211,150,4,0.315,2435
16,David Bowie,"""Heroes"" - 2017 Remastered Version",75,0.000671,0.49,371413,0.758,0.484,7,0.092,-6.491,1,0.0297,112,4,0.435,2436
16,Conan Gray,Lookalike,69,0.766,0.434,220867,0.302,7.63e-06,10,0.149,-10.117,1,0.0378,122,4,0.173,2437
16,Timbaland,If We Ever Meet Again (Featuring Katy Perry) - feat. ケイティ・ペリー,62,0.00657,0.646,292707,0.635,0.0,1,0.0579,-7.322,1,0.0343,126,4,0.348,2438
16,Shakira,Clandestino,81,0.39,0.766,231921,0.822,3.37e-05,1,0.349,-4.126,0,0.16,166,4,0.881,2439
16,Miley Cyrus,Malibu,79,0.0767,0.573,231907,0.781,2.64e-05,8,0.0813,-6.406,1,0.0555,140,4,0.343,2440
16,Cody Simpson,Don’t Let Me Go,62,0.155,0.599,186400,0.505,0.000315,0,0.244,-7.974,1,0.0521,94,3,0.559,2441
16,Ariel Camacho y Los Plebes Del Rancho,El Karma,66,0.755,0.557,195840,0.563,6.44e-06,2,0.0873,-5.977,1,0.0709,190,3,0.803,2442
16,B.o.B,So Good,62,0.0403,0.66,213253,0.9,0.0,7,0.219,-5.02,1,0.14,86,4,0.591,2443
16,CID,Werk,68,0.0457,0.789,172800,0.876,0.0326,0,0.172,-4.008,1,0.176,125,4,0.512,2444
16,Florida Georgia Line,Anything Goes,68,0.00172,0.462,218867,0.977,0.0,0,0.352,-3.805,1,0.045,154,4,0.746,2445
16,Ciara,Dose,62,0.0316,0.808,222190,0.752,2.5e-05,7,0.405,-5.024,0,0.0733,114,4,0.568,2446
16,John Mayer,"Free Fallin' - Live at the Nokia Theatre, Los Angeles, CA - December 2007",77,0.771,0.315,263573,0.296,0.0,5,0.702,-13.262,1,0.0317,173,4,0.436,2447
16,Sebastian Yatra,My Only One (No Hay Nadie Más),68,0.693,0.727,198280,0.526,0.0,6,0.116,-6.307,1,0.0378,105,4,0.681,2448
16,Lauv,Question,62,0.443,0.635,235082,0.496,0.0,0,0.121,-7.301,1,0.0936,122,4,0.373,2449
16,Austin Burke,Slower,69,0.251,0.697,184640,0.531,0.000125,2,0.0954,-7.141,1,0.0268,100,4,0.631,2450
16,Jess Glynne,Thursday (feat. H.E.R.),69,0.316,0.771,216297,0.575,0.0,2,0.0849,-4.128,1,0.0513,112,4,0.419,2451
16,Justin Timberlake,Señorita,68,0.0729,0.841,294867,0.629,0.0,1,0.0742,-5.351,1,0.0442,98,4,0.87,2452
16,Years & Years,All For You,65,0.135,0.65,219640,0.718,9.53e-05,1,0.106,-4.365,0,0.0384,114,4,0.686,2453
16,Wrabel,Poetry,62,0.0208,0.575,249813,0.478,1.11e-05,8,0.144,-5.517,1,0.0314,126,4,0.297,2454
16,Camila Cabello,All These Years,75,0.609,0.732,164373,0.436,0.0,1,0.108,-7.409,0,0.117,95,4,0.475,2455
16,Johnny Nash,I Can See Clearly Now - Edit,66,0.633,0.681,164733,0.373,0.00113,2,0.0751,-13.2,1,0.0568,123,4,0.623,2456
16,Whitney Houston,It's Not Right But It's Okay,63,0.162,0.806,292400,0.802,0.000885,1,0.0698,-7.076,1,0.102,128,4,0.529,2457
16,Backstreet Boys,Larger Than Life,69,0.11,0.661,232827,0.973,1.74e-05,0,0.617,-2.994,0,0.037,108,4,0.75,2458
16,Nick Jonas,Bom Bidi Bom,66,0.145,0.71,214760,0.511,0.0,6,0.131,-6.442,1,0.0424,87,4,0.183,2459
16,Carly Rae Jepsen,Now That I Found You,70,0.0145,0.611,200318,0.737,0.0,0,0.107,-5.154,0,0.0476,124,4,0.574,2460
16,Bazzi,BRB,62,0.523,0.66,160582,0.616,0.0,9,0.391,-4.753,1,0.0333,139,4,0.536,2461
16,Katy Perry,Bon appétit,70,0.13,0.799,227813,0.794,8.23e-05,6,0.221,-5.834,1,0.0628,106,4,0.524,2462
16,PRETTYMUCH,On My Way,62,0.0819,0.686,232036,0.637,0.0,8,0.114,-3.865,1,0.0459,105,4,0.337,2463
16,Shakira,Inevitable,67,0.269,0.595,192867,0.461,0.000149,6,0.123,-7.786,1,0.0641,92,4,0.338,2464
16,Louis Tomlinson,Miss You,69,0.0216,0.541,182026,0.69,0.0,3,0.257,-5.391,1,0.206,180,3,0.681,2465
16,Bobby V.,"Slow Down - 12"" Version",66,0.179,0.568,258667,0.732,4.92e-06,11,0.401,-4.896,0,0.103,186,4,0.626,2466
16,Virlan Garcia,Quiero Reintentarlo,64,0.792,0.768,154352,0.534,0.0,0,0.12,-3.645,1,0.0315,116,4,0.914,2467
16,Jesse & Joy,Dueles,72,0.277,0.531,247640,0.834,0.0,2,0.131,-3.944,1,0.052,142,4,0.526,2468
16,Lenin Ramírez,Rolling One,73,0.619,0.768,243460,0.773,2.1e-06,7,0.213,-3.582,1,0.0325,108,3,0.804,2469
16,Khalid,Love Lies (with Normani),86,0.0956,0.708,201707,0.648,0.0,6,0.134,-5.626,1,0.0449,144,4,0.338,2470
16,SUNMI,Gashina,74,0.0556,0.722,180000,0.833,0.0,6,0.195,-3.915,1,0.094,94,4,0.53,2471
16,Michael Jackson,Rock with You - Single Version,75,0.179,0.808,220627,0.535,9.91e-05,1,0.158,-12.521,1,0.0353,114,4,0.848,2472
16,Trey Songz,Na Na,63,0.328,0.67,231907,0.476,0.0,9,0.104,-6.253,0,0.0406,97,4,0.235,2473
16,BTS,Dope,70,0.0272,0.579,240021,0.896,1.02e-06,10,0.352,-2.781,0,0.224,154,4,0.678,2474
16,benny blanco,Better To Lie (with Jesse & Swae Lee),71,0.0376,0.758,176056,0.602,4.77e-06,10,0.111,-7.909,0,0.094,155,4,0.519,2475
16,T. Rex,Bang a Gong (Get It On) - Remastered Version,62,0.157,0.729,267000,0.818,0.285,2,0.195,-9.992,1,0.0732,126,4,0.907,2476
16,Toni Braxton,Un-Break My Heart,69,0.413,0.625,270333,0.426,0.0,2,0.116,-8.392,0,0.0271,110,4,0.112,2477
16,Enrique Iglesias,SUBEME LA RADIO,76,0.0744,0.684,208163,0.823,0.0,9,0.111,-3.297,0,0.0773,91,4,0.647,2478
16,Wham!,Last Christmas - Remastered,71,0.262,0.757,267160,0.618,0.0,11,0.221,-7.964,0,0.0282,107,4,0.861,2479
16,John Mayer,Waiting On the World to Change,76,0.159,0.577,201173,0.756,0.000232,2,0.249,-5.82,1,0.115,177,4,0.663,2480
16,Jessie J,Masterpiece,65,0.0153,0.661,220653,0.733,0.0,0,0.0982,-2.701,0,0.0433,144,4,0.613,2481
16,Panic! At The Disco,"Build God, Then We'll Talk",62,0.138,0.418,220720,0.827,0.0,11,0.336,-4.133,0,0.0476,125,4,0.448,2482
16,Taylor Swift,I Did Something Bad,72,0.0679,0.696,238253,0.602,2.11e-05,0,0.0696,-6.156,0,0.159,83,4,0.305,2483
16,Whitney Houston,I Have Nothing - Film Version,66,0.757,0.486,296040,0.448,0.0,7,0.0852,-9.133,1,0.0342,153,3,0.17,2484
16,Twenty One Pilots,Johnny Boy,64,0.00525,0.561,279053,0.841,4.53e-05,0,0.24,-4.311,1,0.0515,115,4,0.356,2485
16,LeAnn Rimes,How Do I Live,69,0.128,0.577,266973,0.462,0.0,2,0.0822,-7.989,1,0.0279,128,4,0.258,2486
16,Maná,Rayando El Sol,69,0.45,0.643,250107,0.809,1.22e-06,7,0.154,-3.275,1,0.028,113,4,0.499,2487
16,The Chainsmokers,Paris,78,0.0243,0.646,221520,0.644,0.0,2,0.0888,-6.763,1,0.031,100,4,0.251,2488
16,LOOΠΔ,Satellite,62,0.328,0.793,189557,0.859,0.0,11,0.606,-2.43,0,0.0577,120,4,0.648,2489
16,Jon Bellion,Woke The F*ck Up,62,0.05,0.459,219584,0.63,0.0,8,0.0695,-5.415,1,0.133,92,4,0.608,2490
16,Panic! At The Disco,The Ballad Of Mona Lisa,71,0.000362,0.436,226680,0.893,0.0,9,0.103,-4.18,0,0.0556,124,4,0.0794,2491
16,Lady Gaga,A-YO,65,0.102,0.666,207720,0.89,0.0,7,0.11,-5.686,1,0.15,150,4,0.932,2492
16,Franco De Vita,Tú de Qué Vas,73,0.405,0.607,238160,0.629,0.0,11,0.203,-5.931,1,0.0316,80,4,0.567,2493
16,DNCE,DANCE,62,0.0819,0.778,179333,0.789,0.0,8,0.0609,-4.301,1,0.0577,130,4,0.941,2494
16,Juanes,Fuego,62,0.0575,0.745,167453,0.66,0.0,0,0.108,-5.461,1,0.0878,95,4,0.934,2495
16,Florida Georgia Line,May We All,72,0.0406,0.488,226173,0.915,0.0,7,0.351,-4.255,1,0.0389,75,4,0.646,2496
16,Jess Glynne,All I Am,77,0.0445,0.74,218868,0.669,0.0,0,0.184,-5.199,1,0.0373,122,4,0.536,2497
16,Demi Lovato,Heart Attack,74,0.0738,0.504,210840,0.785,0.0,8,0.239,-4.802,1,0.104,174,4,0.502,2498
16,Saweetie,ICY GRL,71,0.0306,0.927,109302,0.563,0.0,7,0.0736,-5.827,1,0.175,103,4,0.842,2499
16,The Chainsmokers,Hope,88,0.488,0.773,180120,0.699,3.6e-06,1,0.0814,-5.982,0,0.0958,105,4,0.513,2500
16,Daniel Powter,Bad Day,78,0.448,0.599,233640,0.785,0.00336,3,0.151,-4.013,1,0.0309,140,4,0.52,2501
16,Sister Sledge,We Are Family,70,0.3,0.784,216733,0.893,1.57e-05,7,0.272,-5.153,0,0.0923,119,4,0.819,2502
16,Florida Georgia Line,Sittin’ Pretty,62,0.344,0.586,186413,0.939,1.21e-06,0,0.181,-3.252,1,0.0759,148,4,0.805,2503
16,BTS,Intro: Singularity,68,0.554,0.775,196998,0.271,0.00285,1,0.112,-9.131,0,0.092,104,3,0.204,2504
16,Nina Nesbitt,Somebody Special,62,0.43,0.559,198658,0.379,0.0,5,0.0649,-7.217,0,0.0955,172,4,0.791,2505
16,Westlife,Hello My Love,77,0.0971,0.679,214212,0.717,0.0,0,0.124,-4.548,1,0.0384,122,4,0.255,2506
16,BTS,No More Dream,66,0.0124,0.436,221593,0.869,1.6e-06,2,0.494,-5.174,1,0.472,168,4,0.612,2507
16,LMFAO,Party Rock Anthem,65,0.0189,0.75,262173,0.727,0.0,5,0.266,-4.21,0,0.142,130,4,0.359,2508
16,Alec Benjamin,1994,68,0.281,0.772,184121,0.613,3.52e-06,8,0.206,-6.185,1,0.0692,87,4,0.862,2509
16,Juanes,A Dios Le Pido,67,0.0585,0.678,205373,0.845,0.0,7,0.0942,-3.527,1,0.055,97,4,0.954,2510
16,LANY,Run,66,0.123,0.705,228192,0.382,0.0,8,0.102,-9.819,0,0.0694,110,4,0.453,2511
16,Josh Thompson,Blame It On Waylon,67,0.0353,0.653,212648,0.826,0.0,2,0.193,-5.352,1,0.0315,122,4,0.669,2512
16,Vertical Horizon,Everything You Want,65,0.0504,0.637,257067,0.759,0.0,3,0.0642,-6.389,0,0.0305,94,4,0.741,2513
16,Revolver Cannabis,El De Los Lentes Carrera (Bonus Track),64,0.166,0.718,223560,0.719,0.0,3,0.27,-8.763,1,0.0536,113,1,0.969,2514
16,Melii,HML,68,0.142,0.584,179185,0.713,0.0,1,0.18,-4.668,0,0.0944,100,4,0.32,2515
16,Thompson Square,Are You Gonna Kiss Me Or Not,62,0.039,0.485,184920,0.701,0.0,8,0.0977,-3.807,1,0.0288,152,4,0.613,2516
16,EXO,Tempo,75,0.237,0.686,224483,0.842,0.0,0,0.0683,-4.423,1,0.1,116,4,0.519,2517
16,Wheatus,Teenage Dirtbag,72,0.36,0.617,241840,0.84,8.85e-05,4,0.179,-4.063,1,0.0512,95,4,0.57,2518
16,Jack Ü,To Ü (feat. AlunaGeorge),66,0.134,0.485,237000,0.928,2.92e-05,10,0.217,-3.451,0,0.445,160,4,0.348,2519
16,Train,Play That Song,68,0.0231,0.392,243253,0.825,2.25e-06,0,0.0972,-2.068,0,0.0535,99,4,0.482,2520
16,Fabolous,Can't Let You Go (feat. Mike Shorey & Lil' Mo),63,0.231,0.646,223973,0.6,0.0,9,0.0794,-6.569,1,0.458,192,4,0.811,2521
16,Little Mix,Forget You Not,62,0.335,0.727,187253,0.756,0.0,8,0.214,-4.507,1,0.0429,105,4,0.69,2522
16,Mike Posner,Move On,75,0.176,0.741,178400,0.686,0.553,2,0.439,-5.704,1,0.0361,102,4,0.418,2523
16,ITZY,WANT IT?,64,0.0428,0.745,200303,0.951,0.00386,5,0.203,-2.425,1,0.0527,128,4,0.606,2524
16,Tiësto,Split (Only U) - Radio Edit,64,0.048,0.634,256641,0.927,0.687,1,0.0864,-3.282,1,0.136,128,4,0.35,2525
16,Will Smith,Men In Black,63,0.0961,0.801,227267,0.581,0.000296,5,0.0971,-8.491,0,0.0681,108,4,0.657,2526
16,Justin Bieber,What Do You Mean?,78,0.61,0.837,205680,0.571,0.000898,5,0.0849,-8.273,0,0.0922,125,4,0.801,2527
16,Rihanna,Umbrella,82,0.00864,0.583,275987,0.829,0.0,1,0.0426,-4.603,1,0.134,174,4,0.575,2528
16,Trey Songz,Shootin Shots (feat. Ty Dolla $ign & Tory Lanez),63,0.287,0.536,190084,0.755,0.0,1,0.0634,-3.554,1,0.261,84,4,0.737,2529
16,The Smiths,Panic - 2011 Remaster,62,0.0175,0.53,140507,0.861,0.0177,7,0.0857,-4.67,1,0.0372,130,4,0.844,2530
16,Hootie & The Blowfish,Only Wanna Be with You,70,0.107,0.49,229587,0.873,5.19e-06,6,0.118,-5.861,1,0.0355,103,4,0.513,2531
16,Luis Fonsi,Poco A Poco,63,0.12,0.797,175773,0.528,0.0,10,0.093,-6.562,1,0.0907,95,4,0.654,2532
16,Meghan Trainor,Like I'm Gonna Lose You (feat. John Legend),62,0.429,0.574,222107,0.528,0.0,0,0.247,-7.224,1,0.035,72,4,0.464,2533
16,Olivia O'Brien,Trust Issues,64,0.0961,0.58,189867,0.375,0.0,7,0.17,-10.328,1,0.061,93,4,0.143,2534
16,A Day To Remember,All Signs Point to Lauderdale,65,0.000263,0.42,197200,0.983,0.0,10,0.114,-3.437,1,0.113,150,4,0.513,2535
16,Carly Rae Jepsen,Cut To The Feeling,68,0.0121,0.7,207960,0.907,0.000923,2,0.307,-2.747,1,0.0883,115,4,0.596,2536
16,Florida Georgia Line,Simple,75,0.0791,0.362,185200,0.882,0.0,3,0.15,-3.717,1,0.0973,200,4,0.864,2537
16,Austin Mahone,Mmm Yeah (feat. Pitbull),64,0.00266,0.712,231625,0.922,1.9e-06,6,0.268,-3.902,0,0.0411,126,4,0.976,2538
16,Reyli Barba,Amor del Bueno,73,0.317,0.77,242027,0.373,0.0,1,0.217,-6.931,1,0.0328,132,4,0.293,2539
16,The Smiths,Bigmouth Strikes Again - 2011 Remaster,65,0.0704,0.401,193320,0.901,0.0,1,0.538,-5.011,0,0.041,135,4,0.839,2540
16,Ultravox,Dancing with Tears in My Eyes,62,0.151,0.589,244120,0.908,0.000252,9,0.596,-8.117,1,0.0431,144,4,0.926,2541
16,Twenty One Pilots,Chlorine,82,0.0735,0.609,324467,0.674,0.06,10,0.345,-7.388,0,0.0548,90,4,0.315,2542
16,Demi Lovato,Cool for the Summer,73,0.00506,0.584,214740,0.614,9.7e-05,5,0.0802,-5.587,0,0.0363,114,4,0.28,2543
16,David Archuleta,Crush,72,0.00836,0.57,213520,0.664,1.2e-05,0,0.0719,-4.718,0,0.0322,162,4,0.487,2544
16,Meghan Trainor,Lips Are Movin,67,0.0506,0.775,182667,0.825,1.03e-06,7,0.111,-5.402,1,0.0464,139,4,0.95,2545
16,Martin Garrix,In the Name of Love,83,0.109,0.501,195707,0.519,0.0,4,0.454,-5.88,0,0.0409,134,4,0.168,2546
16,Naughty Boy,La La La,62,0.107,0.772,222200,0.65,1.13e-06,6,0.0905,-5.202,0,0.0306,125,4,0.262,2547
16,Paramore,Ignorance,67,0.00109,0.522,218627,0.964,0.000389,11,0.0387,-2.645,0,0.095,171,4,0.51,2548
16,Lauv,There's No Way (feat. Julia Michaels),85,0.49,0.755,174861,0.625,0.0,2,0.157,-7.114,1,0.0896,147,4,0.374,2549
16,Selena Gomez,Come & Get It,68,0.0101,0.546,231987,0.787,0.00021,7,0.0809,-4.1,0,0.0517,80,4,0.573,2550
16,The Pussycat Dolls,I Hate This Part,64,0.0659,0.756,218400,0.612,0.0,5,0.274,-4.371,1,0.0317,112,4,0.452,2551
16,Kygo,Firestone (feat. Conrad Sewell),78,0.408,0.486,273684,0.652,6.63e-05,11,0.077,-7.226,0,0.052,113,4,0.391,2552
16,Michael Jackson,Wanna Be Startin' Somethin',65,0.0219,0.846,362373,0.922,0.355,6,0.0623,-4.206,0,0.0438,122,4,0.899,2553
16,Beyoncé,Baby Boy,68,0.0825,0.655,244827,0.488,1.16e-06,1,0.221,-9.17,1,0.22,91,4,0.791,2554
16,Nicki Minaj,Starships,65,0.135,0.747,210627,0.716,0.0,11,0.251,-2.457,0,0.075,125,4,0.751,2555
16,Nacho,Casualidad,72,0.0453,0.835,184680,0.855,0.0,10,0.147,-5.041,0,0.0701,101,4,0.867,2556
16,James Bay,Let It Go - James Bay Spotify Session 2015,72,0.879,0.5,285867,0.213,7.37e-06,1,0.721,-9.095,1,0.0462,140,3,0.37,2557
16,Sigala,Lullaby,77,0.0784,0.725,204022,0.834,1.27e-05,5,0.0834,-3.913,0,0.037,120,4,0.859,2558
16,Sia,"Audio (with Sia, Diplo & Labrinth)",78,0.192,0.365,203400,0.692,1.51e-06,3,0.0862,-4.586,0,0.0671,90,4,0.372,2559
16,Chase Rice,Eyes On You,77,0.323,0.606,182493,0.652,0.0,9,0.201,-6.982,1,0.0281,97,4,0.476,2560
16,One Direction,Strong,65,0.0608,0.741,184373,0.663,0.0,0,0.0931,-7.308,1,0.0434,115,4,0.338,2561
16,GOT7,Miracle,64,0.808,0.398,250849,0.34,0.0,8,0.109,-7.209,1,0.0299,173,3,0.464,2562
16,Flo Rida,GDFR (feat. Sage The Gemini & Lookas),70,0.000704,0.657,190186,0.827,0.00534,5,0.065,-4.036,1,0.0734,146,4,0.69,2563
16,T-Pain,Dan Bilzerian,64,0.119,0.793,209663,0.789,0.0,4,0.0632,-3.962,1,0.0626,150,4,0.606,2564
16,RuPaul,"Kitty Girl (feat. The Cast of Rupaul's Drag Race All Stars, Season 3)",63,0.00358,0.824,195850,0.792,0.0,8,0.102,-4.078,1,0.0415,125,4,0.777,2565
16,5 Seconds of Summer,Woke Up In Japan,62,0.0119,0.677,157002,0.863,0.0,7,0.146,-3.785,1,0.109,127,4,0.647,2566
16,Wham!,Club Tropicana,63,0.0267,0.666,265600,0.719,7.43e-05,11,0.635,-9.237,1,0.0494,117,4,0.8,2567
16,Demi Lovato,Confident,75,0.00182,0.606,205746,0.763,0.000159,10,0.116,-6.197,0,0.0669,130,4,0.309,2568
16,The Verve Pipe,The Freshmen,67,0.0757,0.571,269467,0.505,1.04e-05,1,0.109,-9.312,0,0.0238,100,4,0.276,2569
16,Herencia de Patrones,Es Dificil Ser Un Santo,63,0.219,0.651,185757,0.492,0.0,2,0.105,-9.013,1,0.0825,166,3,0.82,2570
16,Piso 21,Te Vi,91,0.0446,0.877,231848,0.777,3.46e-05,1,0.0863,-4.246,1,0.117,102,4,0.706,2571
16,Bazzi,Cartier,65,0.243,0.481,172496,0.547,0.0,9,0.521,-5.894,1,0.349,91,4,0.457,2572
16,BTS,21st Century Girl,67,0.00423,0.716,192597,0.906,0.0,2,0.0547,-3.539,1,0.0717,101,4,0.762,2573
16,Florida Georgia Line,Colorado,63,0.153,0.514,177653,0.843,0.0,1,0.357,-2.696,1,0.0529,75,4,0.779,2574
16,Carrie Underwood,Love Wins,63,0.0112,0.523,228640,0.865,0.0,7,0.153,-4.697,1,0.0989,135,4,0.325,2575
16,Savage Garden,Truly Madly Deeply,63,0.403,0.555,277267,0.698,0.0,0,0.0851,-8.874,1,0.0287,168,4,0.816,2576
16,Charlie Puth,If You Leave Me Now (feat. Boyz II Men),62,0.909,0.362,243160,0.268,0.0,6,0.15,-7.757,0,0.0399,82,4,0.394,2577
16,Diddy,"I Need a GirlPt. 2 (feat. Loon, Ginuwine & Mario Winans)",66,0.421,0.713,285587,0.471,0.0,1,0.0308,-7.392,0,0.483,200,4,0.781,2578
16,DNCE,Toothbrush,72,0.133,0.558,231813,0.801,0.0,7,0.392,-5.795,1,0.131,105,4,0.831,2579
16,Justin Timberlake,Man of the Woods,62,0.315,0.624,243987,0.452,1.02e-05,0,0.311,-8.206,1,0.0681,200,4,0.724,2580
16,Zedd,Spectrum,63,0.0137,0.609,243413,0.801,0.00349,0,0.127,-4.417,0,0.034,130,4,0.407,2581
16,Billie Eilish,you should see me in a crown,85,0.479,0.697,180567,0.552,0.127,1,0.147,-10.271,0,0.196,75,4,0.278,2582
16,Drax Project,Woke Up Late (feat. Hailee Steinfeld),79,0.043,0.698,181859,0.66,0.0,2,0.186,-5.429,0,0.083,119,4,0.351,2583
16,IU,Through the Night,64,0.757,0.428,253293,0.313,0.0,8,0.309,-7.327,1,0.0391,79,4,0.284,2584
16,City Girls,Where The Bag At,63,0.0257,0.723,200561,0.747,0.000187,10,0.359,-4.266,1,0.162,176,4,0.421,2585
16,Britney Spears,Toxic,79,0.0249,0.774,198800,0.838,0.025,5,0.242,-3.914,0,0.114,143,4,0.924,2586
16,Florida Georgia Line,Round Here,66,0.00385,0.523,215120,0.954,1.65e-06,1,0.243,-3.051,1,0.0374,142,4,0.901,2587
16,Bazzi,Honest,77,0.309,0.677,175093,0.594,0.0,7,0.118,-6.264,1,0.0695,77,4,0.427,2588
16,PRETTYMUCH,Teacher,65,0.0238,0.515,194921,0.631,0.0,7,0.357,-4.7,1,0.126,180,4,0.386,2589
16,Diplo,Welcome to the Party (feat. Lil Pump),64,0.114,0.618,181720,0.845,0.0,2,0.415,0.175,1,0.132,172,4,0.486,2590
16,Ryan Hurd,To a T,71,0.17,0.687,178813,0.641,0.0,11,0.111,-5.814,1,0.03,120,4,0.663,2591
16,Bazzi,Alone,65,0.614,0.554,196352,0.414,0.0,9,0.0851,-6.335,0,0.0346,110,4,0.358,2592
16,EXO,Power,64,0.0315,0.657,222406,0.943,0.0,7,0.149,-3.031,1,0.0856,128,4,0.76,2593
16,Sia,Thunderclouds - Lost Frequencies Remix,66,0.0892,0.521,198493,0.692,0.000287,7,0.057,-6.542,1,0.0532,124,4,0.398,2594
16,Paul Young,Every Time You Go Away - Radio Edit,68,0.187,0.572,267000,0.721,7.41e-06,5,0.216,-8.959,1,0.0402,164,4,0.844,2595
16,Kaskade,Cold as Stone - Lipless Remix,65,0.237,0.619,228667,0.663,0.0,7,0.111,-6.937,1,0.0366,124,4,0.142,2596
16,Halsey,Castle,70,0.25,0.626,277623,0.571,0.0,7,0.0946,-7.461,0,0.0327,130,4,0.164,2597
16,Rihanna,We Found Love,74,0.025,0.734,215227,0.766,0.00138,1,0.108,-4.485,1,0.0383,128,4,0.6,2598
16,Shakira,Estoy Aquí,64,0.0307,0.732,232467,0.814,0.0,2,0.0691,-7.716,1,0.0402,117,4,0.782,2599
16,Taylor Swift,You Belong With Me,67,0.162,0.687,231133,0.783,1.35e-05,6,0.114,-4.44,1,0.0386,130,4,0.443,2600
16,My Chemical Romance,Famous Last Words,70,0.000321,0.467,299227,0.883,0.000152,2,0.125,-3.679,0,0.106,122,4,0.309,2601
16,Michael Jackson,You Rock My World,66,0.038,0.854,337733,0.673,0.000227,4,0.255,-3.132,0,0.185,95,4,0.955,2602
16,John Mayer,Dear Marie,64,0.796,0.601,222720,0.36,0.437,9,0.0883,-10.909,1,0.0262,95,4,0.494,2603
16,Phantom Planet,California - Tchad Blake Mix,67,0.0387,0.4,193933,0.805,5.4e-05,4,0.109,-7.305,1,0.0407,158,4,0.324,2604
16,Major Lazer,Lean On,72,0.00346,0.723,176561,0.809,0.00123,7,0.565,-3.081,0,0.0625,98,4,0.274,2605
16,Ella Mai,Boo'd Up,80,0.0862,0.561,256064,0.779,0.0,10,0.078,-5.107,0,0.0531,82,4,0.235,2606
16,Whitney Houston,I Have Nothing,72,0.576,0.54,289160,0.401,0.0,0,0.164,-10.499,1,0.0364,153,3,0.24,2607
16,Ed Sheeran,Don't,75,0.0113,0.806,219840,0.608,0.0,1,0.635,-7.008,1,0.0659,95,4,0.849,2608
16,Sister Hazel,All For You,67,0.0399,0.631,218707,0.756,4.37e-05,8,0.0924,-6.378,1,0.0376,137,4,0.671,2609
16,NCT 127,Simon Says,70,0.218,0.653,199773,0.836,0.0,9,0.0507,-6.018,1,0.238,152,4,0.569,2610
16,Logan Paul,Help Me Help You (feat. Why Don't We),62,0.205,0.811,152822,0.641,0.0,1,0.547,-4.167,0,0.256,135,4,0.781,2611
16,The Buggles,Video Killed The Radio Star,64,0.0852,0.675,253800,0.61,0.0188,1,0.159,-13.811,1,0.085,131,4,0.344,2612
16,Kesha,This Is Me,68,0.0206,0.382,234886,0.638,0.0,11,0.16,-4.516,0,0.041,94,4,0.15,2613
16,Cash Cash,Finest Hour (feat. Abir),73,0.0789,0.656,215781,0.729,0.0,5,0.133,-4.223,0,0.0765,96,4,0.438,2614
16,Green Day,21 Guns,75,0.0518,0.268,321093,0.742,0.0,5,0.626,-4.939,1,0.0355,160,4,0.416,2615
16,Dua Lipa,Last Dance,64,0.0232,0.589,228976,0.578,0.0,8,0.0984,-5.626,0,0.0454,136,4,0.38,2616
16,Twenty One Pilots,The Judge,73,0.177,0.423,297760,0.797,0.0,0,0.137,-4.659,1,0.124,83,4,0.592,2617
16,EXID,Up & Down,65,0.00189,0.714,189882,0.812,1.96e-06,7,0.229,-2.703,1,0.0351,112,4,0.377,2618
16,Regulo Caro,Sería Un Error,65,0.784,0.702,197876,0.581,0.0,9,0.104,-5.417,1,0.232,148,3,0.538,2619
16,ZAYN,iT's YoU,62,0.815,0.611,226653,0.319,0.0151,5,0.108,-10.743,1,0.0357,125,4,0.176,2620
16,Omarion,Ice Box,65,0.189,0.775,256427,0.731,0.0,8,0.129,-5.446,1,0.134,131,4,0.821,2621
16,Sia,Chandelier,72,0.0197,0.399,216120,0.787,6.07e-05,1,0.0685,-2.88,1,0.0499,117,5,0.572,2622
16,Ariana Grande,imagine,90,0.378,0.729,212267,0.475,0.0,8,0.12,-4.985,1,0.0364,63,3,0.371,2623
16,Sia,Audio - CID Remix,67,0.106,0.524,161973,0.913,0.000131,3,0.177,-3.069,0,0.05,124,4,0.644,2624
16,Thirty Seconds To Mars,This Is War,66,0.0661,0.404,326983,0.723,1.91e-06,6,0.233,-5.26,1,0.0571,160,4,0.225,2625
16,Ariana Grande,Beauty and the Beast,63,0.134,0.492,227933,0.532,0.0,6,0.101,-7.035,1,0.027,81,4,0.267,2626
16,Gym Class Heroes,Stereo Hearts (feat. Adam Levine),77,0.0319,0.646,210960,0.795,0.0,9,0.267,-3.293,1,0.0976,90,4,0.796,2627
16,Train,Marry Me,72,0.834,0.461,205453,0.267,2.03e-05,0,0.107,-8.514,1,0.0278,88,4,0.481,2628
16,Billie Eilish,Bored,80,0.913,0.606,180933,0.328,0.00131,7,0.0789,-12.906,1,0.0512,120,4,0.105,2629
16,Cheat Codes,Boing Boing (feat. The Seige),62,0.019,0.803,217846,0.914,1.72e-06,0,0.463,-3.297,1,0.199,130,4,0.695,2630
16,The Black Eyed Peas,Where Is The Love?,70,0.104,0.835,272533,0.706,0.0,5,0.137,-3.219,1,0.193,94,4,0.843,2631
16,Bazzi,Changed,64,0.226,0.852,143022,0.635,0.000321,6,0.111,-5.065,0,0.0418,122,4,0.088,2632
16,Sugarcult,Memory,66,2.04e-05,0.449,226080,0.864,0.0,1,0.108,-3.892,1,0.0352,167,4,0.713,2633
16,One Direction,Right Now,65,0.218,0.645,200400,0.78,0.0,8,0.0919,-5.165,1,0.0319,120,4,0.372,2634
16,Michael Jackson,Remember the Time,72,0.153,0.831,239227,0.921,0.00213,5,0.305,-2.383,0,0.0581,108,4,0.794,2635
16,No Doubt,Don't Speak,68,0.224,0.515,263560,0.705,1.33e-05,0,0.17,-7.055,0,0.0333,76,4,0.532,2636
16,5 Seconds of Summer,Want You Back,73,0.00699,0.618,173082,0.867,1.03e-06,0,0.202,-4.915,1,0.0439,98,4,0.579,2637
16,SHINee,View,62,0.04,0.728,190821,0.801,0.0,6,0.0415,-4.428,0,0.0439,124,4,0.656,2638
16,Florida Georgia Line,Cruise,70,0.0191,0.457,208960,0.948,0.0,10,0.0536,-3.364,1,0.0354,148,4,0.878,2639
16,Tyrese,Sweet Lady,62,0.233,0.588,290600,0.522,0.0,9,0.24,-6.254,0,0.0383,66,4,0.584,2640
16,The Pussycat Dolls,Buttons,64,0.158,0.544,225560,0.823,0.0,2,0.268,-4.318,1,0.32,211,4,0.434,2641
16,ATEEZ,Treasure,63,0.0827,0.657,220846,0.866,0.0,6,0.081,-3.464,0,0.0704,134,4,0.654,2642
16,Jack Ü,Where Are Ü Now (with Justin Bieber),77,0.041,0.432,250286,0.781,4.21e-06,4,0.0789,-4.038,0,0.0567,139,4,0.197,2643
16,Shawn Hook,Reminding Me,63,0.0791,0.563,209924,0.58,0.0,9,0.085,-4.869,0,0.0459,133,4,0.26,2644
16,Jon Bellion,JT,62,0.0168,0.518,268466,0.587,1.19e-06,0,0.206,-7.937,1,0.12,98,4,0.631,2645
16,Maluma,Felices los 4,80,0.213,0.766,230000,0.756,0.0,5,0.349,-5.861,1,0.132,94,4,0.716,2646
16,Matchbox Twenty,3AM,70,0.00573,0.521,225947,0.673,0.0,8,0.12,-8.685,1,0.0284,108,4,0.543,2647
16,Maroon 5,Moves Like Jagger - Studio Recording From The Voice Performance,70,0.0111,0.722,201160,0.758,0.0,11,0.308,-4.477,0,0.0471,128,4,0.62,2648
16,Sabrina Carpenter,Thumbs,68,0.0284,0.73,216467,0.718,0.0,8,0.0892,-3.496,1,0.0478,135,4,0.127,2649
16,LÉON,Think About You,65,0.249,0.662,201133,0.744,0.000147,6,0.116,-3.194,1,0.0317,98,4,0.387,2650
16,Atomic Kitten,The Tide Is High - Radio Mix,68,0.0234,0.776,205360,0.693,0.00177,7,0.0322,-2.528,1,0.0314,103,4,0.635,2651
16,One Direction,Half a Heart,68,0.286,0.515,188547,0.714,0.0,0,0.118,-4.516,1,0.0348,156,4,0.495,2652
16,Julia Michaels,Worst In Me,66,0.105,0.648,202347,0.616,0.0,6,0.161,-7.82,1,0.0606,106,4,0.275,2653
16,Ne-Yo,Because Of You,73,0.529,0.808,266840,0.545,0.0,0,0.0967,-5.728,0,0.0346,110,4,0.822,2654
16,5 Seconds of Summer,Youngblood - R3HAB Remix,63,0.0312,0.425,150528,0.771,0.0,7,0.165,-4.293,0,0.0629,142,4,0.213,2655
16,Camila Cabello,Something's Gotta Give,73,0.367,0.545,236360,0.458,0.0,5,0.118,-4.6,0,0.0279,80,4,0.164,2656
16,Fastball,The Way,63,0.154,0.653,257093,0.874,1.36e-05,6,0.307,-5.66,0,0.0341,121,4,0.902,2657
16,Julia Michaels,Jump (with Trippie Redd),77,0.25,0.654,207857,0.547,0.0,10,0.0961,-6.598,1,0.127,174,4,0.507,2658
16,Calvin Harris,Faking It (feat. Kehlani & Lil Yachty),67,0.319,0.776,240093,0.589,0.0,9,0.0715,-4.543,0,0.115,120,4,0.668,2659
16,Jeremih,The Light,71,0.0178,0.83,179653,0.577,8.15e-05,4,0.0436,-5.156,0,0.256,93,4,0.63,2660
16,T.I.,Jefe (feat. Meek Mill),67,0.0925,0.713,208486,0.825,0.0,2,0.58,-5.25,1,0.288,128,4,0.742,2661
16,Don Diablo,"Survive (feat. Emeli Sandé, Gucci Mane)",72,0.714,0.585,189427,0.772,6.97e-06,10,0.113,-6.619,0,0.196,100,4,0.364,2662
16,Billie Eilish,idontwannabeyouanymore,89,0.737,0.483,203569,0.412,0.0,7,0.116,-8.461,1,0.0402,170,3,0.247,2663
16,Ariana Grande,They Don't Know,68,0.00388,0.671,197253,0.71,1.58e-06,7,0.14,-6.749,1,0.276,98,4,0.711,2664
16,Ed Sheeran,I'm A Mess,71,0.556,0.697,244573,0.377,0.0,3,0.0999,-7.755,1,0.0397,139,4,0.336,2665
16,Timbaland,Apologize,63,0.0399,0.654,184400,0.61,0.0,8,0.101,-6.051,1,0.0285,118,4,0.118,2666
16,Marshmello,FRIENDS,88,0.205,0.626,202621,0.88,0.0,9,0.128,-2.384,0,0.0504,95,4,0.534,2667
16,Jonas Brothers,S.O.S.,69,0.000628,0.598,153347,0.685,0.0,7,0.149,-3.873,1,0.0679,137,4,0.712,2668
16,Adele,Chasing Pavements,65,0.312,0.621,210507,0.473,0.0,5,0.11,-6.07,0,0.0251,80,4,0.325,2669
16,Why Don't We,8 Letters,81,0.649,0.607,190027,0.478,0.0,1,0.0928,-5.702,0,0.031,89,4,0.255,2670
16,Eli Young Band,Even If It Breaks Your Heart,66,0.000159,0.667,220520,0.527,0.0117,0,0.0969,-4.6,1,0.0277,104,4,0.664,2671
16,Lana Del Rey,Florida Kilos,62,0.28,0.266,256040,0.513,5.98e-05,0,0.11,-7.852,1,0.0388,201,4,0.579,2672
16,Coldplay,Up&Up,70,0.0485,0.48,405320,0.718,0.000343,7,0.102,-5.461,1,0.0603,164,4,0.252,2673
16,Ansel Elgort,Thief,75,0.0239,0.665,220680,0.75,0.0,1,0.111,-3.769,0,0.0633,90,4,0.365,2674
16,Adele,I Miss You,62,0.00936,0.381,348627,0.581,1.43e-05,7,0.455,-4.273,0,0.0481,113,4,0.154,2675
16,Kelsea Ballerini,Miss Me More,74,0.014,0.643,192840,0.72,0.0,2,0.0834,-7.146,1,0.0527,96,4,0.491,2676
16,Lorde,Glory And Gore,63,0.267,0.683,210738,0.383,0.0,1,0.239,-8.781,1,0.038,144,4,0.264,2677
16,Ed Sheeran,Happier,86,0.536,0.522,207520,0.385,0.0,0,0.135,-7.355,1,0.0288,90,4,0.236,2678
16,NerdOut,The Fortnite Rap Battle,64,0.000975,0.687,236069,0.716,0.0,10,0.127,-6.631,0,0.341,95,4,0.538,2679
16,Ariana Grande,Focus,67,0.266,0.681,211360,0.879,0.0,3,0.446,-6.006,0,0.291,100,4,0.818,2680
16,Bryan Adams,(Everything I Do) I Do It For You,67,0.0816,0.519,394133,0.372,4.67e-05,1,0.0652,-12.635,1,0.0284,131,4,0.298,2681
16,Taio Cruz,Dynamite,70,0.00332,0.754,203867,0.804,0.0,4,0.0329,-3.177,1,0.0853,120,4,0.818,2682
16,Cameron Dallas,Why Haven't I Met You?,73,0.204,0.702,180480,0.473,0.0,3,0.0848,-7.499,0,0.0421,105,4,0.528,2683
16,Pretty Ricky,Grind With Me,69,0.000204,0.7,237733,0.538,0.0,1,0.105,-5.952,1,0.045,137,4,0.189,2684
16,Sia,Unstoppable,65,0.112,0.468,217747,0.779,0.000373,9,0.101,-4.839,1,0.0779,174,4,0.26,2685
16,DNCE,Good Day,62,0.0562,0.718,218973,0.678,0.0,5,0.192,-4.933,0,0.0428,110,4,0.89,2686
16,Cheat Codes,Home,62,0.173,0.742,181125,0.722,0.0,4,0.4,-3.443,0,0.0405,103,4,0.581,2687
16,The Fray,How to Save a Life,81,0.269,0.64,262533,0.743,0.0,10,0.101,-4.08,1,0.0379,122,4,0.361,2688
16,Kehlani,Love Language,70,0.124,0.582,213365,0.586,0.0,1,0.0866,-4.369,0,0.0838,90,4,0.698,2689
16,NCT 127,Cherry Bomb,68,0.000759,0.713,236667,0.603,5.51e-06,6,0.0453,-4.896,0,0.287,78,4,0.799,2690
16,Danielle Bradbery,Sway,66,0.363,0.701,212280,0.694,0.0,3,0.364,-5.443,1,0.0272,97,4,0.634,2691
16,Post Malone,Congratulations - Remix,62,0.195,0.522,284133,0.726,0.0,10,0.493,-4.46,0,0.154,123,4,0.491,2692
16,The Weeknd,Wasted Times,75,0.622,0.562,220293,0.674,2.04e-05,10,0.111,-6.049,0,0.0851,123,4,0.293,2693
16,Galantis,Tell Me You Love Me,64,0.117,0.762,190400,0.797,0.0,5,0.202,-2.71,1,0.135,122,4,0.525,2694
16,Olivia Holt,History,68,0.0997,0.767,203992,0.631,0.0,1,0.119,-6.762,1,0.0541,101,4,0.541,2695
16,Bebe Rexha,Meant to Be (feat. Florida Georgia Line),85,0.047,0.643,163870,0.783,0.0,10,0.083,-6.458,1,0.0856,154,4,0.579,2696
16,Jodeci,Freek'n You,62,0.0792,0.709,379228,0.521,0.0,5,0.0504,-9.497,0,0.0314,134,4,0.449,2697
16,ZAYN,wRoNg,65,0.395,0.614,212747,0.475,1.06e-06,7,0.265,-8.642,0,0.0362,100,4,0.422,2698
16,Fall Out Boy,Thnks fr th Mmrs,76,0.00539,0.459,203507,0.884,0.0,10,0.107,-5.005,0,0.0644,155,4,0.615,2699
16,Hijos De Leyva,Humo Trankilizante,67,0.371,0.795,145200,0.461,0.0,6,0.139,-8.484,0,0.0363,110,3,0.869,2700
16,Christina Perri,human,71,0.132,0.439,250707,0.489,0.000643,8,0.114,-6.286,1,0.0368,144,4,0.253,2701
16,Anne-Marie,Bad Girlfriend,63,0.189,0.75,206187,0.698,0.0,2,0.262,-4.943,1,0.0555,144,4,0.602,2702
16,ZAYN,I Don’t Wanna Live Forever (Fifty Shades Darker),72,0.0586,0.731,247160,0.445,1.96e-05,0,0.14,-8.418,1,0.0533,118,4,0.106,2703
16,Joss Favela,Quiero,62,0.564,0.778,181244,0.431,0.0,0,0.127,-6.454,0,0.0482,96,4,0.843,2704
16,Pharrell Williams,Frontin' (feat. Jay-Z) - Club Mix,66,0.453,0.894,236507,0.404,1.57e-06,9,0.0801,-5.913,0,0.13,102,4,0.759,2705
16,Silversun Pickups,Lazy Eye,62,0.0401,0.633,354360,0.831,0.693,4,0.117,-5.053,1,0.0461,127,4,0.243,2706
16,Axwell /\ Ingrosso,Dancing Alone,72,0.0853,0.699,253770,0.94,0.0,8,0.336,-5.969,0,0.208,122,3,0.652,2707
16,Carla Morrison,Eres Tú,69,0.806,0.618,228253,0.307,0.0,2,0.108,-10.875,1,0.046,188,4,0.458,2708
16,Dillon Francis,Get Low,64,0.0282,0.674,212773,0.932,0.71,11,0.684,-4.424,0,0.0859,101,4,0.728,2709
16,NCT,일곱 번째 감각 The 7th Sense,63,0.0124,0.682,214035,0.502,8.45e-06,2,0.107,-9.507,1,0.0713,108,4,0.218,2710
16,George Ezra,Budapest,70,0.0846,0.717,200733,0.455,0.0,5,0.11,-8.303,1,0.0276,128,4,0.389,2711
16,Little Mix,Told You So,65,0.36,0.666,192853,0.432,0.0,6,0.0703,-5.335,1,0.0375,97,4,0.592,2712
16,Bazzi,3:15,77,0.385,0.651,167019,0.654,0.0,1,0.181,-5.481,1,0.0466,142,4,0.539,2713
16,Nicki Minaj,Bed (feat. Ariana Grande),77,0.0348,0.757,189533,0.73,6.17e-05,7,0.136,-6.304,1,0.187,90,4,0.451,2714
16,Bleachers,I Wanna Get Better,62,0.00281,0.446,204520,0.915,3.87e-05,9,0.218,-6.221,1,0.141,190,4,0.398,2715
16,The Police,Every Little Thing She Does Is Magic - Remastered 2003,65,0.127,0.535,260573,0.745,0.0792,2,0.179,-10.123,1,0.0335,164,4,0.376,2716
16,Alicia Keys,Fallin',75,0.263,0.653,210200,0.609,0.00101,11,0.233,-7.519,0,0.037,96,3,0.482,2717
16,Sebastian Yatra,No Hay Nadie Más,78,0.861,0.695,199733,0.379,0.0,6,0.106,-9.096,1,0.0339,105,4,0.808,2718
16,Ariana Grande,God is a woman,87,0.0233,0.602,197547,0.658,6e-05,1,0.237,-5.934,1,0.0558,145,4,0.268,2719
16,Lil Uzi Vert,Ronda (Winners),62,0.344,0.701,216294,0.585,0.0,5,0.114,-7.613,0,0.132,120,4,0.422,2720
16,When In Rome,The Promise,63,0.0864,0.629,220960,0.876,7.72e-05,0,0.0431,-10.141,1,0.0444,118,4,0.358,2721
16,Kanye West,Love Lockdown,69,0.0539,0.756,270307,0.529,0.392,1,0.112,-7.659,0,0.0329,120,4,0.123,2722
16,Carly Rae Jepsen,I Really Like You,69,0.00543,0.622,204773,0.808,5.63e-05,5,0.215,-4.701,1,0.0418,122,4,0.599,2723
16,Why Don't We,Big Plans,85,0.0668,0.693,179930,0.604,0.0,11,0.114,-5.279,1,0.0427,75,4,0.651,2724
16,Hailee Steinfeld,You're Such A,70,0.00798,0.62,216333,0.696,1e-06,11,0.113,-6.323,1,0.0997,176,4,0.705,2725
16,Blondie,Call Me,64,0.000646,0.554,212227,0.833,0.0025,2,0.0737,-6.667,0,0.0347,143,4,0.773,2726
16,Ar'mon & Trey,Forever,64,0.166,0.819,193651,0.585,0.0,4,0.111,-5.816,1,0.16,119,4,0.456,2727
16,Cheat Codes,Feels Great (feat. Fetty Wap & CVBZ),70,0.0454,0.522,193569,0.833,0.0,0,0.127,-3.715,1,0.0575,180,4,0.296,2728
16,BTS,MIC Drop (Steve Aoki Remix) [Full Length Edition],73,0.0114,0.606,307676,0.848,1.06e-06,11,0.206,-3.952,1,0.184,170,4,0.54,2729
16,Kid Ink,No Budget (feat. Rich The Kid),66,0.0265,0.804,197587,0.807,0.000108,6,0.338,-5.396,0,0.08,147,4,0.888,2730
16,Lady Gaga,Perfect Illusion,69,0.00138,0.625,182000,0.855,0.0,1,0.357,-5.471,0,0.0389,125,4,0.668,2731
16,Ed Sheeran,Bibia Be Ye Ye,71,0.52,0.738,176747,0.677,0.0,7,0.133,-5.121,1,0.0824,127,4,0.882,2732
16,John Gurney,Home With Her,68,0.137,0.731,179231,0.614,1.3e-05,7,0.151,-7.525,0,0.0628,80,4,0.508,2733
16,Kid Ink,YUSO (feat. Lil Wayne & Saweetie),72,0.00378,0.9,173640,0.649,2.06e-06,2,0.0873,-6.365,1,0.197,94,4,0.658,2734
16,BLACKPINK,STAY,70,0.569,0.628,230400,0.433,7.71e-06,1,0.104,-6.808,1,0.0383,88,4,0.343,2735
16,j-hope,Hope World,65,0.0138,0.706,204931,0.896,0.0,1,0.595,-4.456,1,0.16,117,4,0.767,2736
16,Little Mix,Oops,66,0.421,0.831,204760,0.657,0.0,11,0.132,-4.161,0,0.0483,105,4,0.916,2737
16,benny blanco,Roses (with Juice WRLD feat. Brendon Urie),83,0.166,0.613,223543,0.6,0.0,8,0.117,-7.097,1,0.154,147,4,0.532,2738
16,Steve Aoki,Anything More (feat. Era Istrefi) - Will Sparks Remix,63,0.00167,0.409,186672,0.847,0.00598,1,0.186,-3.47,1,0.0499,124,1,0.034,2739
16,Simple Minds,Don't You (Forget About Me),72,0.168,0.66,263040,0.816,0.0181,2,0.0608,-6.61,1,0.0299,111,4,0.678,2740
16,Sam Hunt,Make You Miss Me,71,0.158,0.614,225693,0.472,0.0,7,0.111,-6.626,1,0.0297,146,4,0.168,2741
16,YK Osiris,Valentine,75,0.112,0.76,206853,0.528,0.0,11,0.107,-7.474,1,0.0541,120,4,0.457,2742
16,Alec Benjamin,Boy In The Bubble,73,0.224,0.817,181705,0.578,0.00103,11,0.251,-7.579,0,0.0824,144,4,0.851,2743
16,Katy Perry,Swish Swish,76,0.0184,0.839,242520,0.705,1.77e-05,5,0.102,-5.194,0,0.0445,120,4,0.575,2744
16,Lauv,Getting Over You,73,0.273,0.604,255886,0.507,2.27e-06,0,0.0943,-7.928,1,0.0382,92,4,0.114,2745
16,Alicia Keys,No One,80,0.0209,0.644,253813,0.548,8.68e-06,1,0.134,-5.416,0,0.0286,90,4,0.166,2746
16,Avril Lavigne,Complicated,77,0.0572,0.585,244507,0.776,7.74e-06,5,0.3,-5.898,1,0.0459,78,4,0.427,2747
16,Rascal Flatts,Bless The Broken Road,69,0.693,0.599,226680,0.433,8.99e-05,0,0.178,-6.336,1,0.0265,136,4,0.384,2748
16,Avicii,Lonely Together - (feat. Rita Ora) Alan Walker Remix,64,0.284,0.522,179760,0.772,0.0,5,0.236,-5.799,1,0.0525,103,4,0.473,2749
16,Maroon 5,Girls Like You (feat. Cardi B),89,0.568,0.851,235545,0.541,0.0,0,0.13,-6.825,1,0.0505,125,4,0.448,2750
16,benny blanco,I Found You (with Calvin Harris),82,0.033,0.775,191496,0.872,0.0579,6,0.298,-4.194,1,0.0469,123,4,0.379,2751
16,Marc E. Bassy,Made Love First,65,0.275,0.662,225667,0.51,0.0,1,0.339,-8.418,0,0.0477,140,4,0.504,2752
16,Jonas Brothers,Lovebug,68,0.126,0.597,220693,0.499,0.0,4,0.214,-6.216,1,0.0581,79,4,0.521,2753
16,Ed Sheeran,New Man,73,0.0559,0.78,189280,0.745,0.0,7,0.0595,-3.97,1,0.145,94,4,0.862,2754
16,Grupo Maximo Grado,El Hombre Del Equipo,64,0.461,0.812,223999,0.759,1.97e-05,0,0.0848,-5.6,1,0.0501,122,3,0.845,2755
16,James Arthur,Safe Inside,67,0.187,0.317,222173,0.547,0.0,8,0.121,-6.549,1,0.0366,117,4,0.11,2756
16,Ed Sheeran,All of the Stars - Soundtrack Version,71,0.0102,0.436,234987,0.562,0.000278,11,0.198,-6.106,1,0.0278,150,4,0.24,2757
16,Dean Lewis,Lose My Mind,69,0.0567,0.553,200881,0.644,0.0,8,0.11,-6.688,1,0.0312,128,4,0.207,2758
16,Bruno Mars,That's What I Like,85,0.013,0.853,206693,0.56,0.0,1,0.0944,-4.961,1,0.0406,134,4,0.86,2759
16,NCT,BOSS,70,0.0233,0.787,210641,0.543,0.0,10,0.0861,-6.7,0,0.037,99,4,0.332,2760
16,George Michael,Father Figure - Remastered,64,0.163,0.689,336667,0.333,3.36e-05,3,0.0853,-13.288,1,0.0262,102,4,0.284,2761
16,Michelle Branch,All You Wanted,62,0.00466,0.499,217680,0.72,0.00303,8,0.122,-9.101,1,0.0286,96,4,0.652,2762
16,The Outfield,Your Love,71,0.103,0.555,221840,0.757,1.16e-06,1,0.0631,-7.868,0,0.0601,130,4,0.582,2763
16,Carlos Vives,Robarte un Beso,79,0.0826,0.742,194742,0.858,0.0,10,0.364,-4.946,1,0.0483,95,4,0.64,2764
16,Jon Bellion,Guillotine,66,0.106,0.614,208125,0.798,5.83e-06,4,0.0966,-3.16,0,0.142,98,4,0.593,2765
16,Hayley Kiyoko,Girls Like Girls,67,0.0109,0.611,229656,0.701,9.83e-06,6,0.0994,-5.235,1,0.0248,142,4,0.604,2766
16,Kip Moore,More Girls Like You,65,0.00825,0.555,154707,0.746,0.0,2,0.0796,-5.522,1,0.033,75,4,0.712,2767
16,Ariana Grande,Problem,77,0.0192,0.66,193920,0.805,8.83e-06,1,0.159,-5.352,0,0.153,103,4,0.625,2768
16,Jack & Jack,2 Cigarettes,65,0.363,0.752,225813,0.642,2.06e-06,9,0.384,-8.709,0,0.0568,112,4,0.243,2769
16,Kid Ink,Hell & Back,63,0.339,0.597,250558,0.545,0.0,8,0.107,-6.956,1,0.102,134,4,0.344,2770
16,Shania Twain,Man! I Feel Like A Woman!,75,0.637,0.678,233000,0.899,0.0,10,0.347,-2.937,1,0.048,125,4,0.757,2771
16,Queen Naija,Karma,73,0.172,0.592,176076,0.571,0.0,1,0.106,-7.132,1,0.174,105,4,0.424,2772
16,Talking Heads,Burning Down The House (45 Version),64,0.00644,0.779,241920,0.87,0.0107,5,0.0399,-13.141,0,0.0574,103,4,0.555,2773
16,Tiësto,Wasted,62,0.00149,0.638,190014,0.816,0.00115,2,0.195,-5.503,1,0.0308,112,4,0.386,2774
16,blackbear,anxiety (with FRND),68,0.0291,0.652,191036,0.715,0.0,0,0.156,-5.919,1,0.0388,98,4,0.618,2775
16,BTS,Lie,70,0.00331,0.542,215753,0.777,0.0,6,0.178,-5.582,0,0.033,94,3,0.503,2776
16,Falling In Reverse,The Drug In Me Is You,66,0.0149,0.548,218787,0.855,0.0,3,0.127,-3.266,1,0.151,145,4,0.644,2777
16,BTS,Outro: Tear,66,0.327,0.711,284981,0.903,0.0,6,0.0887,-2.723,0,0.247,140,4,0.467,2778
16,Randy Houser,Our Hearts (feat. Lucie Silvas),66,0.31,0.651,207973,0.704,0.000589,11,0.0709,-6.458,1,0.0268,136,4,0.417,2779
16,Wet Wet Wet,"Love Is All Around - From ""Four Weddings And A Funeral""",67,0.228,0.523,246240,0.689,0.0,10,0.109,-6.58,1,0.027,84,4,0.547,2780
16,Ciara,"One, Two Step",76,0.042,0.944,203787,0.511,0.00107,5,0.0379,-10.96,0,0.161,113,4,0.842,2781
16,Irene Cara,What A Feeling,68,0.382,0.532,244533,0.729,0.0,10,0.366,-6.84,1,0.0474,122,4,0.595,2782
16,Selena Gomez,Back To You - From 13 Reasons Why – Season 2 Soundtrack,84,0.0945,0.601,207905,0.724,1.68e-06,6,0.12,-4.856,1,0.0486,102,4,0.508,2783
16,Shawn Mendes,Memories,66,0.801,0.495,232520,0.158,0.0,4,0.268,-8.981,1,0.0289,108,4,0.306,2784
16,Tina Turner,The Best - Edit,72,0.0149,0.681,250133,0.83,0.00376,0,0.214,-6.088,1,0.0271,104,4,0.817,2785
16,Tyler Rich,The Difference,70,0.097,0.538,188507,0.755,0.0,9,0.11,-5.22,1,0.0532,170,4,0.697,2786
16,Katy Perry,Rise,66,0.0397,0.546,203475,0.645,0.0,11,0.107,-6.4,1,0.0527,102,4,0.457,2787
16,Dylan Scott,Nothing To Do Town,70,0.0249,0.551,185413,0.836,1.33e-05,2,0.222,-5.182,1,0.0338,148,4,0.911,2788
16,mansionz,STFU,72,0.16,0.824,230878,0.47,0.0,1,0.15,-7.459,0,0.176,135,4,0.437,2789
16,Destiny's Child,"Jumpin', Jumpin'",71,0.00543,0.771,230200,0.685,0.00157,1,0.0537,-4.639,1,0.0567,89,4,0.683,2790
16,DJ Khaled,Top Off,66,0.0107,0.573,230713,0.591,0.0,11,0.455,-6.715,0,0.331,87,5,0.232,2791
16,OneRepublic,No Vacancy,69,0.0556,0.72,223190,0.727,0.0,5,0.138,-3.882,1,0.0489,100,4,0.481,2792
16,Onda Vaselina,"Te Quiero Tanto, Tanto",65,0.368,0.601,187667,0.268,0.0,8,0.209,-12.11,1,0.0291,77,4,0.241,2793
16,Justin Timberlake,SexyBack (feat. Timbaland),67,0.0584,0.967,242733,0.583,0.0,7,0.0519,-5.562,0,0.0789,117,4,0.964,2794
16,Reik,Creo en Ti,71,0.857,0.584,163333,0.268,0.0,3,0.142,-9.54,1,0.0258,86,4,0.441,2795
16,"Tyler, The Creator",Answer,62,0.00329,0.368,230067,0.838,5.74e-06,8,0.115,-6.465,0,0.0487,72,4,0.477,2796
16,Britney Spears,I'm a Slave 4 U,66,0.415,0.847,203600,0.843,0.000134,5,0.107,-3.579,0,0.106,110,4,0.963,2797
16,One Direction,Fool's Gold,65,0.23,0.515,210893,0.773,1.29e-06,6,0.0938,-4.848,1,0.0479,128,4,0.379,2798
16,TWICE,TT,70,0.0525,0.708,212991,0.853,0.000173,2,0.399,-4.398,1,0.0844,130,4,0.399,2799
16,Panic! At The Disco,Memories,62,0.000473,0.489,205533,0.958,0.0,1,0.401,-2.731,0,0.05,133,4,0.427,2800
16,Katy Perry,Chained To The Rhythm,75,0.0814,0.446,237733,0.8,0.0,0,0.199,-5.404,1,0.174,190,4,0.474,2801
16,Alphaville,Forever Young,75,0.42,0.489,226706,0.483,0.0028,9,0.236,-9.466,0,0.0275,137,4,0.333,2802
16,Dave Matthews Band,Ants Marching,63,0.0187,0.637,271187,0.856,1.99e-05,2,0.0157,-4.34,1,0.034,113,4,0.846,2803
16,Madonna,Hung Up,69,0.0039,0.649,337733,0.647,0.161,9,0.0686,-7.695,0,0.0452,125,4,0.405,2804
16,The Bangles,Eternal Flame,70,0.525,0.526,238027,0.358,0.0,4,0.0942,-7.239,0,0.0243,79,3,0.4,2805
16,Diddy - Dirty Money,Coming Home,70,0.155,0.353,238693,0.822,0.0,7,0.332,-1.866,1,0.232,168,4,0.237,2806
16,Zedd,Beautiful Now,71,0.0079,0.628,218293,0.833,1.48e-05,11,0.074,-4.126,0,0.0282,128,4,0.56,2807
16,Normani,Slow Down (with Calvin Harris),62,0.0855,0.853,205986,0.693,7.16e-05,0,0.11,-4.337,1,0.0524,124,4,0.547,2808
16,blink-182,Feeling This,65,0.103,0.411,172646,0.962,0.0,4,0.529,-5.952,1,0.0917,173,4,0.622,2809
16,Alejandro Fernandez,Me Dediqué a Perderte,77,0.491,0.642,231773,0.442,1.58e-06,8,0.102,-9.115,1,0.074,148,4,0.465,2810
16,John Mayer,New Light,84,0.325,0.828,216015,0.689,0.0384,7,0.0808,-7.878,1,0.0326,124,4,0.853,2811
16,R3HAB,Wrong Move,67,0.161,0.722,211093,0.705,1.63e-06,5,0.113,-5.821,0,0.0505,124,4,0.533,2812
16,Jubël,Dancing in the Moonlight,77,0.27,0.659,164010,0.617,0.0,11,0.187,-5.862,0,0.0649,120,4,0.187,2813
16,Adele,When We Were Young,74,0.348,0.381,290907,0.594,0.0,3,0.0925,-5.97,1,0.0486,144,4,0.273,2814
16,Niall Horan,Seeing Blind,72,0.0466,0.709,185281,0.571,0.0,9,0.106,-7.617,1,0.0405,94,4,0.51,2815
16,Sam Smith,Money On My Mind,68,0.204,0.688,192670,0.841,0.000295,2,0.229,-5.217,1,0.179,134,4,0.743,2816
16,Troye Sivan,Seventeen,67,0.165,0.612,218351,0.743,4.35e-05,4,0.319,-7.25,1,0.0442,119,4,0.347,2817
16,Fifth Harmony,He Like That,64,0.362,0.592,217107,0.681,0.0,0,0.142,-5.597,1,0.141,147,4,0.491,2818
16,Michael Bublé,Haven't Met You Yet,73,0.152,0.615,244587,0.733,0.0,8,0.109,-4.808,1,0.0335,123,4,0.796,2819
16,John Mayer,Who Says,70,0.267,0.584,175480,0.509,0.00252,2,0.36,-13.109,1,0.0287,90,4,0.367,2820
16,El Bebeto,Seremos,73,0.412,0.712,186933,0.416,0.0,0,0.331,-3.87,1,0.0294,138,4,0.551,2821
16,David Bowie,Space Oddity - 2015 Remastered Version,73,0.0748,0.299,318813,0.443,0.000138,0,0.177,-12.621,1,0.0346,140,4,0.434,2822
16,Ludacris,Money Maker,62,0.177,0.571,230613,0.613,0.0,1,0.216,-6.836,1,0.252,83,4,0.583,2823
16,BTS,Like,62,0.271,0.582,231883,0.726,0.0,0,0.227,-4.174,0,0.116,100,4,0.768,2824
16,Martin Jensen,Nobody,71,0.269,0.673,211040,0.687,0.0,6,0.181,-5.295,0,0.0623,97,4,0.524,2825
16,John Mayer,Edge of Desire,63,0.326,0.606,332067,0.441,0.0128,9,0.116,-9.303,1,0.0272,66,3,0.455,2826
16,Justin Timberlake,What Goes Around.../...Comes Around (Interlude),72,0.131,0.685,448533,0.723,0.000935,7,0.592,-4.791,1,0.176,76,4,0.385,2827
16,Gerard Way,Hazy Shade of Winter (feat. Ray Toro),72,0.00742,0.248,197734,0.937,0.362,5,0.0799,-5.121,0,0.0687,150,4,0.142,2828
16,Shawn Mendes,Understand,62,0.355,0.613,300973,0.616,0.0,0,0.099,-6.33,1,0.39,79,4,0.102,2829
16,Will Smith,Miami,70,0.0339,0.877,197560,0.534,1.73e-05,1,0.0441,-6.18,1,0.151,108,4,0.89,2830
16,Jr. Walker & The All Stars,Shotgun,64,0.181,0.747,176627,0.671,5.24e-06,1,0.061,-5.737,1,0.0332,121,4,0.681,2831
16,Liam Payne,Strip That Down - Acoustic,65,0.609,0.881,184476,0.394,0.0,6,0.123,-7.835,1,0.059,106,4,0.915,2832
16,j-hope,Airplane,67,0.649,0.801,197914,0.65,0.0,0,0.109,-7.855,1,0.0576,120,4,0.237,2833
16,The Vamps,Middle Of The Night,70,0.00359,0.588,174600,0.752,0.0,11,0.0813,-4.322,0,0.0576,130,4,0.4,2834
16,James TW,Please Keep Loving Me,73,0.117,0.537,195920,0.469,1.78e-06,5,0.106,-8.486,1,0.0764,176,4,0.294,2835
16,Lizzo,Juice,78,0.00611,0.767,195145,0.889,0.0,7,0.402,-2.988,1,0.0963,120,4,0.843,2836
16,Tears For Fears,Everybody Wants To Rule The World,81,0.372,0.638,251489,0.8,0.00553,7,0.113,-12.077,1,0.0572,112,4,0.569,2837
16,Dua Lipa,"Swan Song (From the Motion Picture ""Alita: Battle Angel"")",87,0.00579,0.588,182075,0.821,0.000275,5,0.208,-6.54,0,0.216,188,4,0.509,2838
16,BTS,Begin,64,0.00361,0.566,229740,0.844,0.000257,9,0.141,-5.222,0,0.0444,131,4,0.291,2839
16,J Balvin,Reggaeton,89,0.0165,0.747,158800,0.74,9.94e-05,4,0.101,-4.325,0,0.191,176,4,0.552,2840
16,Swedish House Mafia,Greyhound,65,0.00666,0.723,410097,0.806,0.876,0,0.276,-4.989,1,0.0521,125,4,0.539,2841
16,City Girls,Twerk (feat. Cardi B),82,0.122,0.788,166476,0.841,0.0011,4,0.166,-4.006,0,0.143,190,4,0.493,2842
16,Maroon 5,Maps,77,0.0205,0.742,189960,0.713,0.0,1,0.059,-5.522,0,0.0303,120,4,0.879,2843
16,Vicetone,Astronomia,65,0.00561,0.653,198095,0.945,0.915,5,0.439,-2.634,1,0.0959,126,4,0.326,2844
16,Olly Murs,Unpredictable,66,0.0551,0.63,199586,0.733,0.0,1,0.102,-4.338,1,0.0423,104,4,0.486,2845
16,Wisin,"Escápate Conmigo (feat. Ozuna, Bad Bunny, De La Ghetto, Arcángel, Noriel & Almighty) - Remix",69,0.0464,0.797,386333,0.804,1.54e-05,1,0.317,-4.817,1,0.0711,92,4,0.451,2846
16,BTS,Boyz with Fun,63,0.0808,0.704,244156,0.959,0.0,1,0.383,-2.607,0,0.192,116,4,0.751,2847
16,Anne-Marie,2002,86,0.0372,0.697,186987,0.683,0.0,1,0.137,-2.881,0,0.117,96,4,0.603,2848
16,Dixie Chicks,Cowboy Take Me Away,69,0.365,0.467,287267,0.622,0.00527,6,0.0982,-7.255,1,0.031,164,4,0.455,2849
16,Saweetie,Up Now (feat. G-Eazy and Rich The Kid),67,0.00294,0.956,198088,0.544,0.0,1,0.104,-6.41,1,0.0822,104,4,0.127,2850
16,Ashanti,Foolish,73,0.358,0.477,227387,0.728,0.0,0,0.11,-5.71,1,0.0831,89,4,0.69,2851
16,The Pointer Sisters,I'm So Excited,66,0.0962,0.59,230640,0.868,0.000322,5,0.442,-5.832,0,0.048,184,4,0.798,2852
16,Eli Young Band,Where Were You,63,0.0127,0.601,190374,0.852,7.27e-05,2,0.0877,-5.097,1,0.0582,110,4,0.465,2853
16,Marc Anthony,Vivir Mi Vida,74,0.344,0.655,252347,0.877,0.0,0,0.349,-3.23,0,0.0344,105,4,0.893,2854
16,Melanie Martinez,Mrs. Potato Head,68,0.174,0.517,217507,0.622,0.0,1,0.105,-3.536,0,0.0577,170,4,0.463,2855
16,Duran Duran,Hungry Like The Wolf - 2009 Remastered Version,71,0.0433,0.691,220627,0.812,1.16e-06,0,0.299,-7.772,1,0.0558,128,4,0.685,2856
16,Melanie Martinez,Training Wheels,62,0.697,0.571,205680,0.481,0.0,9,0.089,-7.179,1,0.0444,114,4,0.0807,2857
16,Lil Uzi Vert,Seven Million (feat. Future),66,0.051,0.886,182491,0.629,7.66e-06,1,0.121,-4.404,0,0.306,158,4,0.487,2858
16,Ellie Goulding,"Love Me Like You Do - From ""Fifty Shades Of Grey""",69,0.247,0.262,252534,0.606,0.0,8,0.125,-6.646,1,0.0484,190,4,0.275,2859
16,John Mayer,Half of My Heart,67,0.435,0.681,250373,0.593,0.000117,5,0.106,-9.327,1,0.0251,115,4,0.731,2860
16,Taylor Swift,Blank Space,68,0.085,0.752,231827,0.678,1.64e-06,5,0.13,-5.421,1,0.0646,96,4,0.583,2861
16,Crowded House,Don't Dream It's Over,72,0.0148,0.439,236933,0.422,4.84e-05,8,0.0697,-17.227,1,0.0409,82,4,0.551,2862
16,David Guetta,Flames - Pink Panda Remix,68,0.0343,0.802,228387,0.845,0.0186,5,0.335,-5.509,0,0.0596,124,4,0.828,2863
16,Tiësto,Carry You Home (feat. StarGate & Aloe Blacc),67,0.0308,0.518,192731,0.724,0.0,8,0.116,-6.327,1,0.0839,122,4,0.334,2864
16,Trey Songz,How Dat Sound (feat. 2 Chainz & Yo Gotti),66,0.158,0.767,238658,0.625,0.0,5,0.16,-3.533,0,0.24,145,4,0.647,2865
16,Jennifer Lopez,Te Guste,74,0.119,0.877,222787,0.619,0.0,9,0.088,-6.692,0,0.233,138,4,0.222,2866
16,Justin Bieber,All Around The World,63,0.019,0.689,244547,0.816,2.42e-06,3,0.181,-3.951,0,0.178,128,4,0.775,2867
16,Paramore,The Only Exception,71,0.144,0.452,267653,0.563,0.0,4,0.143,-6.607,1,0.0272,138,3,0.209,2868
16,GOT7,하드캐리 Hard Carry,63,0.0148,0.7,193579,0.873,0.0,1,0.343,-2.901,1,0.0869,100,4,0.612,2869
16,Maroon 5,Girls Like You,70,0.558,0.611,215230,0.462,1.01e-06,0,0.131,-7.054,1,0.0646,60,4,0.377,2870
16,Cuco,One and Only,64,0.517,0.616,206061,0.609,2.27e-05,10,0.0824,-6.969,1,0.0461,99,4,0.18,2871
16,Virlan Garcia,En Donde Esta Tu Amor,74,0.582,0.501,217429,0.4,0.0,0,0.0692,-4.76,1,0.0352,73,4,0.556,2872
16,Michael Jackson,The Way You Make Me Feel,62,0.0367,0.608,297400,0.816,0.000554,1,0.116,-5.926,1,0.11,114,4,0.507,2873
16,Twenty One Pilots,Goner,69,0.194,0.565,236733,0.437,7.14e-06,6,0.0656,-7.68,0,0.0403,96,3,0.217,2874
16,Dua Lipa,Thinking 'Bout You,62,0.0856,0.802,171947,0.481,0.0,4,0.152,-5.132,0,0.043,91,4,0.468,2875
16,The Kinks,All Day and All of the Night,69,0.262,0.551,141507,0.86,4.57e-06,7,0.0558,-7.839,1,0.0796,137,4,0.723,2876
16,Manuel Turizo,Sola,82,0.483,0.704,195044,0.706,0.0,11,0.0965,-5.233,0,0.111,93,4,0.856,2877
16,Train,"Hey, Soul Sister",82,0.185,0.673,216773,0.886,0.0,1,0.0826,-4.44,0,0.0431,97,4,0.795,2878
16,Felix Jaehn,Ain't Nobody (Loves Me Better) (feat. Jasmine Thompson),72,0.676,0.78,186147,0.573,0.000176,2,0.0696,-7.014,0,0.031,118,4,0.511,2879
16,Halsey,Devil In Me,64,0.0634,0.581,249239,0.71,0.0,2,0.0732,-5.245,1,0.0348,106,4,0.188,2880
16,Ariana Grande,One Last Time,84,0.093,0.628,197267,0.593,1.65e-06,8,0.096,-5.036,1,0.0323,125,4,0.104,2881
16,Whitney Houston,I Wanna Dance with Somebody (Who Loves Me),82,0.207,0.709,291293,0.824,0.000307,1,0.0888,-8.824,1,0.0453,119,4,0.867,2882
16,Sebastian Yatra,Vuelve,79,0.559,0.716,224013,0.474,0.0,11,0.135,-6.714,1,0.052,78,4,0.302,2883
16,Katy Perry,I Kissed A Girl,68,0.00223,0.699,179640,0.76,0.0,5,0.132,-3.173,1,0.0677,130,4,0.696,2884
16,B2K,"Bump, Bump, Bump",68,0.0956,0.833,282533,0.681,0.0,1,0.0414,-6.028,0,0.215,95,4,0.887,2885
16,Ariana Grande,Touch It,69,0.0305,0.536,260000,0.694,0.0,7,0.183,-4.369,0,0.0331,101,4,0.293,2886
16,Huey Lewis & The News,Hip To Be Square,64,0.0025,0.668,245467,0.779,0.000347,9,0.139,-11.089,1,0.0325,141,4,0.963,2887
16,T.I.,Fuck Nigga,63,0.0615,0.743,197956,0.784,0.0,6,0.0892,-4.713,0,0.188,137,4,0.928,2888
16,Ariel Camacho y Los Plebes Del Rancho,Te Metiste,69,0.658,0.713,209121,0.44,2.24e-05,7,0.0791,-4.714,1,0.0391,152,3,0.809,2889
16,James Arthur,You Deserve Better,70,0.0322,0.516,207773,0.56,0.0,6,0.15,-7.116,0,0.486,99,4,0.696,2890
16,Roxette,Listen to Your Heart,73,0.108,0.539,328093,0.583,0.0,1,0.111,-4.935,0,0.0275,86,4,0.337,2891
16,NCT DREAM,We Go Up,68,0.0138,0.893,183293,0.77,0.0,8,0.225,-4.692,1,0.107,122,4,0.349,2892
16,Wang Chung,Dance Hall Days (Re-Recorded),62,0.0498,0.641,238148,0.784,0.00934,0,0.381,-6.38,1,0.0366,103,4,0.488,2893
16,Omarion,Post to Be (feat. Chris Brown & Jhene Aiko),70,0.0697,0.733,226581,0.676,0.0,10,0.208,-5.655,0,0.0432,97,4,0.701,2894
16,Prince Royce,Culpa al Corazón,63,0.465,0.839,222080,0.649,0.0,0,0.0973,-6.121,1,0.0372,123,4,0.904,2895
16,The Gregory Brothers,The Muffin Song (asdfmovie),69,0.205,0.911,187046,0.842,1.48e-05,10,0.115,-4.845,1,0.0922,112,4,0.578,2896
16,Shawn Mendes,Mutual,70,0.254,0.919,148360,0.478,0.0,11,0.134,-6.697,0,0.156,115,4,0.799,2897
16,DJ Khaled,No Brainer,84,0.0733,0.552,260000,0.76,0.0,0,0.0865,-4.706,1,0.342,136,5,0.639,2898
16,One Direction,Live While We're Young,68,0.0629,0.658,200187,0.837,0.0,2,0.0969,-2.063,1,0.0543,126,4,0.936,2899
16,ABBA,Dancing Queen,73,0.382,0.539,230693,0.884,0.00166,9,0.76,-6.53,1,0.0403,101,4,0.752,2900
16,Manuel Turizo,Una Vez Más,72,0.455,0.807,252000,0.464,2.05e-06,11,0.139,-7.59,0,0.048,140,4,0.77,2901
16,John Mayer,Gravity,75,0.731,0.764,245827,0.326,0.0013,7,0.24,-9.883,1,0.0342,124,3,0.237,2902
16,Disclosure,Latch,76,0.0159,0.503,255632,0.727,9.45e-05,1,0.0895,-5.456,1,0.167,122,4,0.521,2903
16,Avicii,The Nights,79,0.0166,0.527,176658,0.835,0.0,6,0.249,-5.298,1,0.0433,126,4,0.654,2904
16,Lost Frequencies,Like I Love You,71,0.142,0.863,190174,0.588,3.42e-05,1,0.457,-7.141,1,0.0847,118,4,0.751,2905
16,Abraham Mateo,Loco Enamorado,70,0.226,0.69,252200,0.872,0.0,11,0.0858,-2.984,0,0.0588,94,4,0.731,2906
16,Panic! At The Disco,Far Too Young to Die,64,0.00217,0.676,197467,0.756,3.08e-05,7,0.104,-6.528,0,0.0446,127,4,0.543,2907
16,La Septima Banda,Yo Fui El Elegante,64,0.426,0.784,143080,0.744,0.0,0,0.0527,-3.913,0,0.0416,135,3,0.97,2908
16,Adam Lambert,Ghost Town,66,0.186,0.703,208330,0.736,1.92e-05,4,0.174,-5.709,0,0.046,120,4,0.274,2909
16,Justin Timberlake,Rock Your Body,73,0.202,0.891,267267,0.714,0.000234,4,0.0521,-6.055,0,0.14,101,4,0.818,2910
16,Rudimental,They Don't Care About Us (feat. Maverick Sabre & YEBBA),63,0.0454,0.424,280947,0.482,1.7e-05,8,0.067,-7.293,1,0.0676,180,3,0.406,2911
16,A Day To Remember,If It Means a Lot to You,69,0.112,0.584,243227,0.536,0.0,10,0.456,-8.158,1,0.0279,127,4,0.44,2912
16,Becky G,Bubalu,89,0.616,0.8,228493,0.355,0.0,6,0.118,-10.47,0,0.0895,146,4,0.253,2913
16,Fall Out Boy,"Sugar, We're Goin Down",79,0.00898,0.499,229093,0.824,0.0,7,0.163,-4.741,1,0.0794,162,4,0.699,2914
16,Paty Cantú,Cuenta Pendiente,69,0.267,0.524,192587,0.793,0.000248,0,0.202,-6.001,1,0.163,82,4,0.779,2915
16,Meghan Trainor,NO,70,0.0125,0.557,213507,0.801,1.66e-06,1,0.737,-3.602,0,0.218,92,4,0.654,2916
16,Ed Sheeran,One,68,0.877,0.464,252760,0.321,0.0,2,0.0789,-11.12,1,0.0418,94,4,0.306,2917
16,SHY Martin,Lose You Too,68,0.153,0.445,186463,0.357,0.0,7,0.356,-9.163,1,0.0445,147,4,0.159,2918
16,BTS,Burning Up (Fire),73,0.00227,0.627,203352,0.706,0.0,10,0.122,-3.201,0,0.0597,100,4,0.536,2919
16,Ariana Grande,ghostin,65,0.422,0.396,271467,0.358,1.71e-05,9,0.19,-8.294,1,0.0292,104,4,0.111,2920
16,Savage Garden,I Knew I Loved You,64,0.307,0.556,251253,0.517,0.00115,9,0.077,-8.769,1,0.0287,170,4,0.779,2921
16,Ariana Grande,bloodline,91,0.0815,0.758,216893,0.665,0.000157,2,0.216,-5.188,0,0.0774,152,4,0.643,2922
16,Ellie Goulding,Burn,67,0.31,0.559,231212,0.777,0.0,1,0.105,-5.031,1,0.0432,87,4,0.329,2923
16,P!nk,So What,67,0.000304,0.535,215160,0.886,2.26e-06,11,0.257,-3.106,1,0.045,126,4,0.445,2924
16,Borgeous,Make Me Yours,69,0.0124,0.577,195239,0.615,1.33e-06,7,0.124,-6.084,0,0.0395,128,4,0.174,2925
16,All Time Low,Drugs & Candy,62,0.0486,0.49,217680,0.868,0.0,10,0.0575,-3.943,1,0.0375,148,4,0.472,2926
16,Vicetone,Fences,66,0.426,0.698,211557,0.81,0.0,0,0.136,-5.032,0,0.0367,109,4,0.678,2927
16,Jesper Jenset,Bad Vibrations,69,0.00417,0.768,199380,0.589,2.67e-05,8,0.136,-8.991,0,0.0403,98,4,0.757,2928
16,Dillon Francis,Lost My Mind,66,0.016,0.603,261441,0.665,0.652,0,0.138,-5.372,0,0.0655,160,4,0.184,2929
16,Sofia Carson,Chillin' Like a Villain,62,0.0374,0.676,193792,0.776,0.0,8,0.226,-6.629,1,0.0908,114,4,0.792,2930
16,Alta Consigna,El Poder de Tu Mirada,62,0.67,0.643,220493,0.48,0.0,9,0.165,-5.996,1,0.0284,135,3,0.692,2931
16,Cashmere Cat,Adore,65,0.0668,0.331,215999,0.614,1.28e-05,5,0.108,-5.588,0,0.0586,140,4,0.201,2932
16,Twenty One Pilots,"Friend, Please",62,0.391,0.228,252907,0.517,0.0,7,0.29,-9.167,0,0.0401,110,3,0.204,2933
16,Carly Pearce,If My Name Was Whiskey,63,0.428,0.591,197827,0.463,0.0,7,0.127,-6.491,1,0.0307,86,4,0.144,2934
16,Marshmello,Alone,85,0.0244,0.636,273803,0.953,0.0164,2,0.108,-3.74,1,0.0353,142,4,0.397,2935
16,EXO,전야 前夜 The Eve,70,0.0223,0.636,176026,0.702,0.0,0,0.293,-5.352,0,0.0334,135,4,0.516,2936
16,Lady Gaga,Music To My Eyes,78,0.392,0.625,199200,0.356,0.00129,2,0.1,-9.044,1,0.0319,115,3,0.325,2937
16,Dua Lipa,"I'm Not the Only One (Sam Smith Cover) - Live from Spotify, London",71,0.861,0.455,195840,0.265,0.0,5,0.685,-8.468,1,0.0491,176,4,0.324,2938
16,The 1975,Be My Mistake,70,0.845,0.563,256689,0.159,0.00017,6,0.0938,-14.415,1,0.0361,110,3,0.101,2939
16,Austin Mahone,Send It (feat. Rich Homie Quan),65,0.186,0.737,181003,0.585,0.0,5,0.115,-6.252,1,0.0975,147,4,0.693,2940
16,Chino & Nacho,Me Voy Enamorando - Remix,64,0.0894,0.708,215800,0.87,0.0,10,0.347,-4.473,1,0.0557,100,4,0.547,2941
16,Missy Elliott,Lose Control (feat. Ciara & Fat Man Scoop),65,0.0311,0.904,226864,0.813,0.00697,4,0.0471,-7.105,0,0.121,125,4,0.81,2942
16,Kehlani,Personal,63,0.199,0.765,227187,0.638,0.0,11,0.669,-4.548,0,0.13,114,4,0.626,2943
16,The Chainsmokers,Young,68,0.0105,0.615,224773,0.564,0.0,9,0.148,-6.384,1,0.0291,103,4,0.454,2944
16,Justin Bieber,I'll Show You,67,0.0427,0.314,199947,0.611,6.28e-05,9,0.184,-6.691,0,0.129,191,4,0.0604,2945
16,BTS,BTS Cypher 4,68,0.00533,0.817,294463,0.797,7.77e-06,1,0.0551,-4.395,0,0.084,120,4,0.362,2946
16,Sia,The Greatest,77,0.0102,0.668,210227,0.725,0.000479,1,0.0561,-6.127,1,0.266,192,4,0.729,2947
16,Michael Jackson,I Just Can't Stop Loving You - 2012 Remaster,66,0.667,0.657,251760,0.467,1.92e-06,5,0.0295,-8.925,1,0.0341,100,4,0.276,2948
16,Calvin Harris,Under Control,73,0.129,0.544,184280,0.915,0.000914,8,0.115,-3.405,1,0.0841,126,4,0.51,2949
16,Céline Dion,"Because You Loved Me (Theme from ""Up Close and Personal"")",74,0.314,0.614,273667,0.466,0.0,1,0.099,-9.881,1,0.0327,120,4,0.178,2950
16,Jason Derulo,Get Ugly,66,0.0462,0.75,200492,0.683,1.32e-06,9,0.297,-4.829,0,0.12,111,4,0.539,2951
16,Galantis,Hunter,65,0.159,0.47,183467,0.727,0.0,7,0.15,-5.752,1,0.131,99,4,0.63,2952
16,Bruno Mars,It Will Rain,69,0.359,0.574,257848,0.824,0.0,2,0.0816,-6.885,1,0.0463,150,4,0.434,2953
16,Hanson,MMMBop,64,0.00565,0.693,268653,0.937,0.00411,9,0.0778,-6.298,1,0.0503,105,4,0.662,2954
16,Lorde,Tennis Court,68,0.0175,0.764,198907,0.547,0.000161,0,0.23,-8.6,1,0.0576,90,4,0.402,2955
16,Harry Styles,Sign of the Times,79,0.0275,0.516,340707,0.595,0.0,5,0.109,-4.63,1,0.0313,120,4,0.222,2956
16,Flo Rida,Low (feat. T-Pain),80,0.0928,0.918,231400,0.609,0.0,10,0.139,-5.64,0,0.0791,128,4,0.304,2957
16,JP Cooper,September Song - Guitar Acoustic,71,0.355,0.593,212153,0.394,0.0,0,0.121,-8.946,0,0.029,95,4,0.543,2958
16,Sigrid,Strangers,71,0.00544,0.757,233726,0.726,0.000982,2,0.0736,-6.071,1,0.0394,115,4,0.12,2959
16,Tito Torbellino Jr,Bajo Perfil (feat. Tony Aguirre),65,0.512,0.786,199627,0.667,0.0,7,0.197,-7.733,1,0.0308,107,3,0.893,2960
16,Fifth Harmony,Down,68,0.0162,0.53,165200,0.512,7.04e-05,8,0.128,-7.094,1,0.133,196,4,0.401,2961
16,Maroon 5,She Will Be Loved,69,0.0596,0.706,257133,0.713,0.0,0,0.132,-5.512,0,0.0301,102,4,0.544,2962
16,The Arcadian Wild,Hers,62,0.971,0.302,161750,0.187,0.898,8,0.118,-18.961,1,0.0579,133,4,0.0873,2963
16,Lady Gaga,Hair Body Face,70,0.0103,0.863,202640,0.457,5.32e-05,4,0.109,-6.422,0,0.0526,115,4,0.401,2964
16,Tiësto,BOOM,71,0.0183,0.875,179512,0.835,0.00281,2,0.336,-3.626,1,0.0499,123,4,0.287,2965
16,Céline Dion,That's the Way It Is,64,0.154,0.634,241373,0.886,0.0,9,0.118,-5.424,1,0.0434,93,4,0.577,2966
16,Queen Naija,Bad Boy,62,0.41,0.491,200827,0.559,0.0,1,0.0842,-6.557,1,0.33,188,4,0.486,2967
16,Johnny Orlando,What If,65,0.189,0.735,219187,0.584,0.0,1,0.125,-5.047,1,0.14,93,4,0.395,2968
16,David Guetta,Flames,83,0.0723,0.609,195000,0.726,8.45e-06,5,0.0895,-4.346,0,0.0414,94,4,0.362,2969
16,Marshmello,Blocks,65,0.000163,0.555,209577,0.844,0.00617,9,0.426,-2.096,0,0.0705,142,4,0.563,2970
16,Axwell /\ Ingrosso,I Love You - Chace Remix,64,0.0731,0.795,173182,0.622,0.0,0,0.0923,-5.945,1,0.256,115,4,0.612,2971
16,Ja Rule,Always On Time,72,0.205,0.607,245063,0.714,0.0,5,0.301,-6.007,0,0.278,97,4,0.827,2972
16,Sia,I'm Still Here,73,0.00697,0.437,241910,0.719,3.86e-05,6,0.0765,-4.569,0,0.0376,170,4,0.284,2973
16,Rihanna,Rude Boy,73,0.113,0.563,222920,0.75,0.0,11,0.0788,-4.496,1,0.127,174,4,0.812,2974
16,Marc E. Bassy,Plot Twist,64,0.103,0.687,227147,0.647,0.0,1,0.0776,-5.984,1,0.287,97,4,0.654,2975
16,Paramore,Still Into You,73,0.0098,0.602,216013,0.923,0.0,5,0.0561,-3.763,1,0.044,136,4,0.765,2976
16,Axwell /\ Ingrosso,I Love You,64,0.3,0.643,190987,0.868,0.0,0,0.119,-4.03,1,0.15,115,4,0.71,2977
16,Hardwell,Being Alive,65,0.014,0.589,221250,0.751,3.09e-06,6,0.549,-5.124,0,0.0975,128,4,0.178,2978
16,Ariana Grande,Best Mistake,72,0.546,0.654,233733,0.578,0.0,6,0.112,-6.897,1,0.449,144,4,0.233,2979
16,Zola Blood,Play Out,63,0.353,0.631,277671,0.526,0.849,8,0.094,-13.39,1,0.0421,116,4,0.105,2980
16,Lulleaux,Contact,68,0.351,0.651,141875,0.76,0.0,7,0.151,-3.377,1,0.054,96,4,0.673,2981
16,Prince Fox,Space (feat. Quinn XCII),62,0.237,0.655,177000,0.569,0.0,10,0.124,-6.856,1,0.0552,98,4,0.301,2982
16,Maggie Lindemann,Couple of Kids,63,0.64,0.62,222656,0.422,9.05e-06,4,0.213,-4.525,1,0.0309,128,4,0.234,2983
16,Tiësto,On My Way,64,0.00856,0.634,183710,0.775,0.0,7,0.28,-4.09,1,0.0346,124,4,0.539,2984
16,Los De La Noria,A Las Cuántas Decepciones,67,0.509,0.723,196573,0.473,0.0,10,0.135,-5.654,1,0.0326,141,3,0.814,2985
16,Donny Osmond,"I'll Make a Man Out of You - From ""Mulan""/Soundtrack",69,0.133,0.656,201680,0.33,0.000109,7,0.0664,-17.503,1,0.0372,114,4,0.519,2986
16,Daya,"Sit Still, Look Pretty",70,0.141,0.657,202221,0.739,0.0,2,0.178,-4.081,1,0.274,182,4,0.543,2987
16,James Barker Band,Keep It Simple,70,0.00661,0.673,187453,0.827,0.0,7,0.18,-3.162,0,0.0389,126,4,0.947,2988
16,Sigrid,Sucker Punch,67,0.00153,0.638,194323,0.642,4.07e-06,7,0.0826,-4.422,1,0.0639,166,4,0.676,2989
16,Years & Years,Karma,62,0.146,0.79,193880,0.506,0.0,7,0.0876,-7.052,1,0.118,105,4,0.456,2990
16,Halsey,Ghost,66,0.0529,0.57,153657,0.606,0.000727,7,0.134,-8.085,1,0.129,95,4,0.212,2991
16,Banda Tierra Sagrada,La Buena y la Mala,71,0.527,0.805,204453,0.716,0.0,0,0.247,-4.498,1,0.039,125,3,0.905,2992
16,Meghan Trainor,All About That Bass,68,0.0476,0.811,188754,0.879,1.91e-06,9,0.109,-3.724,1,0.0514,134,4,0.962,2993
16,Shawn Mendes,There's Nothing Holdin' Me Back,84,0.38,0.866,199440,0.813,0.0,11,0.0779,-4.063,0,0.0554,122,4,0.969,2994
16,Panic! At The Disco,"Hey Look Ma, I Made It",76,0.0137,0.577,169667,0.833,0.0,5,0.121,-3.337,1,0.0695,108,4,0.58,2995
16,Pitbull,Feel This Moment,67,0.039,0.673,229507,0.758,0.0,7,0.341,-3.632,1,0.158,136,4,0.542,2996
16,Backstreet Boys,Nobody Else,62,0.338,0.671,218827,0.738,0.0,11,0.0632,-5.051,1,0.0544,132,4,0.43,2997
16,Cuco,Lava Lamp,63,0.528,0.517,308500,0.622,0.00164,5,0.12,-5.476,0,0.0353,120,3,0.0947,2998
16,The Jam,Town Called Malice,67,0.00265,0.553,173320,0.917,0.00991,2,0.07,-8.806,1,0.0906,102,4,0.781,2999
16,CLC,No,73,0.00785,0.76,181976,0.722,0.000326,6,0.116,-4.429,0,0.0908,120,4,0.687,3000
16,Kygo,Happy Now,88,0.374,0.693,211362,0.575,0.0,9,0.252,-6.998,1,0.0801,118,4,0.492,3001
16,Spice Girls,Spice Up Your Life,65,0.0105,0.556,173667,0.993,0.0341,1,0.403,-5.067,1,0.0464,124,4,0.702,3002
16,BTS,Stigma,65,0.148,0.583,216063,0.475,0.0,0,0.139,-5.556,0,0.0846,136,4,0.332,3003
16,Kygo,Stranger Things (feat. OneRepublic) - Alan Walker Remix,68,0.146,0.659,178413,0.742,0.0,0,0.217,-4.624,1,0.0283,107,4,0.729,3004
16,Kanye West,Good Morning,64,0.0913,0.577,195093,0.646,4.18e-05,0,0.17,-5.902,1,0.13,170,4,0.575,3005
16,Smith & Thell,Forgive Me Friend,67,0.0388,0.563,216760,0.908,1.53e-06,1,0.355,-4.428,1,0.0319,128,4,0.67,3006
16,Meryl Streep,Super Trouper - From 'Mamma Mia!' Original Motion Picture Soundtrack,62,0.102,0.701,234400,0.686,0.0,0,0.295,-5.437,1,0.0294,120,4,0.868,3007
16,Fonseca,Te Mando Flores,72,0.214,0.696,227736,0.848,0.0,0,0.0987,-7.839,1,0.0602,102,4,0.898,3008
16,*NSYNC,Tearin' up My Heart - Radio Edit,65,0.0028,0.686,211000,0.915,7.16e-06,7,0.233,-4.447,1,0.0364,110,4,0.796,3009
16,Kim Petras,"1,2,3 dayz up (feat. SOPHIE)",66,0.0583,0.785,213678,0.592,2.84e-05,1,0.131,-5.139,1,0.0363,108,1,0.884,3010
16,Taylor Swift,Dancing With Our Hands Tied,67,0.0604,0.624,211507,0.691,1.1e-05,0,0.138,-6.686,0,0.196,160,4,0.284,3011
16,Jimmie Allen,Best Shot,76,0.75,0.629,195053,0.464,0.0,4,0.0853,-8.72,1,0.0334,156,4,0.523,3012
16,KSHMR,Neverland,64,0.00301,0.312,189525,0.937,0.182,8,0.288,-3.994,0,0.0504,138,4,0.257,3013
16,Belinda Carlisle,Heaven Is A Place On Earth,67,0.035,0.637,247293,0.786,2.57e-06,4,0.049,-10.192,1,0.0324,123,4,0.804,3014
16,Mayday Parade,Jamie All Over,63,6.73e-05,0.428,216000,0.878,0.0,1,0.0693,-3.661,1,0.049,149,4,0.386,3015
16,Justin Timberlake,My Love (feat. T.I.),72,0.277,0.772,276160,0.68,1.17e-05,11,0.682,-5.881,0,0.224,120,4,0.807,3016
16,Banda Los Recoditos,Me Sobrabas Tú,69,0.698,0.729,181987,0.507,0.0,0,0.26,-4.94,1,0.0486,155,3,0.961,3017
16,Filmore,Love That About You,71,0.0463,0.552,157422,0.573,0.0,9,0.105,-6.585,1,0.0948,182,4,0.525,3018
16,Shawn Mendes,Ruin,65,0.382,0.686,241893,0.382,0.0,2,0.109,-6.68,1,0.0314,125,3,0.527,3019
16,Bhad Bhabie,These Heaux,64,0.215,0.852,140008,0.577,0.0,6,0.138,-6.347,0,0.16,120,4,0.448,3020
16,Adam Levine,Lost Stars,64,0.112,0.495,267933,0.589,0.0,0,0.0688,-4.747,1,0.0274,82,4,0.401,3021
16,Train,Meet Virginia,65,0.0863,0.675,239933,0.553,7.58e-06,7,0.118,-7.775,1,0.0486,90,4,0.594,3022
16,Vicetone,Walk Thru Fire,66,0.329,0.639,194483,0.664,1.53e-06,5,0.382,-4.926,1,0.0357,116,4,0.351,3023
16,Westlife,Flying Without Wings,63,0.323,0.443,215307,0.493,0.0,8,0.21,-7.956,1,0.0318,73,4,0.283,3024
16,Sasha Sloan,Faking It,66,0.32,0.647,167353,0.371,0.0,1,0.205,-8.645,0,0.0575,81,4,0.243,3025
16,Lorde,Perfect Places,68,0.00241,0.622,221874,0.58,2.95e-05,1,0.112,-5.273,0,0.0504,104,4,0.512,3026
16,Gryffin,Whole Heart,65,0.028,0.501,225200,0.648,1.26e-05,9,0.153,-7.173,1,0.0696,164,4,0.191,3027
16,Marshmello,Flashbacks,69,0.0052,0.58,165634,0.901,0.698,0,0.111,-0.958,1,0.0326,142,4,0.427,3028
16,Sasha Sloan,Normal,63,0.528,0.749,192200,0.419,7.85e-06,5,0.113,-9.41,1,0.0719,120,4,0.279,3029
16,One Direction,Happily,63,0.0426,0.623,175480,0.89,0.0,9,0.153,-4.783,1,0.0394,117,4,0.824,3030
16,David Bowie,Let's Dance - 1999 Remastered Version,70,0.00388,0.619,457133,0.703,0.205,10,0.163,-9.414,0,0.0525,115,4,0.709,3031
16,Lennon Stella,Like Everybody Else - Acoustic,65,0.897,0.487,194867,0.146,1.9e-06,10,0.106,-15.225,0,0.038,96,4,0.261,3032
16,Years & Years,If You're Over Me,77,0.0615,0.647,189000,0.853,0.0,8,0.062,-4.516,1,0.0904,104,4,0.618,3033
16,Billie Eilish,watch,82,0.333,0.441,177523,0.599,0.00198,0,0.103,-8.985,1,0.225,165,4,0.35,3034
16,Jamie Foxx,Blame It,69,0.0782,0.673,289747,0.614,0.0,7,0.139,-5.426,1,0.103,176,4,0.362,3035
16,Pharrell Williams,"Happy - From ""Despicable Me 2""",73,0.219,0.647,232720,0.822,0.0,5,0.0908,-4.662,0,0.183,160,4,0.962,3036
16,Meryl Streep,Mamma Mia - From 'Mamma Mia!' Original Motion Picture Soundtrack,67,0.15,0.746,214907,0.848,2.18e-06,2,0.37,-4.638,1,0.0331,138,4,0.756,3037
16,Charli XCX,5 In The Morning,62,0.038,0.632,169597,0.743,0.0,1,0.115,-6.761,1,0.0464,108,4,0.357,3038
16,Little Mix,Wasabi,68,0.00451,0.847,154787,0.656,0.000854,2,0.143,-4.976,1,0.115,114,4,0.234,3039
16,Bishop Briggs,River,77,0.302,0.733,216133,0.477,2.97e-06,2,0.0579,-6.737,0,0.0687,63,4,0.545,3040
16,PRETTYMUCH,Blind,69,0.13,0.448,201600,0.761,0.0,3,0.0823,-4.741,1,0.221,150,4,0.333,3041
16,ZAYN,Dusk Till Dawn - Brooks Remix,62,0.0384,0.409,202500,0.772,0.0,11,0.0539,-3.234,0,0.0851,126,4,0.392,3042
16,Years & Years,Valentino,70,0.0707,0.714,181684,0.729,0.0,11,0.181,-5.194,0,0.053,111,4,0.577,3043
16,Shawn Mendes,There's Nothing Holdin' Me Back - Acoustic,64,0.517,0.78,201093,0.573,0.0,11,0.182,-5.573,0,0.0466,122,4,0.889,3044
16,Sara Bareilles,I Choose You,64,0.105,0.731,218573,0.572,0.00012,6,0.133,-7.889,0,0.0445,154,4,0.947,3045
16,Ed Sheeran,Shape of You - Acoustic,72,0.49,0.843,223573,0.4,0.0,8,0.125,-5.576,0,0.103,101,4,0.927,3046
16,Lauv,Paranoid,67,0.644,0.701,192530,0.241,0.000171,2,0.149,-8.388,0,0.0515,108,3,0.132,3047
16,Austin Burke,Whole Lot in Love,65,0.353,0.791,166787,0.715,0.0,7,0.115,-5.809,1,0.0377,112,4,0.593,3048
16,Conan Gray,Idle Town,70,0.872,0.606,237920,0.478,2.02e-05,7,0.106,-6.035,1,0.0276,77,4,0.266,3049
16,Shawn Mendes,Bad Reputation,68,0.229,0.413,198227,0.697,0.0,11,0.256,-5.823,0,0.188,150,3,0.332,3050
16,NU'EST W,Dejavu,65,0.24,0.769,199892,0.661,0.0,8,0.118,-5.08,0,0.133,108,4,0.552,3051
16,Marshmello,Power,65,0.00292,0.58,222000,0.895,0.731,1,0.079,-3.702,0,0.0367,140,4,0.97,3052
16,Cher,Believe,76,0.0082,0.652,239027,0.917,0.0,6,0.0509,-6.72,1,0.0548,133,4,0.459,3053
16,The Lonely Island,I Just Had Sex,65,0.0175,0.612,166560,0.8,0.0,6,0.199,-4.284,1,0.167,168,4,0.786,3054
16,Lorde,Writer In The Dark,62,0.73,0.325,216611,0.271,0.0,7,0.301,-8.069,1,0.0418,72,4,0.279,3055
16,Crecer German,Quién Te Entiende,66,0.649,0.785,202573,0.387,0.0,6,0.106,-5.986,0,0.0347,122,4,0.889,3056
16,Vigiland,Shots & Squats,70,0.00674,0.813,171799,0.819,0.000423,1,0.225,-5.039,1,0.121,128,4,0.279,3057
16,Julia Michaels,Issues - Alan Walker Remix,66,0.166,0.766,181000,0.771,2.51e-06,8,0.105,-4.358,1,0.0483,114,4,0.686,3058
16,Demi Lovato,Stone Cold,79,0.475,0.412,191308,0.472,0.0,8,0.0974,-7.543,1,0.0476,139,3,0.327,3059
16,TWICE,SIGNAL,66,0.23,0.617,196687,0.769,0.0,0,0.121,-2.57,1,0.329,208,4,0.605,3060
16,Greyson Chance,Low,66,0.585,0.476,207640,0.534,0.000236,9,0.112,-7.432,1,0.154,92,4,0.234,3061
16,TOMORROW X TOGETHER,Cat & Dog,72,0.0668,0.843,187573,0.794,0.000223,8,0.104,-3.013,1,0.147,160,4,0.319,3062
16,Anitta,Veneno,80,0.046,0.792,158005,0.768,3.39e-06,4,0.067,-5.074,0,0.107,90,4,0.295,3063
16,Beyoncé,Best Thing I Never Had,72,0.143,0.545,253747,0.649,1.57e-05,6,0.0894,-4.062,1,0.0324,99,4,0.297,3064
16,Los Nuevos Ilegales,Yo Fui El Elegante,65,0.296,0.785,146413,0.831,0.0,9,0.176,-4.439,1,0.193,135,3,0.581,3065
16,Ariana Grande,breathin,87,0.0211,0.568,198160,0.656,1.37e-05,8,0.213,-5.413,1,0.0433,100,4,0.364,3066
16,Jason Derulo,Goodbye (feat. Nicki Minaj & Willy William),82,0.0776,0.643,195419,0.904,0.0,0,0.189,-3.694,1,0.0739,103,4,0.481,3067
16,LANY,Super Far,73,0.0988,0.575,203650,0.46,0.0,1,0.227,-6.839,1,0.182,96,4,0.462,3068
16,Rita Ora,Only Want You (feat. 6LACK),67,0.0574,0.671,192439,0.547,1.55e-06,6,0.0855,-6.284,0,0.0526,82,4,0.336,3069
16,James Arthur,Rewrite The Stars (with James Arthur & Anne-Marie),83,0.237,0.67,218293,0.743,0.0,10,0.465,-4.993,1,0.0393,126,4,0.571,3070
17,Sie7e,Tengo Tu Love,65,0.241,0.702,231573,0.741,0.0,7,0.117,-8.111,1,0.0449,95,4,0.7,3071
17,Bob Marley & The Wailers,Pimper's Paradise,65,0.00499,0.939,207773,0.642,0.0,9,0.0427,-8.189,0,0.0525,135,4,0.967,3072
17,Youssoupha,Par amour,63,0.0118,0.716,217827,0.597,4.84e-05,7,0.0964,-7.275,1,0.0387,97,4,0.443,3073
17,Sublime,Wrong Way,64,0.0623,0.69,136147,0.681,0.0,9,0.137,-5.653,1,0.0379,75,4,0.911,3074
17,Natiruts,Você Me Encantou Demais - Ao Vivo,62,0.0733,0.727,211373,0.56,5.17e-05,6,0.734,-7.539,0,0.0428,88,4,0.441,3075
17,Villa Cariño,Serenata cruel,65,0.166,0.553,272045,0.789,0.0,7,0.0786,-4.426,1,0.0549,207,4,0.969,3076
17,Ocean Alley,Lemonworld,62,0.094,0.458,194554,0.614,0.0,4,0.33,-6.336,0,0.0322,149,4,0.485,3077
17,Bob Marley & The Wailers,Exodus,63,0.0296,0.869,460227,0.735,0.00339,7,0.163,-8.501,1,0.0552,133,4,0.944,3078
17,Bob Marley & The Wailers,Redemption Song,71,0.578,0.684,233560,0.248,0.0,0,0.0643,-10.505,1,0.0435,116,4,0.621,3079
17,Sublime,Santeria,73,0.0268,0.682,182747,0.765,3.42e-05,1,0.188,-5.021,0,0.0395,91,4,0.567,3080
17,Ziggy Marley,Beach In Hawaii,62,0.211,0.807,220413,0.458,9.01e-06,9,0.0839,-9.594,0,0.0361,101,4,0.874,3081
17,Natiruts,Andei Só - Ao Vivo,66,0.207,0.585,263107,0.622,0.0,1,0.83,-6.865,0,0.0305,146,4,0.612,3082
17,Damian Marley,Medication,64,0.0318,0.865,222467,0.562,0.0,10,0.246,-6.811,0,0.251,85,4,0.81,3083
17,Bob Marley & The Wailers,Satisfy My Soul,68,0.00333,0.779,271000,0.418,0.000138,7,0.252,-9.207,1,0.188,128,4,0.425,3084
17,Snow,Informer,66,0.0984,0.763,268910,0.742,0.0,6,0.38,-10.975,0,0.188,98,4,0.483,3085
17,Sublime,What I Got,70,0.00877,0.804,170907,0.696,0.000985,7,0.314,-7.47,1,0.0899,96,4,0.657,3086
17,Slightly Stoopid,Collie Man,62,0.183,0.61,133080,0.706,0.000587,0,0.218,-7.084,1,0.0483,170,3,0.344,3087
17,Iration,Summer Nights,63,0.0201,0.835,236093,0.609,1.28e-06,9,0.107,-5.636,1,0.0336,130,4,0.781,3088
17,Rael,Envolvidão,63,0.7,0.693,205720,0.773,0.0,8,0.0827,-4.193,1,0.0985,87,4,0.937,3089
17,Nonpalidece,La Flor,63,0.234,0.672,314773,0.651,0.000515,10,0.936,-7.573,1,0.0461,149,4,0.532,3090
17,MAGIC!,Rude (Acoustic),71,0.358,0.736,223854,0.847,0.0,1,0.101,-4.287,1,0.0756,144,4,0.915,3091
17,Los Cafres,Si el Amor Se Cae - Versión 25 Años [Live],63,0.206,0.481,238667,0.636,0.0,2,0.688,-6.354,1,0.0354,166,4,0.732,3092
17,Santaferia,El Gil de Tu Ex,70,0.49,0.774,193827,0.77,1.25e-06,7,0.311,-3.074,1,0.0426,92,4,0.874,3093
17,Tash Sultana,Notion,62,0.391,0.352,341000,0.414,0.00831,4,0.185,-6.6,0,0.0254,60,4,0.0688,3094
17,Bob Marley & The Wailers,One Drop,64,0.12,0.901,231773,0.478,1.05e-05,0,0.165,-7.39,1,0.237,121,4,0.828,3095
17,UB40,(I Can't Help) Falling In Love With You,67,0.0444,0.642,207440,0.722,0.00388,2,0.122,-13.031,1,0.0375,172,4,0.836,3096
17,Slightly Stoopid,Closer to the Sun,64,0.203,0.572,145560,0.728,0.00263,7,0.231,-5.534,1,0.0275,75,4,0.535,3097
17,Gabriel Elias,Fiz Esse Som Pra Você,65,0.00967,0.667,203008,0.845,0.0,1,0.411,-8.755,0,0.0304,120,4,0.966,3098
17,Bob Marley & The Wailers,Is This Love,68,0.119,0.775,230800,0.563,0.0,6,0.155,-8.225,0,0.0815,122,4,0.786,3099
19,Puerto Rican Power,Tu Cariñito,68,0.33,0.691,251253,0.873,1.63e-06,5,0.0362,-8.758,0,0.0382,94,4,0.916,3100
19,Andy Williams,It's the Most Wonderful Time of the Year,68,0.766,0.24,151933,0.598,0.0,7,0.117,-8.435,1,0.037,202,3,0.776,3101
19,Louis Armstrong,Summertime,63,0.907,0.152,298133,0.0882,0.00371,8,0.107,-21.102,0,0.0336,66,4,0.121,3102
19,Patti Austin,"Baby, Come To Me",65,0.551,0.631,215387,0.503,0.0,7,0.137,-12.083,0,0.0766,90,4,0.699,3103
19,"Earth, Wind & Fire",September,79,0.114,0.697,214827,0.809,0.000521,9,0.183,-8.197,1,0.0302,126,4,0.98,3104
19,Scott Hamilton,Young and Foolish,63,0.965,0.456,330615,0.276,0.0525,5,0.0775,-7.419,1,0.0316,103,4,0.157,3105
19,Nat King Cole,The Christmas Song (Merry Christmas To You),62,0.92,0.319,192160,0.21,8.06e-05,1,0.138,-15.231,1,0.0341,79,4,0.209,3106
19,George Benson,Nothing's Gonna Change My Love for You,64,0.764,0.553,242679,0.614,0.0,1,0.0811,-5.098,1,0.0306,137,4,0.345,3107
19,Duke Ellington,My Little Brown Book,65,0.942,0.372,319733,0.187,0.139,0,0.161,-13.497,0,0.0323,70,4,0.217,3108
19,The Emotions,Best of My Love,67,0.447,0.784,220560,0.713,0.14,0,0.0904,-6.865,1,0.0339,115,4,0.97,3109
19,Willie Colón,El Gran Varon,62,0.581,0.645,414707,0.665,0.0,7,0.0391,-5.519,0,0.0384,94,4,0.369,3110
19,Bill Evans Trio,My Foolish Heart,62,0.935,0.395,297320,0.121,0.397,9,0.697,-23.427,1,0.0327,115,4,0.139,3111
19,Tulus,Labirin,66,0.78,0.7,182656,0.486,2.1e-05,9,0.105,-6.869,1,0.0369,96,4,0.673,3112
19,The Meters,Cissy Strut,62,0.115,0.53,181840,0.811,0.831,0,0.348,-9.343,1,0.0997,176,4,0.708,3113
19,Chet Baker,Polka Dots And Moonbeams,65,0.989,0.476,588760,0.19,0.733,2,0.588,-17.266,0,0.0432,110,4,0.249,3114
19,Louis Armstrong,What A Wonderful World - Single Version,66,0.729,0.271,139227,0.165,1.6e-06,5,0.118,-20.652,1,0.0351,77,4,0.203,3115
19,Eddie Henderson,After You've Gone,63,0.986,0.382,424243,0.158,0.823,10,0.127,-12.962,1,0.0466,47,4,0.314,3116
19,Nat King Cole,L-O-V-E,65,0.679,0.425,155307,0.373,0.0,4,0.077,-7.543,1,0.0797,78,4,0.663,3117
19,Nina Simone,I Put A Spell On You,65,0.745,0.327,155027,0.39,0.000339,6,0.198,-9.094,0,0.0337,177,3,0.401,3118
19,leaf beach,Solitude,62,0.199,0.844,110305,0.521,0.937,4,0.136,-7.993,0,0.0763,88,4,0.118,3119
19,Bill Evans,Skating In Central Park,65,0.993,0.478,324200,0.0294,0.948,0,0.105,-25.319,1,0.0453,124,3,0.148,3120
19,Willie Colón,Talento De Televisión,68,0.701,0.779,279320,0.796,3.99e-05,2,0.0636,-6.675,1,0.0434,105,4,0.938,3121
19,Héctor Lavoe,La Murga,62,0.426,0.544,333560,0.771,0.00265,2,0.0624,-7.53,1,0.0436,89,4,0.824,3122
19,Tord Gustavsen Trio,Curves,63,0.963,0.515,379533,0.0283,0.927,9,0.0906,-28.954,1,0.0402,101,4,0.0886,3123
19,digitalluc,003,62,0.873,0.691,139521,0.296,0.0424,1,0.103,-11.216,1,0.242,85,4,0.399,3124
19,Bill Evans,Gary's Theme - 2003 Remastered Version,66,0.905,0.42,257693,0.0802,0.857,7,0.135,-21.795,1,0.04,122,3,0.0541,3125
19,Yes,Roundabout - Remastered Version,65,0.0682,0.41,510573,0.761,0.0077,4,0.0758,-9.453,0,0.0687,133,4,0.391,3126
19,Diana Krall,Let's Fall In Love,62,0.844,0.617,258960,0.16,0.00019,5,0.139,-16.934,0,0.0471,124,4,0.466,3127
20,Green Day,Bang Bang,62,0.000326,0.499,205440,0.958,2.19e-06,9,0.432,-5.417,1,0.0898,127,4,0.359,3128
20,Queen,You're My Best Friend - Remastered 2011,67,0.155,0.512,170800,0.762,0.0108,0,0.0874,-7.035,1,0.0495,119,4,0.553,3129
20,Toto,Stop Loving You,62,0.234,0.555,269227,0.649,0.069,5,0.0554,-13.349,1,0.0302,102,4,0.596,3130
20,AC/DC,Whole Lotta Rosie,65,0.0014,0.29,333800,0.839,0.476,9,0.0954,-4.459,1,0.078,159,4,0.42,3131
20,The Alan Parsons Project,Eye In The Sky,67,0.562,0.823,276280,0.417,0.00098,2,0.0765,-12.643,1,0.032,112,4,0.522,3132
20,The Beatles,While My Guitar Gently Weeps - Remastered 2009,68,0.0205,0.453,285000,0.654,0.00395,4,0.172,-8.855,0,0.0317,115,4,0.702,3133
20,Bryan Adams,Run To You,65,0.00515,0.561,233270,0.811,3.6e-05,4,0.287,-6.157,1,0.0265,127,4,0.635,3134
20,Skylar Grey,Everything I Need (From Aquaman: Original Motion Picture Soundtrack) - Film Version,74,0.401,0.378,196227,0.457,0.0,2,0.0917,-9.292,1,0.0477,75,4,0.261,3135
20,Twenty One Pilots,Fake You Out,67,0.248,0.84,231320,0.608,1.25e-06,6,0.0874,-6.176,1,0.0458,115,4,0.727,3136
20,Tame Impala,Eventually,68,0.0158,0.424,318591,0.615,0.000389,9,0.0844,-6.217,0,0.0325,78,4,0.155,3137
20,Asia,Heat Of The Moment,66,0.358,0.324,227627,0.84,0.000239,1,0.367,-7.31,1,0.0489,136,4,0.576,3138
20,Imagine Dragons,Believer - Kaskade Remix,65,0.163,0.728,190893,0.656,1.17e-06,10,0.117,-5.111,0,0.0482,126,4,0.168,3139
20,Maná,Bendita Tu Luz,64,0.152,0.786,263880,0.773,2.45e-06,7,0.103,-5.042,1,0.0287,116,4,0.573,3140
20,Eric Church,Drink In My Hand,68,0.00635,0.626,191307,0.913,0.0,0,0.293,-4.452,1,0.0318,113,4,0.946,3141
20,The Beatles,Hey Jude - Remastered 2015,78,0.0112,0.386,425653,0.607,1.38e-05,10,0.088,-7.7,1,0.0261,147,4,0.532,3142
20,Morgan Wallen,The Way I Talk,68,0.0498,0.604,208280,0.879,0.0,4,0.0936,-3.389,1,0.0323,138,4,0.765,3143
20,Pink Floyd,Money,74,0.0241,0.469,382834,0.537,0.00201,9,0.269,-10.421,1,0.152,124,1,0.783,3144
20,Imagine Dragons,Radioactive,73,0.106,0.448,186813,0.784,0.000108,9,0.668,-3.686,1,0.0627,136,4,0.236,3145
20,Guns N' Roses,Welcome To The Jungle,74,0.0326,0.445,273600,0.955,0.284,8,0.317,-8.027,1,0.0856,123,4,0.336,3146
20,Imagine Dragons,I’m So Sorry,64,0.131,0.524,230200,0.679,0.0,2,0.201,-6.01,0,0.0565,143,4,0.37,3147
20,Mötley Crüe,Wild Side,62,0.00742,0.596,281960,0.896,0.00057,0,0.372,-4.635,1,0.0382,115,4,0.456,3148
20,The Beatles,Michelle - Remastered 2009,67,0.652,0.578,162373,0.29,0.0,5,0.105,-12.501,0,0.0341,117,4,0.666,3149
20,Cody Jinks,Hippies and Cowboys,64,0.0504,0.698,300680,0.586,0.0,5,0.295,-5.066,1,0.0278,115,4,0.623,3150
20,Panic! At The Disco,Dying In LA,72,0.876,0.346,229053,0.35,1.98e-06,2,0.0708,-4.988,1,0.0328,126,4,0.315,3151
20,Judas Priest,Breaking the Law,70,0.024,0.362,153840,0.961,9.35e-06,2,0.159,-5.664,1,0.0857,164,4,0.491,3152
20,Mötley Crüe,"Girls, Girls, Girls",69,0.0296,0.6,270427,0.931,7.1e-05,7,0.392,-4.647,1,0.0734,140,4,0.542,3153
20,Elton John,"Rocket Man (I Think It's Going To Be A Long, Long Time)",81,0.386,0.602,281613,0.522,1.44e-05,10,0.0941,-9.031,1,0.0285,137,4,0.36,3154
20,The Beatles,Norwegian Wood (This Bird Has Flown) - Remastered 2009,68,0.183,0.425,124693,0.369,0.00126,4,0.112,-11.876,1,0.0379,177,3,0.65,3155
20,Elvis Presley,Heartbreak Hotel,64,0.84,0.696,127560,0.21,1.62e-06,4,0.107,-11.922,1,0.067,94,4,0.717,3156
20,Europe,Carrie,69,0.113,0.457,272133,0.487,2.37e-06,7,0.358,-7.112,1,0.0266,137,4,0.139,3157
20,Pink Floyd,Brain Damage,66,0.0726,0.322,226667,0.265,0.34,2,0.366,-13.398,1,0.0302,134,4,0.207,3158
20,Van Halen,Why Can't This Be Love,62,0.0606,0.531,227693,0.626,0.0,0,0.0767,-13.371,1,0.0452,88,4,0.746,3159
20,Led Zeppelin,Whole Lotta Love - 1990 Remaster,77,0.0484,0.412,333893,0.902,0.131,9,0.405,-11.6,1,0.405,90,4,0.422,3160
20,Fleetwood Mac,Landslide,78,0.883,0.414,199493,0.161,0.000223,7,0.117,-22.32,0,0.0318,159,4,0.423,3161
20,Maná,Eres Mi Religión,63,0.187,0.631,328187,0.814,3.44e-06,4,0.0832,-5.559,1,0.033,92,4,0.76,3162
20,The Beatles,Blackbird - 2018 Mix,65,0.825,0.649,138360,0.123,3.14e-06,7,0.0627,-15.657,1,0.0396,94,4,0.358,3163
20,Pink Floyd,"Another Brick in the Wall, Pt. 2",77,0.0781,0.694,238747,0.394,0.000677,0,0.247,-15.881,1,0.0428,104,4,0.719,3164
20,Bring Me The Horizon,heavy metal (feat. Rahzel),71,0.00119,0.589,240587,0.914,0.000257,7,0.361,-3.582,1,0.0935,130,4,0.512,3165
20,Neil Young,Heart of Gold - 2009 Remaster,71,0.189,0.541,187013,0.459,0.0274,4,0.099,-10.433,0,0.0297,171,4,0.803,3166
20,Bring Me The Horizon,why you gotta kick me when i'm down?,71,0.175,0.607,268861,0.841,1.33e-05,10,0.132,-4.805,0,0.136,132,4,0.518,3167
20,Imagine Dragons,Boomerang,74,0.139,0.429,187800,0.559,0.00928,2,0.121,-7.493,1,0.152,100,4,0.347,3168
20,The Rolling Stones,You Can't Always Get What You Want,67,0.64,0.32,448720,0.62,6.36e-05,0,0.253,-9.686,1,0.0594,86,4,0.472,3169
20,Neil Young,Out on the Weekend - 2009 Remaster,62,0.0967,0.673,271933,0.265,0.0336,9,0.0809,-15.711,1,0.0387,137,4,0.641,3170
20,Helios,Nothing It Can,62,0.779,0.181,287521,0.245,0.899,1,0.0681,-12.333,1,0.0389,109,4,0.0366,3171
20,Guns N' Roses,Sweet Child O' Mine,75,0.141,0.449,356400,0.901,0.0675,6,0.128,-7.711,1,0.0526,125,4,0.696,3172
20,AC/DC,Rock N Roll Train,68,0.000998,0.547,261507,0.931,0.0118,2,0.278,-2.356,1,0.0615,118,4,0.697,3173
20,Twisted Sister,We're Not Gonna Take It,73,0.0127,0.502,219667,0.924,0.0,4,0.162,-6.299,1,0.0503,149,4,0.922,3174
20,The Beatles,She Loves You - Mono / Remastered,67,0.26,0.377,140920,0.916,0.0,4,0.074,-3.199,0,0.0481,76,4,0.912,3175
20,The Beatles,Get Back - Remastered 2009,65,0.492,0.761,189387,0.592,0.00626,2,0.61,-9.836,1,0.0586,123,4,0.332,3176
20,Rod Stewart,All for Love,67,0.125,0.51,281200,0.44,0.0,2,0.0994,-11.015,1,0.0293,75,4,0.135,3177
20,The Doors,Soul Kitchen,68,0.33,0.679,213000,0.443,0.0,9,0.0533,-7.376,1,0.0394,116,4,0.609,3178
20,Tame Impala,Nangs,62,0.159,0.536,107533,0.526,0.847,0,0.128,-9.754,1,0.181,168,4,0.434,3179
20,The Beatles,Strawberry Fields Forever - Remastered 2009,68,0.336,0.39,247320,0.502,0.000138,10,0.0713,-12.277,1,0.178,98,4,0.289,3180
20,Scotty McCreery,Five More Minutes,67,0.325,0.517,238954,0.652,0.0,7,0.109,-6.153,1,0.0323,156,4,0.333,3181
20,Bruce Springsteen,Hungry Heart,69,0.0857,0.641,199453,0.894,0.009,8,0.157,-7.41,1,0.0273,110,4,0.972,3182
20,KISS,Heaven's On Fire,66,0.00536,0.679,201400,0.859,5.18e-05,0,0.327,-5.945,1,0.0665,124,4,0.792,3183
20,Pink Floyd,"Another Brick in the Wall, Pt. 1",63,0.937,0.617,192146,0.0457,0.641,0,0.0991,-26.401,1,0.0344,99,4,0.0967,3184
20,Tame Impala,Let It Happen,74,0.00462,0.602,467587,0.881,0.0266,1,0.111,-5.875,0,0.0443,125,4,0.577,3185
20,Thomas Rhett,Unforgettable,73,0.032,0.663,157080,0.738,0.000225,7,0.0856,-5.48,1,0.0303,130,4,0.825,3186
20,Maná,Se Me Olvidó Otra Vez - Unplugged,65,0.311,0.695,222261,0.927,0.0,9,0.954,-4.855,1,0.0524,103,4,0.826,3187
20,Imagine Dragons,Bad Liar,90,0.0722,0.383,260773,0.637,0.0,3,0.368,-6.993,1,0.0703,178,4,0.0827,3188
20,Creedence Clearwater Revival,Run Through The Jungle,65,0.0474,0.641,184747,0.612,0.0588,2,0.102,-8.307,1,0.0361,136,4,0.854,3189
20,Tame Impala,Feels Like We Only Go Backwards,73,0.0453,0.31,192960,0.907,0.369,2,0.247,-2.279,0,0.0591,150,4,0.516,3190
20,Santana,Black Magic Woman,64,0.679,0.497,195867,0.552,0.0314,9,0.089,-7.102,0,0.0307,124,4,0.633,3191
20,Joan Jett & The Blackhearts,I Love Rock 'N Roll,71,0.326,0.535,175173,0.716,0.0,4,0.659,-5.025,1,0.0431,94,4,0.901,3192
20,AC/DC,You Shook Me All Night Long,78,0.00287,0.532,210173,0.767,0.000513,7,0.39,-5.509,1,0.0574,127,4,0.755,3193
20,AC/DC,Shoot to Thrill,70,0.000239,0.457,317427,0.904,0.0879,2,0.396,-5.303,1,0.0747,141,4,0.48,3194
20,Little Richard,Long Tall Sally,63,0.756,0.428,127973,0.569,0.0,5,0.133,-10.024,1,0.0914,184,4,0.894,3195
20,Chaka Demus & Pliers,Murder She Wrote,62,0.161,0.883,245000,0.733,0.00026,11,0.334,-9.153,0,0.128,95,4,0.947,3196
20,Queen,We Are The Champions - Live Aid,66,0.175,0.316,237026,0.86,4.92e-05,7,0.902,-5.038,0,0.0661,101,3,0.195,3197
20,Bastille,Send Them Off!,62,0.13,0.614,200987,0.807,0.0,10,0.255,-3.405,0,0.0529,100,4,0.427,3198
20,Tame Impala,Elephant,70,0.557,0.597,211227,0.575,0.342,2,0.254,-6.665,1,0.04,123,4,0.621,3199
20,Def Leppard,Pour Some Sugar On Me - Remastered 2017,75,0.00211,0.267,267307,0.953,0.0,1,0.283,-4.899,0,0.096,85,4,0.568,3200
20,Led Zeppelin,Rock and Roll - Remastered,66,0.000582,0.317,220561,0.887,0.00258,9,0.0891,-7.292,1,0.0375,170,4,0.871,3201
20,Andrés Cepeda,Magia (feat. Sebastian Yatra),69,0.354,0.458,192987,0.705,0.0,0,0.0893,-5.281,1,0.116,188,4,0.594,3202
20,KISS,Lick It Up,63,0.187,0.686,236640,0.781,1.9e-05,2,0.332,-5.906,1,0.0523,120,4,0.64,3203
20,Alice Merton,No Roots,62,0.264,0.863,235813,0.657,0.00619,7,0.0713,-7.295,1,0.105,116,4,0.829,3204
20,Poison,Every Rose Has Its Thorn - Remastered 2003,71,0.16,0.533,260173,0.637,1.12e-05,6,0.369,-5.571,1,0.0323,140,4,0.292,3205
20,Creedence Clearwater Revival,Fortunate Son,80,0.201,0.64,140773,0.663,0.00806,0,0.152,-7.516,1,0.0374,133,4,0.663,3206
20,Ugly Kid Joe,Cats In The Cradle,64,0.129,0.443,242173,0.527,0.0,8,0.0774,-9.479,1,0.0315,152,4,0.469,3207
20,Metallica,One (Remastered),68,0.000668,0.438,446146,0.687,0.0801,7,0.42,-9.15,1,0.0619,103,3,0.426,3208
20,The Beatles,Something - Remastered 2009,70,0.198,0.396,182293,0.338,2.62e-06,0,0.138,-10.872,1,0.0304,134,4,0.377,3209
20,Taylor Dayne,Tell It to My Heart,67,0.0302,0.638,220880,0.988,1.16e-05,1,0.371,-5.042,1,0.0921,118,4,0.723,3210
20,Snow Patrol,Run,65,0.000431,0.403,354547,0.654,4.08e-05,9,0.166,-6.002,0,0.0295,75,4,0.197,3211
20,Queen,Crazy Little Thing Called Love - 2011 Remaster,62,0.673,0.626,163342,0.762,2.1e-06,7,0.325,-6.846,1,0.0432,77,4,0.766,3212
20,Jon Pardi,Head Over Boots,74,0.0661,0.557,202347,0.676,0.0,7,0.0871,-4.457,1,0.027,108,4,0.678,3213
20,The Beatles,Come Together - Remastered 2009,79,0.0302,0.533,259947,0.376,0.248,9,0.0926,-11.913,0,0.0393,165,4,0.187,3214
20,Simon & Garfunkel,Cecilia,69,0.357,0.755,174827,0.876,5.17e-06,0,0.22,-8.867,1,0.0362,103,4,0.954,3215
20,Elton John,I'm Still Standing,76,0.377,0.527,183440,0.889,0.189,6,0.207,-6.823,1,0.176,177,4,0.832,3216
20,Warrant,Heaven,63,0.115,0.462,236867,0.488,0.0,6,0.128,-11.143,1,0.0287,146,4,0.33,3217
20,Thomas Rhett,Marry Me,77,0.113,0.588,205453,0.408,0.0,3,0.13,-8.662,1,0.0237,85,4,0.484,3218
20,U2,Desire,65,0.000212,0.49,179360,0.827,0.00406,8,0.112,-9.481,1,0.0482,109,4,0.626,3219
20,Queen,Bohemian Rhapsody - Live Aid,63,0.315,0.379,147840,0.781,0.000162,0,0.401,-6.147,0,0.0417,78,4,0.327,3220
20,Queen,Radio Ga Ga - Remastered,72,0.197,0.743,348227,0.524,0.00013,5,0.204,-7.627,1,0.0362,112,4,0.644,3221
20,Bon Jovi,You Give Love A Bad Name,73,0.0704,0.537,222707,0.959,1.8e-06,0,0.382,-3.002,0,0.0557,123,4,0.828,3222
20,Guns N' Roses,Patience,65,0.686,0.457,354880,0.297,0.000107,6,0.109,-12.511,1,0.0306,120,4,0.333,3223
20,Imagine Dragons,Thunder,88,0.00671,0.605,187147,0.822,0.134,0,0.147,-4.833,1,0.0438,168,4,0.288,3224
20,Black Sabbath,Iron Man - Remastered Version,67,0.00349,0.336,355304,0.792,0.00178,9,0.0437,-10.875,1,0.0848,156,4,0.425,3225
20,Glenn Medeiros,Nothing's Gonna Change My Love for You,64,0.627,0.445,232067,0.378,0.0,1,0.0758,-15.257,1,0.0381,142,4,0.406,3226
20,Fleetwood Mac,Dreams - 2004 Remaster,79,0.0644,0.828,257800,0.492,0.00428,0,0.128,-9.744,1,0.0276,120,4,0.789,3227
20,Led Zeppelin,Black Dog - Remastered,73,0.396,0.437,295387,0.864,0.0314,4,0.242,-7.842,0,0.0904,81,4,0.749,3228
20,The Beatles,"Hello, Goodbye - Remastered 2009",65,0.306,0.479,208840,0.733,2.4e-05,0,0.414,-8.753,1,0.0256,99,4,0.806,3229
20,Ricardo Arjona,El Cielo a Mi Favor,65,0.847,0.343,228493,0.251,1.18e-05,7,0.212,-7.827,1,0.0305,136,4,0.314,3230
20,Bring Me The Horizon,Doomed,65,0.00152,0.271,274133,0.903,1.5e-05,6,0.189,-4.516,0,0.137,147,4,0.22,3231
20,Imagine Dragons,Demons,74,0.19,0.505,175200,0.71,0.00025,3,0.329,-3.015,1,0.0321,90,4,0.428,3232
20,Tame Impala,"New Person, Same Old Mistakes",70,0.272,0.47,363240,0.809,0.00671,8,0.0491,-6.74,1,0.0495,152,4,0.49,3233
20,Mötley Crüe,Dr. Feelgood,67,0.000886,0.535,291307,0.967,0.0204,2,0.233,-4.082,1,0.068,111,4,0.347,3234
20,Aerosmith,Walk This Way,71,0.0114,0.653,220400,0.73,1.03e-05,5,0.0754,-10.613,1,0.043,109,4,0.894,3235
20,Cody Jinks,Must Be The Whiskey,63,0.0915,0.546,205333,0.786,8.67e-05,3,0.168,-5.06,0,0.0401,126,4,0.679,3236
20,Scorpions,Rock You Like A Hurricane,64,0.00853,0.482,252493,0.601,0.000187,7,0.249,-12.846,1,0.0486,126,4,0.774,3237
20,Muse,Knights Of Cydonia,69,0.000273,0.366,366213,0.963,0.0122,11,0.115,-5.301,0,0.142,137,4,0.211,3238
20,Queen,Don't Stop Me Now - …revisited,65,0.0152,0.465,217824,0.917,0.02,5,0.286,-6.331,1,0.237,155,4,0.39,3239
20,Muse,Supermassive Black Hole,74,0.0492,0.668,212440,0.921,0.00517,7,0.0877,-3.727,1,0.0439,120,4,0.782,3240
20,Oasis,Don't Look Back In Anger - Remastered,65,0.0596,0.333,289559,0.922,2.05e-06,0,0.126,-4.087,1,0.0592,163,4,0.335,3241
20,Imagine Dragons,Whatever It Takes,85,0.0362,0.672,201240,0.655,0.0,10,0.117,-5.021,0,0.0311,135,4,0.556,3242
20,Aerosmith,Crazy,73,0.0868,0.37,316693,0.866,0.0,6,0.137,-3.879,0,0.0384,162,3,0.427,3243
20,Melendi,Destino o casualidad,72,0.524,0.557,258504,0.525,0.0,2,0.113,-6.324,1,0.149,153,4,0.362,3244
20,Santana,Corazon Espinado (feat. Mana),65,0.13,0.699,274773,0.789,0.287,11,0.0874,-5.173,0,0.0285,120,4,0.962,3245
20,Imagine Dragons,"Zero - From the Original Motion Picture ""Ralph Breaks The Internet""",78,0.000479,0.634,210933,0.662,0.00142,6,0.111,-7.543,1,0.0325,90,4,0.244,3246
20,Edwin McCain,I'll Be - Acoustic Version,62,0.898,0.496,277667,0.378,1.18e-06,11,0.109,-7.878,1,0.0336,144,3,0.335,3247
20,Van Halen,Eruption - 2015 Remaster,64,0.469,0.225,102080,0.689,0.813,8,0.337,-9.12,1,0.0555,94,4,0.5,3248
20,Pink Floyd,Time,70,0.521,0.358,413947,0.48,0.00428,9,0.178,-11.79,1,0.0849,120,4,0.356,3249
20,Debbie Gibson,Lost in Your Eyes,63,0.46,0.482,213000,0.613,0.000856,7,0.129,-7.462,1,0.0295,144,4,0.238,3250
20,Guns N' Roses,Paradise City,72,0.0214,0.274,406307,0.949,0.00778,11,0.218,-8.642,1,0.0896,100,4,0.497,3251
20,Rush,Limelight,65,0.00197,0.581,259840,0.854,0.0013,1,0.111,-8.485,0,0.0428,131,4,0.788,3252
20,Imagine Dragons,Walking The Wire,74,0.0163,0.54,232907,0.761,0.0,4,0.0941,-5.339,1,0.0372,100,4,0.147,3253
20,Aerosmith,"I Don't Want to Miss a Thing - From the Touchstone film, ""Armageddon""",74,0.172,0.39,299760,0.649,0.0,2,0.216,-5.163,1,0.0345,121,4,0.144,3254
20,Elton John,Nikita,67,0.137,0.634,343240,0.646,0.000172,7,0.0754,-9.316,1,0.0287,87,4,0.744,3255
20,Tame Impala,Mind Mischief,63,0.0845,0.244,271880,0.939,0.000687,6,0.371,-3.112,1,0.0548,161,4,0.857,3256
20,Dropkick Murphys,I'm Shipping Up To Boston,71,0.000706,0.452,153600,0.928,0.000637,2,0.226,-3.133,1,0.079,129,4,0.6,3257
20,Imagine Dragons,Monster,64,0.167,0.472,249493,0.774,0.000278,3,0.132,-5.383,1,0.0824,180,4,0.443,3258
20,John Waite,Missing You,69,0.052,0.552,269760,0.552,0.0,11,0.046,-9.736,0,0.0364,209,4,0.593,3259
20,Bruce Springsteen,I'm on Fire,72,0.589,0.62,155880,0.446,0.0299,1,0.0727,-14.451,0,0.0347,89,4,0.868,3260
20,The Shirelles,Will You Love Me Tomorrow,64,0.438,0.49,162893,0.384,3.17e-05,0,0.539,-11.315,1,0.0275,137,4,0.47,3261
20,Dustin Lynch,Small Town Boy,76,0.0251,0.554,205733,0.743,0.0,9,0.359,-6.016,1,0.0287,73,4,0.673,3262
20,Twenty One Pilots,Legend,70,0.0948,0.716,172560,0.575,0.000257,0,0.0829,-6.209,1,0.0368,86,4,0.797,3263
20,The Script,Rain,64,0.229,0.681,209346,0.587,0.0,6,0.368,-7.638,1,0.11,93,4,0.64,3264
20,Queen,Love Of My Life - Live at Rock in Rio Festival,63,0.807,0.228,268703,0.563,8.63e-06,2,0.809,-11.962,1,0.0953,112,5,0.0713,3265
20,Bring Me The Horizon,Happy Song,67,4.02e-05,0.295,239387,0.924,0.00462,5,0.377,-3.407,1,0.0678,172,4,0.219,3266
20,James Bay,Just For Tonight - Acoustic,62,0.881,0.665,206480,0.464,0.0,10,0.179,-6.811,1,0.034,128,4,0.521,3267
20,The Rolling Stones,Start Me Up - Remastered 2009,76,0.0531,0.638,213067,0.928,0.11,5,0.0875,-4.078,1,0.0388,122,4,0.966,3268
20,Guns N' Roses,November Rain,81,0.0163,0.294,536067,0.641,0.22,11,0.112,-9.316,1,0.0291,80,4,0.226,3269
20,AC/DC,Rock and Roll Ain't Noise Pollution,62,0.041,0.576,266040,0.659,0.0,9,0.0587,-5.617,1,0.0383,95,4,0.717,3270
20,Imagine Dragons,I Bet My Life,65,0.335,0.553,192707,0.657,0.000648,1,0.228,-8.219,1,0.0405,108,4,0.555,3271
20,The Beatles,Help! - Remastered 2009,72,0.188,0.534,139560,0.725,0.0,6,0.0994,-7.576,0,0.0332,95,4,0.763,3272
20,Pink Floyd,Comfortably Numb,75,0.15,0.472,382297,0.366,0.308,11,0.0837,-12.595,0,0.0286,127,4,0.171,3273
20,The Beatles,Here Comes The Sun - Remastered 2009,82,0.0339,0.557,185733,0.54,0.00248,9,0.179,-10.484,1,0.0347,129,4,0.394,3274
20,ONE OK ROCK,Stand Out Fit In,62,0.0178,0.615,214573,0.841,0.0,11,0.133,-5.352,1,0.0416,126,4,0.316,3275
20,Secondhand Serenade,Fall for You (Acoustic),69,0.65,0.433,176947,0.307,0.0,0,0.0635,-8.796,1,0.0327,178,4,0.378,3276
20,W.A.S.P.,I Wanna Be Somebody,64,0.000826,0.285,223533,0.825,0.0,1,0.268,-7.049,0,0.0466,165,4,0.516,3277
20,Lionel Richie,All Night Long (All Night) - Single Version,65,0.122,0.739,260427,0.576,0.00206,1,0.0482,-12.024,1,0.0472,109,4,0.78,3278
20,The Beatles,Oh! Darling - Remastered 2009,66,0.0126,0.422,207240,0.656,0.0279,4,0.268,-8.412,1,0.0397,174,3,0.549,3279
20,Bee Gees,"Stayin' Alive - From ""Saturday Night Fever"" Soundtrack",77,0.07,0.708,281667,0.567,0.00105,10,0.152,-15.539,0,0.0355,104,4,0.955,3280
20,Queen,Good Old-Fashioned Lover Boy - Remastered 2011,64,0.542,0.548,173173,0.485,0.0,3,0.0587,-6.68,1,0.0315,97,4,0.38,3281
20,Lionel Richie,"Say You, Say Me",71,0.367,0.64,241067,0.406,0.0,8,0.0865,-11.129,1,0.0274,128,4,0.233,3282
20,Paul Anka,Put Your Head on My Shoulder,63,0.906,0.549,155080,0.433,0.0108,7,0.0774,-8.526,1,0.0327,116,3,0.486,3283
20,The Beatles,I Am The Walrus - Remastered 2009,64,0.0828,0.401,275867,0.556,0.000359,2,0.589,-10.532,1,0.0513,85,4,0.654,3284
20,Queen,We Will Rock You - Movie Mix,62,0.117,0.64,129093,0.593,1.21e-06,11,0.78,-6.24,0,0.121,81,4,0.407,3285
20,Led Zeppelin,Babe I'm Gonna Leave You - 1990 Remaster,65,0.246,0.404,401067,0.435,0.00074,4,0.156,-12.045,0,0.0323,136,4,0.156,3286
20,Lee Brice,Hard To Love,70,0.0119,0.638,224293,0.722,0.00808,9,0.189,-6.177,1,0.0332,103,4,0.469,3287
20,Imagine Dragons,Believer,89,0.0622,0.776,204347,0.78,0.0,10,0.081,-4.374,0,0.128,125,4,0.666,3288
20,Pink Floyd,Have a Cigar,64,0.407,0.454,307733,0.65,0.0498,4,0.589,-10.191,0,0.0437,120,4,0.72,3289
20,Poison,Nothin' But A Good Time - Remastered 2006,64,0.0202,0.576,224867,0.974,0.0,1,0.348,-2.785,1,0.0828,129,4,0.531,3290
20,Tyrone Wells,And The Birds Sing,65,0.706,0.746,221492,0.406,9.4e-06,2,0.097,-10.709,1,0.0333,84,4,0.692,3291
20,Journey,Faithfully,69,0.0979,0.202,267080,0.644,0.0,11,0.109,-5.212,1,0.0324,85,5,0.252,3292
20,Scorpions,Wind Of Change,77,0.371,0.48,313227,0.535,0.0,0,0.0929,-10.232,1,0.0324,76,4,0.293,3293
20,U2,Beautiful Day,64,0.0144,0.537,248067,0.921,0.00479,2,0.382,-6.474,1,0.0481,136,4,0.467,3294
20,Dire Straits,Walk of Life,62,0.435,0.461,252467,0.936,9.13e-05,4,0.124,-6.866,1,0.109,172,4,0.804,3295
20,The Beatles,And I Love Her - Remastered 2009,66,0.64,0.767,149693,0.331,0.0,1,0.0681,-10.777,0,0.0337,113,4,0.636,3296
20,AC/DC,Let There Be Rock,63,0.000208,0.493,366347,0.727,0.613,11,0.0767,-5.807,0,0.0886,91,4,0.427,3297
20,Bee Gees,"How Deep Is Your Love - From ""Saturday Night Fever"" Soundtrack",72,0.272,0.628,241360,0.198,0.0,5,0.194,-17.526,0,0.0294,105,4,0.616,3298
20,Lee Brice,Boy,67,0.644,0.498,198973,0.408,0.0,6,0.0993,-7.946,1,0.0331,79,4,0.383,3299
20,Queen,Killer Queen - 2011 Remaster,67,0.365,0.526,179356,0.64,1.3e-06,10,0.0958,-6.374,1,0.0472,117,4,0.622,3300
20,Chris Cagle,What Kinda Gone,70,0.257,0.494,181613,0.861,0.0,5,0.103,-5.236,1,0.0365,172,4,0.668,3301
20,The Beatles,Yellow Submarine - Remastered 2009,65,0.531,0.604,158880,0.549,0.0,1,0.438,-9.873,1,0.0389,111,4,0.696,3302
20,AC/DC,Are You Ready,64,0.0165,0.454,250333,0.821,3.55e-06,7,0.13,-4.816,1,0.0324,109,4,0.414,3303
20,The Beatles,All You Need Is Love - Remastered 2009,66,0.346,0.4,230387,0.48,3.1e-05,7,0.155,-7.768,1,0.0295,103,4,0.653,3304
20,Queen,Hammer To Fall - Live Aid,65,0.00515,0.222,243532,0.981,0.000383,9,0.979,-5.846,1,0.0918,141,4,0.153,3305
20,Phil Vassar,Just Another Day In Paradise,69,0.351,0.596,233880,0.706,0.0,2,0.36,-5.562,1,0.0262,146,4,0.704,3306
20,Chris Young,Hangin' On,72,0.0651,0.434,185440,0.831,0.0,8,0.119,-4.774,1,0.0453,156,4,0.596,3307
20,Aerosmith,Amazing,66,0.0645,0.308,356160,0.747,8.27e-05,0,0.431,-5.434,1,0.037,139,4,0.278,3308
20,Imagine Dragons,On Top Of The World,68,0.0893,0.635,189840,0.926,4.53e-06,0,0.0928,-5.589,1,0.151,100,4,0.761,3309
20,Twenty One Pilots,Cancer,69,0.281,0.652,236827,0.295,1.03e-05,2,0.0809,-11.045,1,0.0477,75,4,0.196,3310
20,AC/DC,Hard as a Rock,62,0.0018,0.481,271000,0.724,0.18,4,0.11,-5.642,1,0.0324,116,4,0.2,3311
20,Phil Collins,Against All Odds (Take a Look at Me Now) - 2016 Remaster,72,0.198,0.58,206360,0.498,0.0,1,0.132,-6.901,1,0.0277,116,4,0.111,3312
20,Neil Young,Old Man - 2009 Remaster,68,0.431,0.702,202147,0.244,0.00867,4,0.0963,-15.286,0,0.0355,141,4,0.444,3313
20,Bring Me The Horizon,in the dark,73,0.00736,0.535,271187,0.768,0.0,6,0.661,-4.554,0,0.0577,156,4,0.514,3314
20,Green Day,Brain Stew,64,0.00133,0.559,193000,0.543,2e-05,1,0.0577,-5.429,1,0.302,76,4,0.337,3315
20,Scotty McCreery,This Is It,76,0.254,0.557,230973,0.511,0.0,8,0.099,-6.788,1,0.0291,156,4,0.602,3316
20,AC/DC,T.N.T.,78,0.153,0.754,214667,0.759,0.000114,9,0.101,-5.218,1,0.302,126,4,0.435,3317
20,The Rolling Stones,Ruby Tuesday,63,0.834,0.518,196493,0.543,0.0,0,0.2,-10.766,1,0.0297,105,4,0.579,3318
20,Dire Straits,Money for Nothing,62,0.0491,0.667,506400,0.655,0.000894,2,0.0641,-9.339,0,0.0367,134,4,0.657,3319
20,Jamey Johnson,In Color,68,0.391,0.544,290680,0.404,3.98e-06,3,0.157,-8.751,1,0.0354,130,4,0.251,3320
20,Led Zeppelin,Immigrant Song - Remastered,78,0.013,0.564,146250,0.932,0.169,11,0.349,-10.068,1,0.0554,113,4,0.619,3321
20,Elvis Presley,Don't Be Cruel,62,0.856,0.697,122893,0.55,3.44e-05,2,0.0907,-11.496,1,0.18,85,4,0.844,3322
20,Aerosmith,Dream On,79,0.388,0.307,266960,0.433,9.08e-05,1,0.332,-10.057,1,0.029,161,4,0.224,3323
20,Ramones,I Wanna Be Sedated - Remastered,67,0.169,0.597,149467,0.96,2.89e-05,11,0.105,-3.989,1,0.042,163,4,0.937,3324
20,Toto,I'll Be Over You,68,0.062,0.516,229880,0.277,0.0,10,0.258,-17.85,1,0.0256,82,4,0.412,3325
20,Bring Me The Horizon,i don't know what to say,68,0.0154,0.499,352375,0.728,0.0982,7,0.246,-6.744,0,0.055,92,4,0.239,3326
20,The Beatles,I Saw Her Standing There - Remastered 2009,70,0.27,0.491,173947,0.801,0.0,4,0.0665,-9.835,1,0.0361,160,4,0.971,3327
20,Pink Floyd,The Great Gig in the Sky,67,0.768,0.275,283872,0.216,0.897,5,0.0832,-13.818,1,0.0345,116,4,0.181,3328
20,Van Halen,Runnin' with the Devil - 2015 Remaster,69,0.148,0.472,214960,0.9,0.000297,8,0.34,-6.406,0,0.0582,96,4,0.42,3329
20,Imagine Dragons,Warriors,70,0.0964,0.365,170067,0.851,0.003,4,0.238,-6.238,0,0.065,78,4,0.309,3330
20,Boyce Avenue,In Case You Didn’t Know,62,0.832,0.633,225165,0.299,0.0,11,0.108,-7.798,1,0.0353,148,4,0.341,3331
20,U2,You’re The Best Thing About Me,62,0.00235,0.656,225400,0.772,1.07e-06,2,0.249,-6.688,1,0.0376,117,4,0.822,3332
20,Ricardo Arjona,El Problema,68,0.507,0.626,330373,0.714,0.000851,0,0.101,-3.824,1,0.0259,100,4,0.484,3333
20,Twenty One Pilots,Heathens,82,0.0841,0.732,195920,0.396,3.58e-05,4,0.105,-9.348,0,0.0286,90,4,0.548,3334
20,Thomas Rhett,Life Changes,73,0.105,0.687,190227,0.842,0.0,7,0.0436,-4.382,1,0.058,88,4,0.778,3335
20,U2,Where The Streets Have No Name - Remastered,65,0.011,0.495,337506,0.728,0.00353,2,0.151,-9.549,1,0.0385,126,4,0.218,3336
20,The Beatles,Octopus's Garden - Remastered 2009,62,0.155,0.626,170720,0.512,4.65e-05,1,0.215,-9.15,0,0.0247,92,4,0.73,3337
21,The Interrupters,She's Kerosene,65,0.043,0.577,170453,0.936,1.74e-05,11,0.413,-2.924,0,0.078,169,4,0.899,3338
21,Panteon Rococo,El Último Ska,64,0.153,0.8,274653,0.834,0.0,9,0.172,-4.272,0,0.0425,130,4,0.955,3339
21,Soda Stereo,Te Para 3 - MTV Unplugged,65,0.705,0.53,247000,0.339,0.0103,2,0.709,-9.913,1,0.0271,116,3,0.118,3340
21,Rancid,Time Bomb,63,0.138,0.646,144333,0.962,0.0,9,0.471,-4.862,1,0.0536,165,4,0.961,3341
21,Los Auténticos Decadentes,No Me Importa el Dinero (feat. Julieta Venegas) [Vivo],65,0.348,0.628,234986,0.762,0.0,9,0.774,-5.286,1,0.03,90,4,0.809,3342
21,Los Auténticos Decadentes,Un Osito de Peluche de Taiwán,63,0.0532,0.661,247453,0.964,0.0,2,0.11,-4.105,1,0.0364,102,4,0.597,3343
23,Rag'n'Bone Man,Skin,72,0.265,0.565,239627,0.745,0.0,0,0.147,-7.733,1,0.31,171,4,0.352,3344
23,Amy Winehouse,"Valerie - Live At BBC Radio 1 Live Lounge, London / 2007",68,0.751,0.739,233733,0.365,1.65e-06,5,0.161,-5.731,0,0.0415,96,4,0.699,3345
23,The Dip,Sure Don't Miss You,62,0.334,0.664,174520,0.586,2.96e-06,4,0.16,-7.985,0,0.0283,103,4,0.727,3346
23,Men I Trust,Show Me How,64,0.674,0.791,215111,0.267,0.534,5,0.102,-11.997,1,0.0415,166,4,0.544,3347
23,Frank Ocean,Moon River,69,0.877,0.24,188324,0.116,0.00092,0,0.1,-13.216,1,0.0329,77,3,0.0937,3348
23,Dre'es,Warm (feat. Mia),62,0.888,0.662,255466,0.297,0.108,8,0.119,-14.525,1,0.0301,94,4,0.434,3349
23,Mura Masa,Move Me,64,0.151,0.763,202587,0.52,0.0134,1,0.0974,-8.53,1,0.0974,105,4,0.521,3350
23,Stevie Wonder,For Once In My Life,73,0.195,0.524,169800,0.519,0.0,6,0.523,-11.903,1,0.043,110,4,0.847,3351
23,The Isley Brothers,This Old Heart Of Mine (Is Weak For You),66,0.379,0.618,172733,0.597,0.0,2,0.258,-10.101,0,0.0314,130,4,0.924,3352
23,Commodores,Easy,76,0.147,0.598,256427,0.353,3.91e-05,10,0.0592,-15.06,0,0.0343,132,4,0.342,3353
23,Amy Winehouse,Love Is A Losing Game,68,0.317,0.48,154160,0.561,0.00641,0,0.184,-5.874,1,0.027,165,4,0.541,3354
23,Alicia Keys,Raise A Man,68,0.831,0.244,373703,0.482,2.27e-05,6,0.0894,-5.574,0,0.0305,170,4,0.41,3355
23,Candi Staton,Young Hearts Run Free,65,0.13,0.653,248360,0.652,1.58e-05,7,0.202,-9.304,0,0.0427,115,4,0.846,3356
23,Holmsey,Wilder,65,0.77,0.659,218936,0.543,0.865,2,0.088,-9.993,1,0.0311,94,4,0.144,3357
23,Bill Withers,Lovely Day,73,0.292,0.69,254560,0.651,0.00241,9,0.105,-8.267,1,0.0324,98,4,0.706,3358
23,John Legend,All of Me,85,0.922,0.422,269560,0.264,0.0,8,0.132,-7.064,1,0.0322,120,4,0.331,3359
23,The Gap Band,"Outstanding - Original 12"" Mix",64,0.373,0.792,376640,0.51,0.012,6,0.0319,-10.649,1,0.0402,99,4,0.84,3360
23,Parliament,Flash Light,63,0.28,0.704,346667,0.735,0.149,10,0.475,-10.426,1,0.0594,105,4,0.681,3361
23,Four Tops,Loco in Acapulco,63,0.413,0.818,274067,0.705,0.0,4,0.0269,-9.609,1,0.0329,123,4,0.965,3362
23,Barry White,"You're The First, The Last, My Everything",68,0.00367,0.631,208933,0.59,0.00299,5,0.0537,-12.138,1,0.0297,130,4,0.927,3363
23,Mura Masa,Complicated,64,0.375,0.867,213907,0.639,0.0111,7,0.225,-5.778,0,0.0888,100,4,0.736,3364
23,Amy Winehouse,Our Day Will Come,64,0.0405,0.705,169373,0.634,3.53e-05,5,0.349,-6.083,0,0.0282,98,4,0.639,3365
23,Jr. Walker & The All Stars,How Sweet It Is (To Be Loved By You),65,0.719,0.611,182440,0.665,0.0,1,0.671,-8.187,1,0.0669,125,4,0.772,3366
23,Marvin Gaye,Let's Get It On,65,0.0379,0.543,290960,0.62,1.19e-06,8,0.0559,-10.629,1,0.0648,167,4,0.607,3367
23,Otis Redding,Stand by Me,71,0.279,0.883,172333,0.464,1.51e-05,10,0.0744,-11.251,1,0.0591,112,4,0.925,3368
23,Aretha Franklin,Think,67,0.249,0.687,139733,0.63,0.0,6,0.221,-10.817,1,0.0389,110,4,0.926,3369
23,The Five Stairsteps,O-o-h Child - Remastered,66,0.00154,0.488,197160,0.754,2.42e-05,5,0.678,-7.95,0,0.0381,88,4,0.664,3370
23,The O'Jays,Love Train,69,0.186,0.744,178400,0.568,1.18e-05,0,0.163,-9.629,1,0.0494,123,4,0.687,3371
23,Verzache,January,62,0.933,0.689,196364,0.246,0.0534,4,0.113,-13.33,1,0.0379,88,4,0.18,3372
23,Stevie Wonder,"Signed, Sealed, Delivered (I'm Yours)",67,0.0518,0.672,161160,0.595,0.0,5,0.0882,-11.227,1,0.0331,109,4,0.871,3373
23,Mazde,Wicked Winds,65,0.228,0.686,232414,0.634,0.0667,0,0.134,-6.856,1,0.0369,98,4,0.234,3374
23,Mura Masa,What If I Go? (feat. Bonzai),62,0.194,0.56,195467,0.533,1.4e-05,7,0.0919,-7.804,1,0.388,200,4,0.908,3375
23,Aretha Franklin,Chain of Fools,63,0.209,0.761,168933,0.605,0.0,10,0.135,-9.899,1,0.0498,117,4,0.941,3376
23,Stevie Wonder,Sir Duke,72,0.16,0.576,234093,0.579,0.0,6,0.0777,-9.628,1,0.0769,107,4,0.947,3377
23,Fontella Bass,Rescue Me,64,0.685,0.674,171027,0.552,2.63e-05,7,0.102,-9.408,1,0.032,123,4,0.963,3378
