genre,artist_name,track_name,popularity,acousticness,danceability,duration_ms,energy,instrumentalness,key,liveness,loudness,mode,speechiness,tempo,time_signature,valence,item_id
R&B,Olivia O'Brien,Love Myself,68,0.596,0.653,213947,0.621,0.0,B,0.0811,-5.721,Minor,0.0409,100.006,4/4,0.466,58
R&B,Frank Ocean,Seigfried,66,0.975,0.377,334570,0.255,0.000208,E,0.102,-11.165,Minor,0.0387,125.004,5/4,0.37,19
R&B,Usher,You Make Me Wanna...,69,0.0359,0.761,219120,0.639,0.0,F,0.0945,-7.577,Minor,0.0539,164.088,4/4,0.922,90
R&B,Mariah Carey,Hero,71,0.735,0.501,257733,0.378,0.0,E,0.119,-9.37,Major,0.029,119.987,4/4,0.178,52
R&B,Jason Derulo,Tip Toe (feat. French Montana),76,0.0233,0.845,187521,0.709,0.0,A#,0.094,-4.547,Minor,0.0714,98.062,4/4,0.62,3
R&B,Roy Woods,Get You Good,68,0.0306,0.69,226632,0.502,0.0,C,0.145,-7.077,Minor,0.0638,86.185,4/4,0.329,49
R&B,Tove Lo,Habits (Stay High),67,0.0703,0.733,209160,0.65,6.59e-05,F,0.0829,-3.539,Major,0.0315,110.003,4/4,0.348,67
R&B,Miguel,Remember Me (Dúo),66,0.426,0.612,164453,0.548,0.0,C,0.502,-6.71,Major,0.0351,84.991,4/4,0.617,93
R&B,PARTYNEXTDOOR,Wus Good / Curious,67,0.0727,0.344,212880,0.537,0.000127,G#,0.225,-8.215,Minor,0.079,82.878,5/4,0.453,68
R&B,MIKExANGEL,Complicated,64,0.107,0.577,192984,0.516,0.0,A,0.325,-7.616,Major,0.259,118.364,4/4,0.343,18
R&B,Dreezy,Body,62,0.552,0.735,232707,0.567,0.0,C,0.0659,-5.962,Major,0.0635,149.968,4/4,0.574,92
R&B,PJ Morton,Say So (feat. JoJo),63,0.591,0.502,212973,0.409,0.0,C,0.113,-7.581,Major,0.0512,75.231,4/4,0.234,81
R&B,Usher,OMG (feat. will.i.am),70,0.198,0.781,269493,0.745,1.14e-05,E,0.36,-5.81,Minor,0.0332,129.998,4/4,0.326,37
R&B,Jacquees,Inside feat. Trey Songz,64,0.0163,0.71,248467,0.578,0.0,B,0.246,-5.84,Minor,0.0604,125.969,4/4,0.512,41
R&B,Wale,Lotus Flower Bomb (feat. Miguel),65,0.611,0.512,213253,0.598,0.0,A,0.0881,-4.959,Minor,0.115,70.189,4/4,0.345,44
R&B,Kiana Ledé,Wicked Games,62,0.447,0.789,181267,0.435,0.0,C#,0.135,-7.042,Minor,0.0599,72.973,3/4,0.456,22
R&B,Jason Derulo,Ridin' Solo,63,0.128,0.442,215747,0.83,0.0,A,0.129,-4.02,Major,0.146,89.338,4/4,0.578,36
R&B,DJ Khaled,All I Do Is Win,70,0.0104,0.549,227293,0.791,0.0,A#,0.444,-3.535,Major,0.133,150.094,4/4,0.293,96
R&B,Demi Lovato,You Don't Do It For Me Anymore,66,0.0978,0.583,197720,0.435,0.0,F,0.0763,-6.389,Minor,0.0478,128.035,3/4,0.129,48
R&B,Mario,How Do I Breathe,67,0.215,0.684,216893,0.455,1.08e-06,F,0.263,-8.216,Major,0.0307,97.956,4/4,0.487,88
R&B,Jagged Edge,Where the Party At,70,0.31,0.596,232573,0.661,0.0,F,0.0847,-6.239,Minor,0.226,129.491,5/4,0.86,62
R&B,GoldLink,Got Friends,67,0.104,0.691,226963,0.75,0.0,A#,0.123,-3.934,Minor,0.347,143.744,4/4,0.345,28
R&B,Jarreau Vandal,Someone That You Love,64,0.558,0.737,177063,0.429,0.0,E,0.142,-8.261,Major,0.0665,105.059,4/4,0.44,59
R&B,BJ The Chicago Kid,Roses,64,0.38,0.655,181144,0.597,0.0,C,0.11,-7.269,Minor,0.0912,110.01,4/4,0.219,72
R&B,SZA,Prom,64,0.0658,0.805,196133,0.702,0.0,C#,0.123,-4.877,Major,0.0887,120.041,4/4,0.225,53
R&B,James Blake,Power On,65,0.849,0.649,246400,0.468,0.00706,D,0.106,-10.951,Major,0.0447,92.489,4/4,0.618,50
R&B,Daniel Caesar,Violet,62,0.748,0.688,144000,0.425,0.00548,E,0.101,-8.134,Minor,0.027,129.975,4/4,0.179,54
R&B,Beyoncé,Dance for You,66,0.0322,0.616,377467,0.78,0.0,D,0.173,-6.062,Major,0.0623,110.005,4/4,0.471,20
R&B,Yo Trane,High off You,62,0.472,0.631,179293,0.319,0.0,C,0.303,-13.056,Minor,0.315,80.048,4/4,0.345,46
R&B,Ne-Yo,Sexy Love,68,0.265,0.622,220853,0.503,0.000473,G#,0.0596,-6.417,Major,0.0433,93.984,4/4,0.58,51
R&B,August Alsina,Kissin' On My Tattoos,63,0.00648,0.577,251893,0.625,0.0,D,0.364,-8.346,Minor,0.0423,120.133,4/4,0.184,4
R&B,Doja Cat,Go To Town,64,0.0716,0.71,217813,0.71,1.07e-06,C,0.206,-2.474,Major,0.0579,169.944,4/4,0.7,24
R&B,Charli XCX,Boys,72,0.0646,0.867,162586,0.545,0.000289,D,0.0505,-5.192,Major,0.0625,139.943,4/4,0.525,9
R&B,Tobi Lou,Buff Baby,62,0.19,0.736,215385,0.643,0.0,F,0.106,-8.636,Major,0.0461,156.002,4/4,0.599,76
R&B,Chris Brown,Back To Sleep,66,0.0424,0.647,201253,0.646,0.0,A,0.0888,-5.483,Minor,0.243,92.981,4/4,0.721,79
Alternative,Joji,YEAH RIGHT,76,0.619,0.672,174358,0.588,0.241,C#,0.0992,-9.573,Major,0.133,169.033,4/4,0.204,204
Alternative,Smash Mouth,All Star,78,0.0319,0.731,200373,0.861,0.0,B,0.0829,-5.881,Major,0.0323,104.034,4/4,0.78,265
Alternative,Jhene Aiko,Triggered (freestyle),73,0.81,0.471,211227,0.411,0.0,C,0.135,-9.5,Major,0.295,89.484,1/4,0.363,191
Alternative,Oliver Tree,Hurt,71,0.0209,0.561,145558,0.782,0.0,C,0.315,-5.863,Major,0.04,94.004,4/4,0.486,152
Alternative,Kid Rock,All Summer Long,72,0.0212,0.7,297587,0.864,0.0,G,0.0956,-3.629,Major,0.0283,102.997,4/4,0.887,306
Alternative,6LACK,Pretty Little Fears (feat. J. Cole),74,0.711,0.611,240342,0.466,0.000264,A,0.0847,-11.361,Major,0.372,192.08,4/4,0.223,193
Alternative,Foo Fighters,Everlong,74,5.96e-05,0.412,250547,0.882,0.00031,B,0.0805,-5.54,Minor,0.0369,158.066,4/4,0.356,287
Alternative,3 Doors Down,Kryptonite,75,0.00664,0.545,233933,0.865,1.12e-05,B,0.168,-5.708,Minor,0.0286,99.01,4/4,0.543,259
Alternative,The White Stripes,Seven Nation Army,72,0.00817,0.737,231733,0.463,0.447,C,0.255,-7.828,Major,0.0792,123.881,4/4,0.324,315
Alternative,MGMT,Electric Feel,74,0.0714,0.763,229640,0.807,0.28,C#,0.348,-3.714,Major,0.035,103.038,3/4,0.559,207
Alternative,The 1975,Somebody Else,71,0.202,0.611,347520,0.799,0.0277,C,0.123,-5.719,Major,0.0641,101.038,4/4,0.51,155
Alternative,System Of A Down,Chop Suey!,77,0.000278,0.419,210240,0.934,0.0015,G,0.132,-3.908,Minor,0.12,127.288,4/4,0.286,143
Alternative,grandson,Blood // Water,68,0.00163,0.504,214520,0.891,0.00199,F#,0.148,-5.632,Minor,0.137,153.988,4/4,0.628,123
Alternative,Weezer,Island In The Sun,74,0.00719,0.654,200307,0.81,0.00251,E,0.165,-6.26,Minor,0.0288,114.623,4/4,0.661,277
Alternative,Still Woozy,Habit,69,0.27,0.766,153857,0.402,0.0007,C#,0.106,-11.155,Major,0.107,125.107,4/4,0.466,251
Alternative,Frank Ocean,Chanel,73,0.874,0.776,210285,0.503,0.0,C,0.112,-5.732,Minor,0.237,110.134,4/4,0.473,184
Alternative,Counting Crows,Mr. Jones,75,0.211,0.581,272507,0.817,1.42e-06,C,0.246,-6.542,Major,0.0382,141.607,4/4,0.779,295
Alternative,Red Hot Chili Peppers,Can't Stop,77,0.0179,0.618,269000,0.938,0.0,A,0.167,-3.442,Major,0.0456,91.455,4/4,0.875,161
Alternative,Toploader,Dancing in the Moonlight - 2001 Remix,63,0.0217,0.748,233573,0.842,4.24e-06,A#,0.357,-3.107,Major,0.0265,119.023,4/4,0.945,230
Alternative,Joji,Will He,70,0.837,0.618,202103,0.217,0.000163,A#,0.538,-15.372,Major,0.0515,116.013,4/4,0.0872,281
Alternative,Red Hot Chili Peppers,Snow (Hey Oh),76,0.127,0.432,335067,0.895,1.16e-05,B,0.141,-3.682,Major,0.0504,104.458,4/4,0.625,237
Alternative,Bad Wolves,Zombie,70,0.00756,0.448,254805,0.826,0.0,D,0.117,-3.244,Minor,0.0319,77.093,4/4,0.19,312
Alternative,The Revivalists,Wish I Knew You,67,0.13,0.651,274093,0.716,0.0616,C,0.125,-6.516,Minor,0.0258,101.05,4/4,0.722,181
Alternative,Alina Baraz,Electric (feat. Khalid),70,0.738,0.599,246327,0.396,2.19e-05,A#,0.102,-10.489,Minor,0.0392,111.072,4/4,0.134,166
Alternative,Jhene Aiko,Sativa,70,0.315,0.741,276960,0.61,0.0,F#,0.534,-7.34,Minor,0.0512,125.99,4/4,0.72,160
Alternative,Alice In Chains,Man in the Box,68,0.00229,0.346,284427,0.765,7.54e-06,G#,0.213,-8.558,Major,0.0413,106.463,4/4,0.644,248
Alternative,The Offspring,"You're Gonna Go Far, Kid",74,0.00511,0.546,177827,0.905,0.0,C,0.211,-3.103,Major,0.0671,126.12,4/4,0.598,252
Alternative,Duckwrth,Start a Riot,69,0.0128,0.728,171467,0.727,0.0,D,0.0882,-3.585,Major,0.206,143.144,4/4,0.89,177
Alternative,KALEO,Way Down We Go,73,0.579,0.489,213707,0.505,0.000333,A#,0.104,-8.022,Minor,0.117,163.255,4/4,0.337,267
Alternative,Foo Fighters,The Pretender,73,0.000917,0.433,269373,0.959,0.0,A,0.028,-4.04,Major,0.0431,172.984,4/4,0.365,175
Alternative,DaniLeigh,Easy - Remix,72,0.195,0.799,186587,0.301,0.0,G,0.0816,-11.361,Major,0.185,100.026,4/4,0.511,101
Alternative,Frank Ocean,Self Control,70,0.765,0.572,249668,0.209,0.0,G#,0.356,-10.413,Major,0.0313,80.069,4/4,0.446,159
Alternative,Seether,Fake It,71,0.00131,0.615,193893,0.949,3.04e-06,G#,0.0585,-3.52,Major,0.0549,131.985,4/4,0.586,223
Alternative,Chevelle,The Red,66,0.000671,0.509,238400,0.843,0.000803,C#,0.348,-3.318,Minor,0.0488,140.055,3/4,0.332,146
Alternative,Red Hot Chili Peppers,Dani California,73,0.017,0.553,283000,0.865,1.05e-05,A,0.267,-4.751,Minor,0.0409,96.161,4/4,0.735,294
Alternative,The Goo Goo Dolls,Iris,75,0.00125,0.315,289533,0.715,7.97e-06,B,0.0942,-8.072,Minor,0.0362,155.925,3/4,0.497,311
Alternative,Alina Baraz,Floating (feat. Khalid),69,0.81,0.66,174490,0.447,2.15e-06,C#,0.11,-9.026,Minor,0.0482,84.95,4/4,0.578,221
Alternative,Weezer,Say It Ain't So,70,0.00717,0.624,258827,0.517,1.4e-05,D#,0.0687,-7.122,Major,0.0322,151.695,4/4,0.42,202
Alternative,6LACK,PRBLMS,71,0.0307,0.417,246773,0.58,1.45e-06,A,0.179,-4.574,Major,0.207,68.58,5/4,0.139,245
Alternative,Theory of a Deadman,Rx (Medicate),68,0.0133,0.639,233173,0.71,0.0,C#,0.118,-7.445,Major,0.0275,119.989,4/4,0.378,116
Alternative,Puddle Of Mudd,Blurry,63,0.01,0.44,304000,0.929,0.0,D#,0.142,-4.494,Minor,0.0525,157.49,4/4,0.495,113
Alternative,The 1975,It's Not Living (If It's Not With You),71,0.000297,0.618,248336,0.824,6.87e-05,C#,0.0649,-5.316,Major,0.0301,121.238,4/4,0.598,279
Alternative,Kiana Ledé,Bouncin (feat. Offset),69,0.15,0.942,172493,0.557,2.97e-05,G#,0.103,-8.433,Major,0.307,100.986,4/4,0.77,134
Alternative,Summer Walker,Girls Need Love,69,0.558,0.645,140760,0.418,0.0003,F#,0.562,-10.065,Minor,0.29,96.963,4/4,0.123,293
Alternative,The Smashing Pumpkins,Bullet With Butterfly Wings - Remastered 2012,69,5.59e-05,0.404,258467,0.72,0.836,A#,0.0466,-9.18,Minor,0.0626,121.649,4/4,0.475,128
Alternative,Three Days Grace,Animal I Have Become,69,0.000684,0.553,231400,0.853,0.0,G#,0.126,-3.668,Major,0.0339,122.023,4/4,0.506,189
Alternative,Joji,WANTED U,66,0.105,0.305,251015,0.715,0.0495,G,0.0906,-7.54,Major,0.0554,82.977,4/4,0.29,250
Alternative,Gorillaz,On Melancholy Hill,71,1.51e-05,0.689,233867,0.739,0.509,D,0.064,-5.81,Major,0.026,120.423,4/4,0.578,273
Alternative,Two Door Cinema Club,What You Know,66,0.000715,0.561,191707,0.741,1.4e-05,F#,0.0822,-4.239,Minor,0.0419,139.001,4/4,0.776,153
Alternative,Mazzy Star,Fade Into You,69,0.245,0.42,295600,0.33,0.000679,A,0.0677,-13.925,Major,0.0275,157.143,3/4,0.175,257
Alternative,The Score,Legend,69,0.0136,0.599,189120,0.749,0.000118,D,0.0711,-3.275,Major,0.0279,82.011,4/4,0.488,263
Alternative,Nirvana,Lithium,65,0.00203,0.68,257053,0.65,0.0,G,0.0622,-6.336,Major,0.0378,123.238,4/4,0.486,303
Alternative,Collective Soul,Shine,65,0.294,0.54,306040,0.423,0.0884,F#,0.152,-8.799,Major,0.0283,150.135,4/4,0.353,308
Alternative,Alien Ant Farm,Smooth Criminal,70,0.00434,0.647,209267,0.964,0.0036,A,0.15,-4.225,Minor,0.06,126.942,4/4,0.875,270
Alternative,Alice In Chains,Rooster,65,0.0307,0.269,374333,0.551,0.000619,A#,0.118,-8.456,Minor,0.0274,144.408,3/4,0.202,158
Alternative,Bush,Glycerine,63,0.0371,0.437,266493,0.337,0.000946,F,0.0981,-11.439,Major,0.0326,114.239,4/4,0.0784,127
Alternative,Kiana Ledé,EX,70,0.231,0.763,222387,0.537,0.0,A,0.109,-7.018,Minor,0.246,73.51,4/4,0.426,157
Alternative,The 1975,TOOTIMETOOTIMETOOTIME,69,0.209,0.667,207851,0.798,0.015,G#,0.0972,-5.935,Major,0.0675,114.981,4/4,0.485,180
Alternative,The Wallflowers,One Headlight,69,0.00106,0.701,312587,0.564,0.00277,D,0.0657,-9.039,Major,0.0294,107.533,4/4,0.723,206
Alternative,Joji,Demons,65,0.416,0.464,176804,0.378,0.0917,D,0.0966,-11.354,Minor,0.143,164.486,5/4,0.037,162
Alternative,Cautious Clay,Cold War,65,0.274,0.654,202597,0.47,0.249,C#,0.103,-10.383,Minor,0.0586,77.083,4/4,0.462,256
Alternative,Shoffy,Cool Again,71,0.443,0.774,191935,0.45,3.28e-05,B,0.127,-6.86,Major,0.0896,90.055,4/4,0.648,321
Alternative,Third Eye Blind,Jumper - 1998 Edit,65,0.0129,0.599,272973,0.543,0.00193,C,0.291,-9.226,Major,0.0302,91.105,4/4,0.624,169
Alternative,Frank Ocean,Novacane,67,0.0726,0.764,302347,0.509,0.000603,D#,0.162,-9.208,Major,0.104,93.505,4/4,0.383,258
Alternative,My Darkest Days,Porn Star Dancing,63,0.0199,0.474,199013,0.923,0.0,D,0.0673,-3.405,Major,0.0897,160.035,4/4,0.347,298
Alternative,3 Doors Down,When I'm Gone,66,0.00457,0.496,260507,0.765,0.0,G,0.104,-5.66,Major,0.033,74.072,4/4,0.337,192
Alternative,The Strokes,Last Nite,65,0.0223,0.624,193373,0.899,0.000155,C,0.0975,-5.71,Major,0.0295,104.055,4/4,0.797,126
Alternative,System Of A Down,Aerials,70,0.000918,0.364,235053,0.922,0.035,C,0.0696,-4.217,Minor,0.0566,79.342,4/4,0.227,247
Alternative,Beck,Loser,66,0.0341,0.66,235000,0.627,9.64e-05,F#,0.385,-10.397,Minor,0.124,85.44,4/4,0.789,264
Alternative,Linkin Park,Crawling,70,0.0466,0.58,208960,0.702,3.2e-06,E,0.536,-5.565,Major,0.0337,105.076,4/4,0.299,254
Alternative,Weezer,Beverly Hills,66,0.0932,0.693,196093,0.823,0.0,F,0.328,-3.761,Major,0.0726,87.904,4/4,0.741,125
Alternative,Drowning Pool,Bodies,69,0.00347,0.656,201960,0.932,0.00147,E,0.144,-3.405,Minor,0.0708,130.936,4/4,0.544,102
Alternative,Spin Doctors,Two Princes,69,0.00162,0.543,256733,0.912,2.1e-06,G,0.0565,-10.71,Major,0.0601,103.731,4/4,0.836,231
Alternative,The Score,Unstoppable,67,0.00146,0.469,192107,0.845,3.16e-05,C#,0.148,-3.936,Minor,0.0499,77.99,4/4,0.564,235
Alternative,Incubus,Pardon Me,63,0.00114,0.579,223747,0.812,0.00333,C#,0.115,-6.509,Minor,0.0693,152.002,4/4,0.278,178
Alternative,Shinedown,Sound of Madness,64,4.93e-05,0.328,233987,0.939,0.0065,D,0.337,-1.654,Minor,0.0423,185.971,4/4,0.329,242
Alternative,Jhene Aiko,The Worst,66,0.237,0.524,254493,0.417,1.19e-06,C#,0.139,-9.283,Minor,0.0578,93.59,4/4,0.109,197
Alternative,Sum 41,In Too Deep,71,0.000178,0.577,207093,0.838,1.07e-06,A,0.0588,-5.793,Major,0.0586,116.048,4/4,0.802,249
Alternative,grandson,Apologize,64,0.00121,0.535,198694,0.836,0.0,D,0.102,-5.593,Major,0.0746,85.005,4/4,0.443,317
Alternative,Seether,Remedy,65,0.00018,0.546,207213,0.959,0.00144,G#,0.0584,-4.664,Major,0.082,127.831,4/4,0.416,108
Alternative,The 1975,Chocolate,62,0.00391,0.591,224640,0.94,0.0,B,0.383,-4.341,Major,0.0522,100.043,4/4,0.676,137
Alternative,for KING & COUNTRY,God Only Knows,64,0.395,0.597,229760,0.417,8.35e-06,D,0.128,-7.952,Major,0.0502,143.839,4/4,0.263,305
Alternative,Tierra Whack,Pretty Ugly,62,0.22,0.941,60000,0.656,1.06e-05,C,0.121,-8.178,Major,0.154,109.908,4/4,0.382,112
Alternative,6LACK,Ex Calling,67,0.00561,0.773,211960,0.564,1.99e-05,C#,0.213,-7.241,Major,0.249,155.976,4/4,0.0588,99
Alternative,Slipknot,Psychosocial,68,0.00252,0.576,283400,0.989,0.0032,D,0.0243,-1.909,Major,0.112,135.093,4/4,0.352,224
Alternative,Avenged Sevenfold,Shepherd of Fire,64,0.000332,0.576,323800,0.906,0.0614,D,0.0908,-7.677,Major,0.0571,127.935,4/4,0.211,183
Alternative,Still Woozy,Lava,62,0.304,0.623,157303,0.615,0.00874,C#,0.25,-10.064,Major,0.146,169.137,4/4,0.672,323
Alternative,Two Door Cinema Club,Undercover Martyn,63,0.00025,0.442,167773,0.872,1.74e-05,D,0.0602,-5.072,Major,0.123,159.867,4/4,0.568,272
Alternative,Janelle Monáe,Make Me Feel,67,0.132,0.859,194230,0.413,0.0,C#,0.334,-7.399,Major,0.182,115.035,4/4,0.697,168
Alternative,Linkin Park,BURN IT DOWN,69,0.0143,0.585,230253,0.972,0.0,A,0.0707,-4.45,Minor,0.0534,110.006,4/4,0.585,301
Alternative,Third Eye Blind,How's It Going to Be,64,0.00327,0.562,253413,0.593,0.00139,F,0.0967,-9.362,Major,0.0263,80.289,4/4,0.574,286
Alternative,GoldLink,"U Say (feat. Tyler, The Creator & Jay Prince)",66,0.0673,0.694,200801,0.665,0.000187,D,0.117,-7.626,Major,0.266,115.068,4/4,0.378,304
Alternative,The Black Keys,Walk Across The Water,68,0.329,0.418,235842,0.583,0.769,A,0.238,-7.296,Major,0.0257,79.594,4/4,0.327,318
Alternative,The Neighbourhood,Afraid,65,0.00892,0.464,251187,0.701,0.309,F#,0.335,-5.693,Minor,0.0411,83.996,4/4,0.356,131
Alternative,The Raconteurs,"Steady, As She Goes",67,0.0132,0.524,215267,0.578,0.00921,A,0.108,-4.563,Major,0.12,123.669,4/4,0.537,280
Alternative,Soundgarden,Fell On Black Days,63,0.00165,0.573,283027,0.75,0.000285,E,0.131,-5.718,Minor,0.0272,101.049,3/4,0.544,188
Alternative,Souls Of Mischief,93 'Til Infinity,67,0.125,0.59,286440,0.672,1.04e-06,C#,0.147,-11.792,Major,0.412,206.247,4/4,0.688,290
Alternative,Nickelback,Far Away,66,0.000696,0.518,238173,0.797,0.0,F#,0.107,-5.153,Major,0.0309,132.915,4/4,0.293,292
Alternative,A Perfect Circle,Judith,63,3.32e-05,0.365,247267,0.894,0.171,B,0.267,-4.682,Minor,0.0572,82.305,3/4,0.31,227
Alternative,Frank Ocean,Provider,64,0.74,0.654,243238,0.325,2.14e-05,D,0.152,-11.925,Major,0.282,139.886,4/4,0.39,222
Alternative,Alina Baraz,Fantasy,62,0.353,0.68,218947,0.747,0.0,E,0.138,-6.056,Minor,0.091,113.933,4/4,0.331,241
Alternative,Creed,My Sacrifice,66,0.000101,0.32,294600,0.88,4.31e-06,D,0.076,-6.035,Major,0.0504,146.349,4/4,0.257,217
Alternative,Ween,Ocean Man,64,0.551,0.72,126947,0.912,0.00122,E,0.0982,-6.13,Major,0.0363,122.782,4/4,0.973,234
Alternative,Tonic,If You Could Only See,63,0.00222,0.443,261533,0.94,0.0,A#,0.263,-5.107,Minor,0.04,95.196,4/4,0.521,274
Alternative,Summer Walker,CPR,64,0.637,0.693,203240,0.369,0.00335,G,0.0951,-12.683,Minor,0.175,140.148,4/4,0.141,139
Alternative,The Black Keys,Lonely Boy,69,0.00417,0.356,193653,0.872,0.00975,D,0.0997,-7.837,Major,0.068,166.3,4/4,0.607,236
Alternative,Theory of a Deadman,Angel,64,0.00251,0.443,202213,0.844,0.0,B,0.085,-5.414,Minor,0.0425,76.001,4/4,0.452,186
Alternative,6LACK,Luving U,64,0.0886,0.723,252893,0.471,0.000881,A#,0.112,-9.506,Major,0.122,121.962,4/4,0.135,291
Alternative,Nickelback,If Today Was Your Last Day,65,8.67e-05,0.485,249067,0.911,0.0,D#,0.092,-5.749,Major,0.0355,89.956,4/4,0.568,167
Alternative,Crazy Town,Butterfly,67,0.00132,0.736,216733,0.811,0.000142,A,0.107,-4.17,Minor,0.081,103.502,4/4,0.609,232
Alternative,Chris Tomlin,Good Good Father,63,0.315,0.429,293398,0.587,0.0,A,0.108,-4.588,Major,0.0275,145.003,3/4,0.164,302
Alternative,GoldLink,Herside Story,65,0.656,0.885,183760,0.595,4.42e-06,G,0.105,-5.487,Major,0.286,148.034,4/4,0.754,266
Alternative,grandson,Despicable,63,0.0123,0.576,223893,0.782,0.00241,C#,0.467,-6.167,Major,0.0346,87.971,4/4,0.367,135
Alternative,Blood Orange,Dark & Handsome,65,0.689,0.584,153750,0.389,0.0,B,0.319,-12.315,Major,0.154,79.976,4/4,0.288,142
Alternative,Gorillaz,Humility (feat. George Benson),64,0.144,0.632,197933,0.807,0.0211,C,0.125,-5.893,Major,0.126,160.174,4/4,0.784,309
Alternative,Passion Pit,Take a Walk,65,0.0338,0.566,264493,0.755,0.0,B,0.315,-5.526,Major,0.0368,101.006,4/4,0.445,289
Alternative,Pearl Jam,Last Kiss,67,0.363,0.622,195467,0.692,0.000158,G,0.193,-6.97,Major,0.0276,112.053,4/4,0.774,119
Alternative,dvsn,Miss Me?,65,0.0778,0.822,219667,0.521,0.000102,C#,0.0945,-6.347,Minor,0.102,76.013,4/4,0.22,260
Alternative,System Of A Down,Lonely Day,68,0.362,0.47,167907,0.796,1.11e-06,G#,0.133,-3.277,Minor,0.0336,113.108,3/4,0.215,246
Alternative,Limp Bizkit,Break Stuff,68,0.0125,0.426,166707,0.894,0.00041,G#,0.187,-6.699,Major,0.174,108.725,4/4,0.63,219
Alternative,Pearl Jam,Yellow Ledbetter,66,0.29,0.504,303587,0.354,4.71e-06,E,0.157,-11.3,Major,0.0339,140.87,4/4,0.292,205
Alternative,Janelle Monáe,I Like That,64,0.0323,0.482,200338,0.453,0.00243,C,0.149,-8.864,Major,0.059,134.799,4/4,0.17,255
Alternative,The Black Keys,Lo/Hi,66,0.0151,0.606,177768,0.679,0.000433,D,0.0962,-7.445,Major,0.0321,122.016,4/4,0.707,187
Alternative,Hollywood Undead,Undead,62,0.0146,0.511,265053,0.937,0.0,D,0.304,-5.116,Minor,0.115,163.141,4/4,0.484,243
Alternative,The Score,Stronger,64,0.0232,0.267,190987,0.67,0.0,D,0.312,-4.688,Minor,0.0807,191.883,3/4,0.114,149
Alternative,Sabrina Claudio,Confidently Lost,63,0.272,0.666,209885,0.39,9.39e-06,F,0.111,-8.575,Major,0.0838,113.866,4/4,0.325,103
Alternative,The Score,Glory,64,0.111,0.564,166693,0.613,3.22e-06,B,0.0825,-5.055,Major,0.0318,84.951,4/4,0.48,271
Alternative,Hoobastank,The Reason,71,0.0105,0.474,232800,0.672,0.0,E,0.142,-4.678,Major,0.028,83.029,4/4,0.0649,109
Alternative,grandson,Bury Me Face Down,62,0.0187,0.39,231667,0.629,4.12e-05,C#,0.0658,-4.876,Minor,0.0469,141.983,4/4,0.162,144
Alternative,The Offspring,Pretty Fly (For A White Guy),70,0.112,0.722,188667,0.901,0.0,B,0.0674,-3.66,Minor,0.105,143.401,4/4,0.963,216
Alternative,GoldLink,Maniac,63,0.0674,0.812,189613,0.606,0.00245,C#,0.173,-6.768,Major,0.0448,132.976,4/4,0.0813,320
Alternative,Slipknot,Wait and Bleed,67,0.00208,0.382,147840,0.996,0.0,G,0.417,-4.119,Major,0.104,93.345,4/4,0.327,225
Alternative,Rage Against The Machine,Testify,63,0.0261,0.47,210133,0.978,1.09e-05,G,0.356,-5.399,Major,0.0727,117.906,4/4,0.503,150
Alternative,Limp Bizkit,Rollin' (Air Raid Vehicle),70,0.00506,0.599,213760,0.932,0.0,A,0.269,-3.328,Major,0.18,96.234,4/4,0.692,173
Alternative,The Neighbourhood,Cry Baby,65,0.00269,0.581,235160,0.656,2.78e-06,E,0.101,-4.891,Minor,0.0294,108.033,4/4,0.338,106
Alternative,Mudvayne,Happy?,64,0.000823,0.546,216427,0.971,2.11e-05,F,0.275,-2.661,Minor,0.0965,100.078,4/4,0.383,300
Alternative,The 1975,I Always Wanna Die (Sometimes),64,0.00499,0.368,314663,0.511,0.000728,E,0.117,-5.477,Major,0.0329,149.243,4/4,0.0504,154
Alternative,Beastie Boys,Fight For Your Right,65,0.129,0.673,207400,0.72,0.0133,G#,0.0813,-10.411,Major,0.0376,133.62,4/4,0.6,220
Alternative,Pantera,Cowboys from Hell,67,0.00437,0.415,243533,0.908,0.0345,D,0.082,-9.701,Major,0.0765,114.816,4/4,0.437,284
Alternative,A Tribe Called Quest,Can I Kick It?,68,0.173,0.848,251573,0.666,0.000699,C,0.129,-6.547,Major,0.274,96.662,4/4,0.744,213
Alternative,Skillet,Not Gonna Die,62,0.0106,0.445,225280,0.953,0.0,F,0.281,-2.463,Minor,0.0704,172.063,4/4,0.475,296
Alternative,Solange,Almeda,63,0.0227,0.827,236120,0.553,1.52e-05,C#,0.176,-5.296,Major,0.032,110.015,4/4,0.0631,190
Alternative,Foo Fighters,The Sky Is A Neighborhood,66,0.000799,0.358,244573,0.549,0.00503,B,0.22,-7.843,Minor,0.0693,130.733,4/4,0.533,226
Alternative,Pearl Jam,Daughter (Remastered),65,0.00746,0.615,234333,0.702,0.00431,G,0.0608,-9.686,Major,0.0278,96.99,4/4,0.734,156
Alternative,X Ambassadors,HEY CHILD,64,0.00499,0.697,208653,0.661,2.77e-06,F,0.0773,-5.535,Major,0.0453,112.016,4/4,0.546,200
Alternative,Matt Maher,"Lord, I Need You",62,0.517,0.457,205667,0.451,0.0,A#,0.0928,-6.997,Major,0.029,74.923,4/4,0.185,163
Alternative,Breaking Benjamin,Blood,62,3.83e-05,0.478,189120,0.971,2.77e-05,G,0.295,-2.729,Major,0.0858,90.526,4/4,0.284,218
Alternative,Godsmack,Awake,62,1.84e-05,0.406,304373,0.758,0.00253,F,0.308,-4.1,Major,0.0558,111.803,4/4,0.532,170
Alternative,Red Hot Chili Peppers,Soul to Squeeze,62,0.0322,0.663,289533,0.546,0.000572,F,0.107,-5.234,Major,0.0269,88.171,4/4,0.656,172
Alternative,BANKS,Contaminated,63,0.732,0.475,280680,0.322,8.6e-06,B,0.107,-7.401,Minor,0.0481,76.604,4/4,0.269,194
Alternative,The Black Keys,Eagle Birds,65,0.0471,0.512,160543,0.78,0.0242,B,0.0856,-4.946,Minor,0.0409,93.998,4/4,0.609,314
Alternative,Earl Sweatshirt,Chum,62,0.0216,0.51,243773,0.503,0.002,A#,0.108,-8.756,Minor,0.242,153.582,4/4,0.193,210
Alternative,Nickelback,Photograph,64,0.000932,0.513,258920,0.877,0.000163,G#,0.136,-3.756,Major,0.0292,145.919,4/4,0.389,199
Alternative,KAYTRANADA,DYSFUNCTIONAL,62,0.00113,0.808,240758,0.805,0.0585,C#,0.193,-3.392,Major,0.103,107.965,4/4,0.886,262
Alternative,SG Lewis,Better - SG Lewis x Clairo,63,0.05,0.699,193762,0.583,0.00029,F#,0.091,-9.731,Minor,0.0357,109.001,4/4,0.484,282
Alternative,Disturbed,Inside the Fire,62,0.000233,0.463,231573,0.962,0.109,G,0.0906,-6.43,Major,0.0704,94.003,4/4,0.66,130
Alternative,Audioslave,Be Yourself,66,0.178,0.424,278973,0.845,3.58e-06,B,0.18,-3.467,Minor,0.0528,116.657,4/4,0.379,253
Alternative,Justice,D.A.N.C.E,65,0.034,0.613,242267,0.962,0.0,F#,0.824,-5.07,Minor,0.278,113.015,4/4,0.496,261
Alternative,Foo Fighters,Walk,65,3.62e-05,0.231,255960,0.866,0.000552,A,0.29,-5.131,Major,0.0517,138.311,4/4,0.191,239
Alternative,Disturbed,The Vengeful One,62,0.000213,0.238,252003,0.967,1.18e-06,E,0.26,-2.602,Minor,0.136,170.128,4/4,0.58,310
Alternative,James Blake,Retrograde,63,0.871,0.289,223600,0.254,0.0745,G,0.135,-11.218,Minor,0.0474,77.499,4/4,0.185,233
Alternative,The Strokes,Under Cover of Darkness,64,0.00419,0.357,235547,0.775,0.285,B,0.0676,-3.364,Major,0.054,199.853,4/4,0.589,299
Alternative,The Offspring,Come Out And Play (Keep ‘Em Separated),64,0.0535,0.476,197800,0.856,6.75e-06,G,0.0846,-3.764,Major,0.161,158.671,4/4,0.847,114
Alternative,Red Hot Chili Peppers,The Zephyr Song,65,0.013,0.725,231933,0.803,3.66e-05,D,0.0891,-4.083,Major,0.0337,117.391,4/4,0.403,196
Alternative,Solange,Stay Flo,62,0.397,0.823,175707,0.558,2.03e-05,A,0.0821,-7.119,Major,0.0278,155.974,4/4,0.674,171
Alternative,The Knocks,Ride Or Die (feat. Foster The People),63,0.0609,0.648,242035,0.75,4.41e-06,C,0.104,-3.248,Major,0.0335,105.03,4/4,0.556,238
Alternative,Lamb of God,Laid to Rest,62,0.000293,0.366,230127,0.956,0.00447,A#,0.449,-3.725,Minor,0.108,104.016,3/4,0.159,115
Alternative,Mos Def,Ms. Fat Booty,66,0.148,0.782,223547,0.589,0.0,C#,0.164,-4.827,Major,0.189,90.438,4/4,0.869,133
Alternative,Radiohead,Fake Plastic Trees,67,0.167,0.454,290707,0.229,0.102,D,0.202,-12.592,Major,0.0297,73.552,4/4,0.134,138
Alternative,Sinead Harnett,If You Let Me,62,0.158,0.407,232878,0.403,5.98e-06,F,0.553,-8.396,Minor,0.113,90.907,1/4,0.329,307
Alternative,Limp Bizkit,Behind Blue Eyes,69,0.455,0.584,269973,0.491,0.0,G,0.116,-6.631,Major,0.0263,120.283,4/4,0.0916,165
Alternative,Jason Isbell and the 400 Unit,If We Were Vampires,62,0.824,0.629,215564,0.208,3.7e-06,F,0.107,-16.225,Major,0.0324,96.609,4/4,0.685,285
Alternative,Florence + The Machine,Hunger,65,0.53,0.729,214667,0.675,0.0,D,0.0985,-5.62,Minor,0.0415,116.016,4/4,0.332,228
Alternative,Slipknot,"Vermilion, Pt. 2",64,0.334,0.589,224320,0.442,0.000424,E,0.0987,-8.517,Major,0.0291,122.688,3/4,0.0904,313
Alternative,BANKS,Gimme,63,0.508,0.759,219493,0.621,4.49e-05,D,0.265,-5.233,Minor,0.0866,120.053,4/4,0.612,275
Alternative,X Ambassadors,American Oxygen,63,0.151,0.385,305093,0.482,0.0,C,0.101,-6.757,Major,0.0311,78.495,3/4,0.322,283
Alternative,Alanis Morissette,You Oughta Know - 2015 Remaster,64,0.21,0.665,249493,0.834,0.0,E,0.452,-7.737,Major,0.0576,105.292,4/4,0.411,98
Alternative,The Black Keys,Breaking Down,62,0.00433,0.444,205037,0.738,0.00211,D,0.165,-5.351,Major,0.0312,107.585,4/4,0.464,121
Alternative,Arcade Fire,The Suburbs,64,0.0578,0.616,315200,0.682,0.0241,F#,0.342,-6.148,Minor,0.0265,117.78,4/4,0.528,244
Alternative,Supergrass,Alright,69,0.000479,0.467,180880,0.958,0.199,E,0.299,-4.808,Minor,0.0775,145.92,4/4,0.701,201
Alternative,Nickelback,When We Stand Together,63,0.000102,0.446,190787,0.9,1.89e-05,A#,0.0404,-3.541,Minor,0.0489,187.961,4/4,0.88,122
Alternative,PNAU,Solid Gold,65,0.0978,0.567,208367,0.946,1.37e-06,F,0.0836,-2.245,Minor,0.0541,104.983,4/4,0.295,176
Alternative,Café Tacvba,Eres,71,0.0124,0.588,267600,0.72,0.017,A,0.27,-6.197,Minor,0.027,149.974,4/4,0.466,117
Alternative,Limp Bizkit,Take A Look Around,68,0.0201,0.479,321040,0.861,0.314,D#,0.0862,-5.659,Minor,0.0458,101.92,4/4,0.556,297
Alternative,Volbeat,Last Day Under The Sun,64,0.000862,0.558,287400,0.879,0.00195,E,0.0544,-3.794,Major,0.0401,115.037,4/4,0.448,322
Alternative,Alanis Morissette,Ironic - 2015 Remaster,68,0.218,0.408,230000,0.582,0.0,B,0.159,-8.305,Major,0.0508,114.926,5/4,0.365,211
Alternative,The White Stripes,Icky Thump,63,0.021,0.424,254533,0.632,0.0117,A,0.0545,-7.243,Major,0.0922,97.694,4/4,0.356,124
Alternative,Linkin Park,LOST IN THE ECHO,62,0.0154,0.546,205120,0.98,0.0,A,0.31,-3.02,Minor,0.0619,120.037,4/4,0.478,129
Alternative,Volbeat,Leviathan,64,0.00347,0.545,275933,0.86,0.000344,A,0.0884,-4.053,Major,0.0383,90.004,4/4,0.5,212
Alternative,Pixies,Here Comes Your Man,63,0.0451,0.664,201693,0.788,0.0416,D,0.117,-12.323,Major,0.0294,124.51,4/4,0.869,136
Alternative,Linkin Park,Battle Symphony,62,0.0369,0.653,216281,0.839,0.0,A#,0.068,-5.077,Major,0.0685,149.034,4/4,0.669,118
Alternative,The Black Keys,Little Black Submarines,62,0.161,0.365,251267,0.466,6.68e-06,D,0.106,-7.514,Major,0.0418,95.163,4/4,0.487,208
Alternative,Pixies,Hey,62,0.000897,0.596,211440,0.315,0.00106,G,0.121,-15.003,Major,0.0305,99.807,4/4,0.343,107
Alternative,Linkin Park,Talking to Myself,62,0.00184,0.593,231307,0.712,0.0,D,0.128,-6.325,Minor,0.0286,124.013,4/4,0.473,229
Alternative,Rammstein,ZEIG DICH,73,0.00108,0.545,255845,0.942,0.0246,C,0.0585,-4.283,Minor,0.0417,165.066,4/4,0.365,145
Alternative,Joy Division,Disorder - 2007 Remaster,63,0.00033,0.32,209040,0.798,0.692,A#,0.176,-7.078,Minor,0.124,84.696,4/4,0.74,164
Alternative,Rammstein,RADIO,71,0.00404,0.652,277397,0.894,0.00381,C,0.124,-5.145,Minor,0.0409,132.03,4/4,0.76,182
Alternative,Rammstein,PUPPE,72,0.0229,0.581,273707,0.822,0.0,B,0.126,-7.341,Major,0.0574,116.929,4/4,0.3,120
Alternative,Caifanes,La Célula Que Explota,67,0.44,0.425,215867,0.479,0.000109,D,0.378,-12.22,Major,0.0419,123.217,4/4,0.279,185
Alternative,Los Enanitos Verdes,La Muralla Verde,69,0.0653,0.724,161800,0.856,1.85e-06,G#,0.354,-6.119,Minor,0.0283,129.794,4/4,0.891,100
Alternative,Café Tacvba,Como te extraño mi amor,67,0.0823,0.791,214880,0.759,4.44e-05,A,0.0993,-5.67,Major,0.037,124.725,4/4,0.917,151
Alternative,Cultura Profética,Ilegal,63,0.35,0.827,305000,0.587,0.0,A#,0.0907,-4.666,Minor,0.0485,116.901,4/4,0.769,319
Alternative,Bunbury,Aunque no sea conmigo,66,0.458,0.461,212560,0.715,1.56e-05,E,0.719,-6.246,Minor,0.0281,86.09,4/4,0.455,105
Alternative,Panteon Rococo,La Dosis Perfecta,64,0.0464,0.674,255507,0.771,3.23e-05,C,0.0362,-5.943,Minor,0.0316,155.3,4/4,0.966,110
Alternative,Iggy Pop,Lust For Life,63,0.0276,0.383,313926,0.97,0.0,A,0.0942,-5.638,Major,0.0435,101.603,4/4,0.62,268
Alternative,Klaxons,Golden Skans,63,0.000483,0.466,165120,0.838,1.11e-05,D,0.167,-2.698,Minor,0.0399,141.971,4/4,0.765,174
Alternative,Heroes Del Silencio,Maldito duende,63,0.0904,0.374,253187,0.85,0.0,E,0.116,-5.657,Minor,0.0404,125.796,4/4,0.348,215
Alternative,The Dandy Warhols,Bohemian Like You,62,0.00315,0.584,211707,0.931,0.772,A,0.133,-6.158,Major,0.0344,131.275,4/4,0.694,269
Alternative,Café Tacvba,La ingrata,63,0.0854,0.748,212000,0.835,1.97e-06,G,0.0365,-5.731,Major,0.0351,142.942,4/4,0.896,288
Alternative,Maldita Vecindad Y Los Hijos Del 5to. Patio,Kumbala,65,0.0114,0.722,267227,0.368,0.00167,E,0.0806,-13.212,Minor,0.0305,120.251,4/4,0.527,147
Alternative,La Ley,Mentira,65,0.179,0.643,288067,0.679,1.4e-05,G,0.7,-6.382,Major,0.0287,132.199,4/4,0.491,240
Alternative,The Temper Trap,Sweet Disposition - Vintage Culture & Lazy Bear Remix,63,0.169,0.702,225246,0.658,0.0172,B,0.111,-3.656,Minor,0.0367,121.989,4/4,0.418,276
Alternative,Aleks Syntek,Duele El Amor,62,0.325,0.674,275373,0.774,1.52e-06,F#,0.323,-6.004,Minor,0.0349,129.951,4/4,0.702,198
Pop,Ariana Grande,bloodline,91,0.0815,0.758,216893,0.665,0.000157,D,0.216,-5.188,Minor,0.0774,151.976,4/4,0.643,2922
Pop,benny blanco,Eastside (with Halsey & Khalid),91,0.555,0.56,173800,0.68,0.0,F#,0.116,-7.648,Minor,0.321,89.391,4/4,0.319,2200
Pop,Ariana Grande,imagine,90,0.378,0.729,212267,0.475,0.0,G#,0.12,-4.985,Major,0.0364,62.52,3/4,0.371,2623
Pop,Lady Gaga,Shallow,95,0.371,0.572,215733,0.385,0.0,G,0.231,-6.362,Major,0.0308,95.799,4/4,0.323,2408
Pop,Lady Gaga,Shallow - Radio Edit,90,0.416,0.575,217213,0.33,0.0,G,0.0872,-6.557,Major,0.031,95.801,4/4,0.277,1887
Pop,The Chainsmokers,Who Do You Love (with 5 Seconds of Summer),91,0.00791,0.51,226747,0.835,0.0,D#,0.219,-4.673,Major,0.0447,140.024,4/4,0.435,2020
Pop,The Chainsmokers,This Feeling,88,0.0558,0.575,197947,0.571,0.0,C#,0.0912,-7.906,Major,0.0439,105.049,4/4,0.449,1780
Pop,Ariana Grande,breathin,87,0.0211,0.568,198160,0.656,1.37e-05,G#,0.213,-5.413,Major,0.0433,100.049,4/4,0.364,3066
Pop,benny blanco,Roses (with Juice WRLD feat. Brendon Urie),83,0.166,0.613,223543,0.6,0.0,G#,0.117,-7.097,Major,0.154,147.059,4/4,0.532,2738
Pop,Bebe Rexha,Meant to Be (feat. Florida Georgia Line),85,0.047,0.643,163870,0.783,0.0,A#,0.083,-6.458,Major,0.0856,154.084,4/4,0.579,2696
Pop,Ariana Grande,God is a woman,87,0.0233,0.602,197547,0.658,6e-05,C#,0.237,-5.934,Major,0.0558,145.031,4/4,0.268,2719
Pop,The Chainsmokers,Hope,88,0.488,0.773,180120,0.699,3.6e-06,C#,0.0814,-5.982,Minor,0.0958,104.941,4/4,0.513,2500
Pop,Ellie Goulding,Close To Me (with Diplo) (feat. Swae Lee),92,0.0969,0.574,182623,0.758,0.0,C#,0.395,-5.029,Minor,0.0621,144.111,4/4,0.492,1942
Pop,Lauv,There's No Way (feat. Julia Michaels),85,0.49,0.755,174861,0.625,0.0,D,0.157,-7.114,Major,0.0896,147.02,4/4,0.374,2549
Pop,Bruno Mars,That's What I Like,85,0.013,0.853,206693,0.56,0.0,C#,0.0944,-4.961,Major,0.0406,134.066,4/4,0.86,2759
Pop,Selena Gomez,Wolves,86,0.129,0.72,197993,0.807,0.0,B,0.183,-4.59,Minor,0.0432,124.946,4/4,0.305,1987
Pop,Zedd,The Middle,87,0.171,0.753,184732,0.657,0.0,G,0.112,-3.061,Major,0.0449,107.01,4/4,0.437,1849
Pop,Why Don't We,Big Plans,85,0.0668,0.693,179930,0.604,0.0,B,0.114,-5.279,Major,0.0427,75.014,4/4,0.651,2724
Pop,Selena Gomez,Back To You - From 13 Reasons Why – Season 2 Soundtrack,84,0.0945,0.601,207905,0.724,1.68e-06,F#,0.12,-4.856,Major,0.0486,102.061,4/4,0.508,2783
Pop,Ariana Grande,One Last Time,84,0.093,0.628,197267,0.593,1.65e-06,G#,0.096,-5.036,Major,0.0323,125.026,4/4,0.104,2881
Pop,Hailee Steinfeld,Starving,82,0.378,0.729,181880,0.615,0.0,E,0.105,-4.238,Major,0.0647,99.989,4/4,0.508,2047
Pop,Dua Lipa,"Swan Song (From the Motion Picture ""Alita: Battle Angel"")",87,0.00579,0.588,182075,0.821,0.000275,F,0.208,-6.54,Minor,0.216,188.098,4/4,0.509,2838
Pop,Shawn Mendes,Lost In Japan,84,0.255,0.713,201200,0.738,0.0,A#,0.106,-6.784,Major,0.374,105.027,4/4,0.425,2157
Pop,Galantis,Bones (feat. OneRepublic),85,0.00464,0.66,205793,0.788,0.0,C,0.179,-5.844,Major,0.0374,120.048,4/4,0.494,2036
Pop,Bazzi,3:15,77,0.385,0.651,167019,0.654,0.0,C#,0.181,-5.481,Major,0.0466,141.975,4/4,0.539,2713
Pop,Whitney Houston,I Wanna Dance with Somebody (Who Loves Me),82,0.207,0.709,291293,0.824,0.000307,C#,0.0888,-8.824,Major,0.0453,118.814,4/4,0.867,2882
Pop,Zara Larsson,Ruin My Life,88,0.423,0.665,190932,0.699,0.0,B,0.0969,-5.265,Major,0.0578,124.896,4/4,0.585,2179
Pop,NOTD,So Close,86,0.121,0.7,190302,0.872,7.08e-06,A#,0.103,-5.896,Major,0.0666,125.03,4/4,0.761,2248
Pop,Tiësto,Jackie Chan,86,0.374,0.747,215760,0.834,0.0,D#,0.0586,-2.867,Minor,0.045,128.005,4/4,0.687,1930
Pop,Why Don't We,8 Letters,81,0.649,0.607,190027,0.478,0.0,C#,0.0928,-5.702,Minor,0.031,88.979,4/4,0.255,2670
Pop,Justin Timberlake,"CAN'T STOP THE FEELING! (Original Song from DreamWorks Animation's ""TROLLS"")",75,0.0106,0.669,237547,0.832,0.0,C,0.0968,-5.72,Major,0.0682,113.035,4/4,0.7,2079
Pop,Bazzi,Honest,77,0.309,0.677,175093,0.594,0.0,G,0.118,-6.264,Major,0.0695,76.996,4/4,0.427,2588
Pop,Sia,Chandelier,72,0.0197,0.399,216120,0.787,6.07e-05,C#,0.0685,-2.88,Major,0.0499,117.089,5/4,0.572,2622
Pop,Shawn Mendes,There's Nothing Holdin' Me Back,84,0.38,0.866,199440,0.813,0.0,B,0.0779,-4.063,Minor,0.0554,121.998,4/4,0.969,2994
Pop,Anne-Marie,2002,86,0.0372,0.697,186987,0.683,0.0,C#,0.137,-2.881,Minor,0.117,96.133,4/4,0.603,2848
Pop,Train,"Hey, Soul Sister",82,0.185,0.673,216773,0.886,0.0,C#,0.0826,-4.44,Minor,0.0431,97.012,4/4,0.795,2878
Pop,Julia Michaels,Anxiety (with Selena Gomez),83,0.571,0.803,210147,0.384,0.0,G,0.194,-6.522,Major,0.179,141.924,4/4,0.503,1946
Alternative,Dread Mar I,Arbol Sin Hojas,62,0.188,0.77,199864,0.576,0.000284,F,0.0246,-6.721,Minor,0.119,167.803,4/4,0.97,141
Alternative,Blur,Girls and Boys,65,0.00971,0.693,259387,0.875,0.0,G,0.0601,-8.354,Minor,0.0315,120.048,4/4,0.901,104
Alternative,slowthai,Inglorious (feat. Skepta),64,0.0169,0.751,188553,0.66,2.35e-05,E,0.11,-7.031,Major,0.327,149.929,4/4,0.408,148
Alternative,Bunbury,Frente a frente (feat. Miren Iza),62,0.513,0.419,233960,0.473,3.52e-06,G,0.133,-8.192,Minor,0.0288,138.013,4/4,0.324,179
Alternative,The Verve,Lucky Man,62,0.273,0.394,293587,0.629,8.65e-05,D,0.0902,-7.584,Major,0.0292,75.991,4/4,0.181,111
Alternative,Andrés Calamaro,Flaca,69,0.21,0.739,277653,0.745,0.0135,G,0.127,-6.658,Major,0.0267,109.326,4/4,0.949,214
Alternative,Kasabian,Fire,62,0.0874,0.525,252280,0.741,0.147,A#,0.117,-5.643,Major,0.0311,117.031,4/4,0.179,316
Alternative,Soda Stereo,Cuando Pase El Temblor - Remasterizado 2007,67,0.0314,0.652,229160,0.607,0.00285,C,0.0721,-8.657,Major,0.0368,94.089,4/4,0.72,140
Alternative,Vicentico,No Te Apartes de Mí,64,0.791,0.816,198333,0.549,3.4e-05,G,0.117,-8.649,Major,0.0312,111.032,4/4,0.886,203
Alternative,Silvio Rodríguez,Ojalá,63,0.907,0.526,212482,0.235,4.44e-06,G,0.111,-14.074,Minor,0.0991,91.24,1/4,0.377,209
Alternative,Inspector,Amnesia,62,0.331,0.505,241627,0.75,0.0,F#,0.098,-5.366,Minor,0.048,144.783,4/4,0.752,195
Alternative,Los Auténticos Decadentes,Amor (Ft. Mon Laferte) - Mtv Unplugged,63,0.0339,0.597,312443,0.818,0.0,A,0.978,-5.317,Minor,0.0472,92.869,4/4,0.688,132
Pop,Alec Benjamin,If We Have Each Other,77,0.698,0.656,181522,0.577,0.0,A#,0.296,-5.566,Minor,0.0802,173.094,4/4,0.861,2304
Pop,Calvin Harris,Slide (feat. Frank Ocean & Migos),76,0.498,0.736,230813,0.795,1.21e-06,C#,0.254,-3.299,Minor,0.0545,104.066,4/4,0.511,1959
Pop,Robin Schulz,Speechless (feat. Erika Sirola),88,0.0161,0.574,214942,0.728,1.42e-06,C#,0.0851,-4.777,Major,0.062,125.047,4/4,0.266,2189
Pop,DJ Khaled,No Brainer,84,0.0733,0.552,260000,0.76,0.0,C,0.0865,-4.706,Major,0.342,135.702,5/4,0.639,2898
Pop,Camila Cabello,Never Be the Same,81,0.181,0.637,226973,0.713,0.000637,C,0.137,-4.333,Major,0.0747,129.923,4/4,0.243,1867
Pop,Rihanna,Love On The Brain,73,0.0717,0.509,224000,0.637,1.08e-05,E,0.0789,-4.83,Minor,0.0471,172.006,3/4,0.378,1881
Pop,Bruno Mars,Grenade,75,0.146,0.706,223253,0.558,0.0,D,0.118,-7.237,Minor,0.0593,110.443,4/4,0.227,2080
Pop,Avicii,Wake Me Up,84,0.00346,0.518,247427,0.784,0.00187,D,0.171,-5.659,Major,0.0524,124.102,4/4,0.588,1983
Pop,Mike Posner,I Took A Pill In Ibiza - Seeb Remix,73,0.0353,0.663,197933,0.713,7.68e-06,G,0.0843,-6.647,Minor,0.112,101.965,4/4,0.69,2000
Pop,Ariana Grande,Love Me Harder,78,0.00937,0.472,236133,0.714,0.0,C#,0.0764,-4.389,Minor,0.0334,98.992,4/4,0.24,2101
Pop,Hailee Steinfeld,Love Myself,77,0.0026,0.617,218773,0.759,0.0,C,0.419,-6.785,Minor,0.0677,122.925,4/4,0.324,1785
Pop,Nicki Minaj,"Familia (with Anuel Aa, feat. Bantu) - Spider-Man: Into the Spider-Verse",82,0.0166,0.766,174893,0.881,2.3e-06,A,0.347,-5.158,Minor,0.137,112.027,5/4,0.674,2190
Pop,Julia Michaels,Jump (with Trippie Redd),77,0.25,0.654,207857,0.547,0.0,A#,0.0961,-6.598,Major,0.127,173.981,4/4,0.507,2658
Pop,Luis Fonsi,Imposible,88,0.122,0.786,163880,0.764,0.0,B,0.102,-2.935,Major,0.0798,90.979,4/4,0.913,1771
Pop,Mario,Let Me Love You,80,0.235,0.656,256733,0.578,0.0,G,0.118,-8.97,Minor,0.0922,94.514,4/4,0.556,2166
Pop,Rihanna,Umbrella,82,0.00864,0.583,275987,0.829,0.0,C#,0.0426,-4.603,Major,0.134,174.028,4/4,0.575,2528
Pop,James Arthur,Rewrite The Stars (with James Arthur & Anne-Marie),83,0.237,0.67,218293,0.743,0.0,A#,0.465,-4.993,Major,0.0393,125.944,4/4,0.571,3070
Pop,Gym Class Heroes,Stereo Hearts (feat. Adam Levine),77,0.0319,0.646,210960,0.795,0.0,A,0.267,-3.293,Major,0.0976,89.99,4/4,0.796,2627
Pop,Lady Gaga,Poker Face,70,0.139,0.846,237200,0.815,2.19e-06,E,0.131,-4.512,Major,0.0761,118.999,4/4,0.831,1985
Pop,ZAYN,I Don’t Wanna Live Forever (Fifty Shades Darker),72,0.0586,0.731,247160,0.445,1.96e-05,C,0.14,-8.418,Major,0.0533,117.97,4/4,0.106,2703
Pop,Demi Lovato,Stone Cold,79,0.475,0.412,191308,0.472,0.0,G#,0.0974,-7.543,Major,0.0476,139.321,3/4,0.327,3059
Pop,Hailee Steinfeld,Capital Letters,81,0.0337,0.661,219373,0.814,8.27e-06,C,0.0518,-5.529,Major,0.0759,99.963,4/4,0.459,1949
Pop,Halsey,Now Or Never,76,0.107,0.67,214802,0.585,1.11e-06,F#,0.131,-4.861,Minor,0.0354,110.03,4/4,0.447,2257
Pop,benny blanco,I Found You (with Calvin Harris),82,0.033,0.775,191496,0.872,0.0579,F#,0.298,-4.194,Major,0.0469,122.994,4/4,0.379,2751
Pop,Jeremy Zucker,better off,74,0.747,0.708,193947,0.322,9.24e-05,G#,0.137,-12.46,Minor,0.0371,98.892,4/4,0.46,2225
Pop,Iyaz,Replay,73,0.173,0.706,182307,0.751,0.0,A,0.168,-6.323,Major,0.0708,91.031,4/4,0.195,2263
Pop,Ne-Yo,So Sick,78,0.273,0.699,207187,0.592,0.0,F#,0.202,-8.298,Major,0.262,94.933,4/4,0.589,2143
Pop,Rihanna,Take A Bow,79,0.248,0.697,229413,0.467,0.0,A,0.0941,-7.536,Major,0.0715,82.081,4/4,0.572,2296
Pop,Lady Gaga,Music To My Eyes,78,0.392,0.625,199200,0.356,0.00129,D,0.1,-9.044,Major,0.0319,114.805,3/4,0.325,2937
Pop,Meghan Trainor,Like I'm Gonna Lose You,79,0.4,0.63,225053,0.53,0.0,C,0.177,-7.259,Major,0.0434,108.038,3/4,0.417,2067
Pop,Kehlani,Feels,75,0.259,0.369,181140,0.609,4.1e-05,A,0.133,-4.477,Minor,0.184,80.362,1/4,0.381,1869
Pop,M.I.A.,Paper Planes,70,0.0277,0.457,203760,0.854,9.62e-05,D,0.731,-6.2,Major,0.265,172.231,4/4,0.485,2108
Pop,Bruno Mars,Marry You,73,0.332,0.62,230120,0.832,0.0,A#,0.104,-4.848,Major,0.036,144.926,4/4,0.481,2226
Pop,Demi Lovato,Tell Me You Love Me,76,0.0241,0.536,236987,0.582,0.0,D#,0.181,-5.452,Minor,0.0433,82.142,4/4,0.253,2246
Pop,Alec Benjamin,Boy In The Bubble,73,0.224,0.817,181705,0.578,0.00103,B,0.251,-7.579,Minor,0.0824,143.982,4/4,0.851,2743
Pop,The Black Eyed Peas,Where Is The Love?,70,0.104,0.835,272533,0.706,0.0,F,0.137,-3.219,Major,0.193,94.086,4/4,0.843,2631
Pop,Bruno Mars,Talking to the Moon,73,0.512,0.523,217867,0.606,0.0,C#,0.106,-4.754,Minor,0.0301,145.837,4/4,0.065,2276
Pop,Sia,The Greatest,77,0.0102,0.668,210227,0.725,0.000479,C#,0.0561,-6.127,Major,0.266,191.944,4/4,0.729,2947
Pop,The Chainsmokers,Paris,78,0.0243,0.646,221520,0.644,0.0,D,0.0888,-6.763,Major,0.031,99.999,4/4,0.251,2488
Pop,Mike Posner,Move On,75,0.176,0.741,178400,0.686,0.553,D,0.439,-5.704,Major,0.0361,102.027,4/4,0.418,2523
Pop,Beyoncé,Crazy In Love,78,0.00249,0.646,236133,0.77,0.0,D,0.0715,-6.596,Minor,0.226,99.165,4/4,0.681,1740
Pop,Ruel,Younger,78,0.202,0.745,222320,0.477,0.0,B,0.12,-7.706,Minor,0.088,136.055,4/4,0.454,2111
Pop,Ansel Elgort,Thief,75,0.0239,0.665,220680,0.75,0.0,C#,0.111,-3.769,Minor,0.0633,89.996,4/4,0.365,2674
Pop,Lizzo,Juice,78,0.00611,0.767,195145,0.889,0.0,G,0.402,-2.988,Major,0.0963,119.93,4/4,0.843,2836
Pop,Sia,"Audio (with Sia, Diplo & Labrinth)",78,0.192,0.365,203400,0.692,1.51e-06,D#,0.0862,-4.586,Minor,0.0671,89.998,4/4,0.372,2559
Pop,Taylor Swift,End Game,74,0.00845,0.649,244827,0.589,0.0,D,0.108,-6.237,Major,0.0558,159.073,4/4,0.151,1878
Pop,Ariana Grande,Everyday,76,0.0152,0.637,194840,0.733,0.0,G,0.162,-4.387,Minor,0.0553,131.005,4/4,0.432,2330
Pop,Ariana Grande,Problem,77,0.0192,0.66,193920,0.805,8.83e-06,C#,0.159,-5.352,Minor,0.153,103.009,4/4,0.625,2768
Pop,Harry Styles,Sign of the Times,79,0.0275,0.516,340707,0.595,0.0,F,0.109,-4.63,Major,0.0313,119.972,4/4,0.222,2956
Pop,Ciara,"One, Two Step",76,0.042,0.944,203787,0.511,0.00107,F,0.0379,-10.96,Minor,0.161,113.046,4/4,0.842,2781
Pop,Tears For Fears,Everybody Wants To Rule The World,81,0.372,0.638,251489,0.8,0.00553,G,0.113,-12.077,Major,0.0572,112.055,4/4,0.569,2837
Pop,Alec Benjamin,Let Me Down Slowly (feat. Alessia Cara),77,0.716,0.655,169175,0.569,7.4e-06,C#,0.135,-5.018,Minor,0.0349,150.267,4/4,0.44,2269
Pop,Ruel,Dazed & Confused,76,0.102,0.688,189608,0.5,0.0,D,0.355,-7.411,Major,0.138,127.906,3/4,0.418,1889
Pop,PRETTYMUCH,Summer on You,74,0.636,0.811,205792,0.447,0.0,E,0.462,-6.55,Major,0.0414,99.995,4/4,0.694,2266
Pop,Justin Timberlake,SexyBack (feat. Timbaland),67,0.0584,0.967,242733,0.583,0.0,G,0.0519,-5.562,Minor,0.0789,117.0,4/4,0.964,2794
Pop,Calvin Harris,Rollin,71,0.45,0.754,272667,0.762,6.67e-05,F#,0.224,-4.486,Minor,0.0849,92.002,4/4,0.673,1734
Pop,Avril Lavigne,Complicated,77,0.0572,0.585,244507,0.776,7.74e-06,F,0.3,-5.898,Major,0.0459,77.987,4/4,0.427,2747
Pop,Kehlani,RPG (feat. 6lack),72,0.434,0.76,236218,0.524,0.0,G,0.0905,-7.397,Minor,0.203,132.891,4/4,0.698,2033
Pop,Avicii,Without You (feat. Sandro Cavazza),83,0.0018,0.653,181673,0.863,0.0,D,0.0406,-4.799,Major,0.0457,134.004,4/4,0.276,2180
Pop,Jonas Brothers,S.O.S.,69,0.000628,0.598,153347,0.685,0.0,G,0.149,-3.873,Major,0.0679,137.035,4/4,0.712,2668
Pop,Flo Rida,Low (feat. T-Pain),80,0.0928,0.918,231400,0.609,0.0,A#,0.139,-5.64,Minor,0.0791,128.008,4/4,0.304,2957
Pop,Katy Perry,Dark Horse,77,0.00314,0.645,215672,0.585,0.0,F#,0.165,-6.122,Major,0.0513,131.931,4/4,0.353,1859
Pop,Ne-Yo,Miss Independent,69,0.522,0.673,232000,0.683,0.0,C#,0.235,-5.693,Major,0.115,171.86,4/4,0.713,1938
Pop,Ariana Grande,Let Me Love You,74,0.0295,0.528,223853,0.435,0.0,D,0.243,-8.363,Major,0.129,102.704,3/4,0.0781,2003
Pop,Taylor Swift,Blank Space,68,0.085,0.752,231827,0.678,1.64e-06,F,0.13,-5.421,Major,0.0646,96.009,4/4,0.583,2861
Pop,James Arthur,Empty Space,82,0.215,0.404,214227,0.531,0.0,C#,0.0521,-4.328,Major,0.103,164.848,4/4,0.321,2234
Pop,David Guetta,Like I Do,80,0.00664,0.635,202500,0.9,0.0145,C,0.37,-3.719,Minor,0.0377,127.978,4/4,0.15,2012
Pop,David Guetta,2U,69,0.23,0.542,194907,0.654,0.0,G#,0.241,-5.862,Minor,0.0537,144.971,4/4,0.563,2214
Pop,Taylor Swift,Shake It Off,68,0.0561,0.648,219200,0.785,0.0,G,0.148,-5.414,Major,0.165,160.02,4/4,0.943,2299
Pop,James Arthur,Naked,82,0.104,0.529,234107,0.607,0.0,F#,0.0631,-6.781,Major,0.0574,101.966,4/4,0.238,1935
Pop,Lady Gaga,The Cure,74,0.0792,0.697,211364,0.506,0.0,G#,0.0893,-4.863,Major,0.0325,100.002,4/4,0.516,2051
Pop,Jonas Brothers,Lovebug,68,0.126,0.597,220693,0.499,0.0,E,0.214,-6.216,Major,0.0581,79.071,4/4,0.521,2753
Pop,Snakehips,All My Friends (feat. Tinashe & Chance the Rapper),75,0.119,0.689,229747,0.521,8.41e-05,C,0.108,-5.845,Major,0.132,95.055,4/4,0.178,1813
Pop,Justin Timberlake,Rock Your Body,73,0.202,0.891,267267,0.714,0.000234,E,0.0521,-6.055,Minor,0.14,100.972,4/4,0.818,2910
Pop,Demi Lovato,Confident,75,0.00182,0.606,205746,0.763,0.000159,A#,0.116,-6.197,Minor,0.0669,130.018,4/4,0.309,2568
Pop,Taylor Swift,I Did Something Bad,72,0.0679,0.696,238253,0.602,2.11e-05,C,0.0696,-6.156,Minor,0.159,82.989,4/4,0.305,2483
Pop,The Clash,Should I Stay or Should I Go - Remastered,79,0.079,0.742,188987,0.833,0.0,D,0.384,-6.463,Major,0.115,113.375,4/4,0.816,2383
Pop,Conan Gray,Idle Town,70,0.872,0.606,237920,0.478,2.02e-05,G,0.106,-6.035,Major,0.0276,77.086,4/4,0.266,3049
Pop,Soulja Boy,Kiss Me Thru The Phone,76,0.0175,0.761,193387,0.724,0.0,G,0.116,-3.818,Major,0.111,149.936,4/4,0.815,2348
Pop,Taio Cruz,Dynamite,70,0.00332,0.754,203867,0.804,0.0,E,0.0329,-3.177,Major,0.0853,119.968,4/4,0.818,2682
Pop,Taylor Swift,You Belong With Me,67,0.162,0.687,231133,0.783,1.35e-05,F#,0.114,-4.44,Major,0.0386,129.964,4/4,0.443,2600
Pop,Meghan Trainor,NO EXCUSES,74,0.0224,0.827,152862,0.658,0.0,F#,0.0417,-3.846,Major,0.0517,115.016,4/4,0.523,2370
Pop,Ellie Goulding,"Love Me Like You Do - From ""Fifty Shades Of Grey""",69,0.247,0.262,252534,0.606,0.0,G#,0.125,-6.646,Major,0.0484,189.857,4/4,0.275,2859
Pop,Charlie Puth,One Call Away,69,0.403,0.667,194453,0.613,0.0,C#,0.115,-5.353,Major,0.0344,91.024,4/4,0.47,2414
Pop,Ariana Grande,Santa Tell Me,75,0.0545,0.506,204093,0.628,0.0,G,0.301,-7.316,Major,0.173,191.708,4/4,0.556,2267
Pop,The Police,Every Breath You Take - Remastered 2003,75,0.56,0.813,253887,0.46,0.0105,C#,0.0724,-9.78,Major,0.0346,117.387,4/4,0.729,2275
Pop,Katy Perry,I Kissed A Girl,68,0.00223,0.699,179640,0.76,0.0,F,0.132,-3.173,Major,0.0677,129.996,4/4,0.696,2884
Pop,Charlie Puth,Done for Me (feat. Kehlani),76,0.193,0.856,180493,0.632,0.0,F#,0.0688,-3.692,Minor,0.074,112.009,4/4,0.697,2131
Pop,Beyoncé,Run the World (Girls),76,0.00496,0.733,236093,0.899,4.72e-05,C,0.372,-4.237,Major,0.143,127.086,4/4,0.76,2118
Pop,Justin Timberlake,My Love (feat. T.I.),72,0.277,0.772,276160,0.68,1.17e-05,B,0.682,-5.881,Minor,0.224,119.953,4/4,0.807,3016
Pop,Blackstreet,No Diggity,78,0.303,0.868,304600,0.646,0.0,C#,0.284,-4.674,Minor,0.288,88.641,4/4,0.67,2123
Pop,Miley Cyrus,Malibu,79,0.0767,0.573,231907,0.781,2.64e-05,G#,0.0813,-6.406,Major,0.0555,139.934,4/4,0.343,2440
Pop,Hailee Steinfeld,You're Such A,70,0.00798,0.62,216333,0.696,1e-06,B,0.113,-6.323,Major,0.0997,176.033,4/4,0.705,2725
Pop,Justin Bieber,What Do You Mean?,78,0.61,0.837,205680,0.571,0.000898,F,0.0849,-8.273,Minor,0.0922,125.034,4/4,0.801,2527
Pop,Pitbull,Timber,75,0.0295,0.581,204160,0.963,0.0,B,0.139,-4.087,Major,0.0981,129.992,4/4,0.788,2228
Pop,Ariana Grande,Best Mistake,72,0.546,0.654,233733,0.578,0.0,F#,0.112,-6.897,Major,0.449,143.867,4/4,0.233,2979
Pop,DJ Khaled,Wild Thoughts (feat. Rihanna & Bryson Tiller),70,0.0287,0.613,204664,0.681,0.0,G#,0.126,-3.089,Major,0.0778,97.621,4/4,0.619,1769
Pop,Leona Lewis,Bleeding Love,80,0.188,0.638,262467,0.656,0.0,F,0.146,-5.886,Major,0.0357,104.036,4/4,0.225,2005
Pop,Gryffin,Feel Good (feat. Daya),71,0.22,0.625,248156,0.707,0.0,D,0.213,-4.761,Major,0.0337,138.064,4/4,0.479,1749
Pop,Bruno Mars,It Will Rain,69,0.359,0.574,257848,0.824,0.0,D,0.0816,-6.885,Major,0.0463,149.981,4/4,0.434,2953
Pop,Kacey Musgraves,Love Is A Wild Thing,68,0.266,0.623,256147,0.631,7.2e-06,A#,0.0931,-7.52,Major,0.0352,121.973,4/4,0.273,2345
Pop,Rick Springfield,Jessie's Girl,70,0.164,0.727,194120,0.832,0.0,D,0.105,-5.851,Major,0.05,131.703,4/4,0.822,1772
Pop,Daya,"Sit Still, Look Pretty",70,0.141,0.657,202221,0.739,0.0,D,0.178,-4.081,Major,0.274,181.994,4/4,0.543,2987
Pop,Taylor Swift,Gorgeous,72,0.0713,0.8,209680,0.535,9.48e-06,G,0.213,-6.684,Major,0.135,92.027,4/4,0.451,2259
Pop,Camila Cabello,All These Years,75,0.609,0.732,164373,0.436,0.0,C#,0.108,-7.409,Minor,0.117,94.852,4/4,0.475,2455
Pop,Cheat Codes,Feels Great (feat. Fetty Wap & CVBZ),70,0.0454,0.522,193569,0.833,0.0,C,0.127,-3.715,Major,0.0575,180.009,4/4,0.296,2728
Pop,Luis Fonsi,Échame La Culpa,78,0.0328,0.726,173720,0.889,0.0,C,0.0925,-3.655,Major,0.0429,96.024,4/4,0.649,2084
Pop,P!nk,So What,67,0.000304,0.535,215160,0.886,2.26e-06,B,0.257,-3.106,Major,0.045,126.012,4/4,0.445,2924
Pop,Avicii,The Nights,79,0.0166,0.527,176658,0.835,0.0,F#,0.249,-5.298,Major,0.0433,125.983,4/4,0.654,2904
Pop,Wham!,Wake Me up Before You Go-Go,79,0.272,0.62,231333,0.574,0.0,C,0.0607,-11.893,Major,0.0421,81.548,4/4,0.9,1784
Pop,Nicki Minaj,Bed (feat. Ariana Grande),77,0.0348,0.757,189533,0.73,6.17e-05,G,0.136,-6.304,Major,0.187,90.013,4/4,0.451,2714
Pop,David Guetta,Flames,83,0.0723,0.609,195000,0.726,8.45e-06,F,0.0895,-4.346,Minor,0.0414,93.958,4/4,0.362,2969
Pop,Lauv,Getting Over You,73,0.273,0.604,255886,0.507,2.27e-06,C,0.0943,-7.928,Major,0.0382,91.984,4/4,0.114,2745
Pop,Avicii,Waiting For Love,80,0.31,0.579,230613,0.736,0.0,F#,0.198,-3.863,Minor,0.0527,127.999,4/4,0.613,2403
Pop,Calvin Harris,"Feels (feat. Pharrell Williams, Katy Perry & Big Sean)",78,0.0642,0.893,223413,0.745,0.0,B,0.0943,-3.105,Minor,0.0571,101.018,4/4,0.872,1936
Pop,Nicki Minaj,Only,70,0.405,0.573,312027,0.495,0.0,G#,0.0969,-7.245,Minor,0.592,179.196,3/4,0.255,2281
Pop,Rita Ora,Only Want You,78,0.0599,0.654,180760,0.528,7.14e-05,F#,0.0975,-6.224,Minor,0.0412,82.014,4/4,0.376,1973
Pop,Kehlani,Love Language,70,0.124,0.582,213365,0.586,0.0,C#,0.0866,-4.369,Minor,0.0838,89.599,4/4,0.698,2689
Pop,Kehlani,The Way (feat. Chance the Rapper),69,0.389,0.746,262521,0.538,0.0,A#,0.139,-6.479,Major,0.32,101.018,4/4,0.516,1929
Pop,Colbie Caillat,Bubbly,70,0.594,0.664,196280,0.491,0.0,A,0.11,-6.544,Major,0.042,127.97,4/4,0.24,1883
Pop,Iggy Azalea,Kream (feat. Tyga),74,0.0335,0.785,166627,0.425,4.36e-06,A#,0.108,-6.665,Major,0.137,174.028,4/4,0.192,2138
Pop,Lauv,Chasing Fire,74,0.0449,0.709,205267,0.562,0.0,F,0.217,-4.864,Major,0.0724,125.965,4/4,0.386,1871
Pop,Bebe Rexha,Bad Bitch (feat. Ty Dolla $ign),70,0.0283,0.656,197253,0.615,0.0,F,0.234,-6.252,Major,0.0539,139.91,4/4,0.366,2429
Pop,Noah Cyrus,Make Me (Cry),71,0.592,0.588,242081,0.471,0.00146,C,0.0733,-7.287,Major,0.0577,152.881,4/4,0.209,2347
Pop,Rihanna,We Found Love,74,0.025,0.734,215227,0.766,0.00138,C#,0.108,-4.485,Major,0.0383,127.986,4/4,0.6,2598
Pop,Shakira,Chantaje (feat. Maluma),78,0.187,0.852,195840,0.773,3.05e-05,G#,0.159,-2.921,Minor,0.0776,102.034,4/4,0.907,2037
Pop,Niall Horan,Seeing Blind,72,0.0466,0.709,185281,0.571,0.0,A,0.106,-7.617,Major,0.0405,93.957,4/4,0.51,2815
Pop,Major Lazer,Lean On,72,0.00346,0.723,176561,0.809,0.00123,G,0.565,-3.081,Minor,0.0625,98.007,4/4,0.274,2605
Pop,ZAYN,fOoL fOr YoU,72,0.281,0.52,202213,0.513,0.0,G,0.0976,-7.208,Major,0.0256,77.903,4/4,0.17,1781
Pop,Shakira,Clandestino,81,0.39,0.766,231921,0.822,3.37e-05,C#,0.349,-4.126,Minor,0.16,165.842,4/4,0.881,2439
Pop,Ashanti,Foolish,73,0.358,0.477,227387,0.728,0.0,C,0.11,-5.71,Major,0.0831,89.209,4/4,0.69,2851
Pop,Gryffin,Just For A Moment (feat. Iselin),73,0.0139,0.53,254556,0.777,1.69e-05,C#,0.27,-6.343,Minor,0.0515,144.016,4/4,0.413,2332
Pop,Demi Lovato,Heart Attack,74,0.0738,0.504,210840,0.785,0.0,G#,0.239,-4.802,Major,0.104,173.968,4/4,0.502,2498
Pop,Britney Spears,Toxic,79,0.0249,0.774,198800,0.838,0.025,F,0.242,-3.914,Minor,0.114,143.04,4/4,0.924,2586
Pop,Clean Bandit,Rockabye (feat. Sean Paul & Anne-Marie),81,0.406,0.72,251088,0.763,0.0,A,0.18,-4.068,Minor,0.0523,101.965,4/4,0.742,2253
Pop,Zendaya,Replay,69,0.0416,0.688,209187,0.723,0.0002,F#,0.302,-6.682,Minor,0.121,140.023,4/4,0.618,1882
Pop,Justin Bieber,Baby,73,0.0544,0.656,214240,0.841,0.0,F,0.122,-5.183,Minor,0.232,65.024,4/4,0.522,2114
Pop,Gryffin,Bye Bye (feat. Ivy Adara),72,0.00271,0.618,210928,0.754,0.0,E,0.213,-3.739,Major,0.0882,148.013,4/4,0.485,2187
Pop,Chris Brown,Pills & Automobiles,70,0.119,0.82,292910,0.696,0.0,G,0.231,-4.918,Minor,0.182,144.981,4/4,0.617,2283
Pop,Sasha Sloan,Faking It,66,0.32,0.647,167353,0.371,0.0,C#,0.205,-8.645,Minor,0.0575,81.094,4/4,0.243,3025
Pop,Jonas Brothers,Play My Music,67,0.000856,0.466,197507,0.877,0.0,D,0.23,-3.54,Major,0.13,177.708,4/4,0.765,2188
Pop,ZAYN,Common,71,0.201,0.633,232520,0.476,0.0,D,0.0913,-5.856,Minor,0.05,134.974,4/4,0.218,2277
Pop,Kid Ink,YUSO (feat. Lil Wayne & Saweetie),72,0.00378,0.9,173640,0.649,2.06e-06,D,0.0873,-6.365,Major,0.197,93.99,4/4,0.658,2734
Pop,5 Seconds of Summer,Want You Back,73,0.00699,0.618,173082,0.867,1.03e-06,C,0.202,-4.915,Major,0.0439,98.03,4/4,0.579,2637
Pop,Conan Gray,Greek God,67,0.157,0.572,236747,0.82,7.21e-06,F#,0.109,-6.4,Minor,0.0764,139.003,4/4,0.144,2422
Pop,Céline Dion,"Because You Loved Me (Theme from ""Up Close and Personal"")",74,0.314,0.614,273667,0.466,0.0,C#,0.099,-9.881,Major,0.0327,119.916,4/4,0.178,2950
Pop,Ne-Yo,Because Of You,73,0.529,0.808,266840,0.545,0.0,C,0.0967,-5.728,Minor,0.0346,109.96,4/4,0.822,2654
Pop,Cher,Believe,76,0.0082,0.652,239027,0.917,0.0,F#,0.0509,-6.72,Major,0.0548,132.975,4/4,0.459,3053
Pop,MKTO,How Can I Forget,75,0.69,0.796,177141,0.53,0.0,G#,0.0646,-5.967,Major,0.0558,105.031,4/4,0.754,1730
Pop,Taylor Swift,Bad Blood,65,0.0871,0.652,211933,0.802,6.45e-06,G,0.148,-6.114,Major,0.181,170.157,4/4,0.295,2396
Pop,Pitbull,Give Me Everything,76,0.192,0.671,252307,0.939,0.0,G#,0.298,-3.206,Major,0.161,129.023,4/4,0.529,1868
Pop,Nick Jonas,Close,72,0.253,0.653,234213,0.623,0.0,F#,0.144,-5.273,Minor,0.082,123.999,4/4,0.401,1945
Pop,Kehlani,Gangsta,71,0.111,0.439,177029,0.447,0.0,A#,0.303,-8.318,Minor,0.0436,121.48,4/4,0.11,2212
Pop,Cheat Codes,No Promises (feat. Demi Lovato),68,0.0572,0.739,222787,0.619,0.0,A#,0.105,-6.669,Major,0.162,112.961,4/4,0.58,2340
Pop,DJ Snake,You Know You Like It,73,0.0113,0.426,247267,0.722,1.27e-06,F,0.262,-5.369,Minor,0.196,196.133,4/4,0.25,1834
Pop,Beyoncé,Best Thing I Never Had,72,0.143,0.545,253747,0.649,1.57e-05,F#,0.0894,-4.062,Major,0.0324,99.099,4/4,0.297,3064
Pop,Cash Cash,Finest Hour (feat. Abir),73,0.0789,0.656,215781,0.729,0.0,F,0.133,-4.223,Minor,0.0765,95.974,4/4,0.438,2614
Pop,Julia Michaels,Worst In Me,66,0.105,0.648,202347,0.616,0.0,F#,0.161,-7.82,Major,0.0606,105.985,4/4,0.275,2653
Pop,DNCE,Toothbrush,72,0.133,0.558,231813,0.801,0.0,G,0.392,-5.795,Major,0.131,105.006,4/4,0.831,2579
Pop,Shaggy,Angel,65,0.143,0.802,235133,0.77,0.0,F#,0.0424,-2.998,Major,0.0925,85.286,4/4,0.778,2137
Pop,Pia Mia,Do It Again,75,0.0299,0.714,207746,0.559,0.0,G#,0.088,-6.543,Major,0.0515,95.979,4/4,0.411,2158
Pop,5 Seconds of Summer,Killer Queen,72,0.00422,0.262,199357,0.789,0.0,A#,0.325,-4.548,Major,0.123,171.009,3/4,0.487,1955
Pop,Charlie Puth,Patient,75,0.752,0.675,190533,0.604,0.0,C#,0.111,-6.266,Major,0.193,168.034,4/4,0.456,1778
Pop,benny blanco,Better To Lie (with Jesse & Swae Lee),71,0.0376,0.758,176056,0.602,4.77e-06,A#,0.111,-7.909,Minor,0.094,155.038,4/4,0.519,2475
Pop,Shania Twain,Man! I Feel Like A Woman!,75,0.637,0.678,233000,0.899,0.0,A#,0.347,-2.937,Major,0.048,124.944,4/4,0.757,2771
Pop,Camila Cabello,Something's Gotta Give,73,0.367,0.545,236360,0.458,0.0,F,0.118,-4.6,Minor,0.0279,79.943,4/4,0.164,2656
Pop,Rihanna,Rude Boy,73,0.113,0.563,222920,0.75,0.0,B,0.0788,-4.496,Major,0.127,173.906,4/4,0.812,2974
Pop,Olivia O'Brien,Fuck Feelings,70,0.251,0.817,180693,0.36,0.0,G#,0.195,-6.45,Minor,0.0433,105.017,4/4,0.514,2070
Pop,Halsey,Castle,70,0.25,0.626,277623,0.571,0.0,G,0.0946,-7.461,Minor,0.0327,129.959,4/4,0.164,2597
Pop,Jason Derulo,Goodbye (feat. Nicki Minaj & Willy William),82,0.0776,0.643,195419,0.904,0.0,C,0.189,-3.694,Major,0.0739,103.028,4/4,0.481,3067
Pop,Justin Timberlake,What Goes Around.../...Comes Around (Interlude),72,0.131,0.685,448533,0.723,0.000935,G,0.592,-4.791,Major,0.176,75.995,4/4,0.385,2827
Pop,Taylor Swift,This Is Why We Can’t Have Nice Things,68,0.0156,0.567,207133,0.789,0.0,F,0.382,-5.986,Major,0.115,163.96,4/4,0.438,1982
Pop,Cyndi Lauper,Time After Time,72,0.576,0.724,243067,0.436,1.19e-06,C,0.0908,-9.321,Major,0.0282,130.439,4/4,0.324,2089
Pop,Demi Lovato,Cool for the Summer,73,0.00506,0.584,214740,0.614,9.7e-05,F,0.0802,-5.587,Minor,0.0363,114.075,4/4,0.28,2543
Pop,Why Don't We,Talk,71,0.0588,0.795,190347,0.7,0.0,F#,0.0977,-5.221,Minor,0.107,120.002,4/4,0.798,2025
Pop,The Black Eyed Peas,My Humps,65,0.12,0.8,326960,0.688,4.05e-06,E,0.111,-5.987,Major,0.223,123.929,4/4,0.623,2121
Pop,Destiny's Child,"Jumpin', Jumpin'",71,0.00543,0.771,230200,0.685,0.00157,C#,0.0537,-4.639,Major,0.0567,88.997,4/4,0.683,2790
Pop,Lady Gaga,The Edge Of Glory,63,0.000343,0.581,320587,0.772,0.0191,A,0.11,-6.544,Major,0.0401,127.952,4/4,0.361,1965
Pop,No Doubt,Don't Speak,68,0.224,0.515,263560,0.705,1.33e-05,C,0.17,-7.055,Minor,0.0333,76.078,4/4,0.532,2636
Pop,Selena Gomez & The Scene,Who Says,71,0.0843,0.682,195613,0.927,0.0,E,0.149,-2.915,Major,0.0479,101.019,4/4,0.744,2256
Pop,P!nk,"Just Like Fire (From the Original Motion Picture ""Alice Through The Looking Glass"")",72,0.0114,0.632,215414,0.701,0.0,G,0.108,-5.921,Major,0.146,162.958,4/4,0.497,1851
Pop,Backstreet Boys,Chances,70,0.0178,0.551,172627,0.755,0.0,B,0.466,-6.255,Major,0.0678,109.835,4/4,0.296,1952
Pop,Lady Gaga,Hair Body Face,70,0.0103,0.863,202640,0.457,5.32e-05,E,0.109,-6.422,Minor,0.0526,115.009,4/4,0.401,2964
Pop,Melanie Martinez,Pity Party,68,0.058,0.716,204086,0.73,7.32e-06,F#,0.151,-4.126,Minor,0.0364,136.05,4/4,0.339,2287
Pop,Troye Sivan,Bloom,72,0.031,0.708,222097,0.701,0.0,C,0.392,-5.196,Major,0.0328,120.932,4/4,0.504,2374
Pop,Rick Astley,Never Gonna Give You Up,67,0.135,0.727,212827,0.939,4.35e-05,G#,0.151,-11.855,Major,0.0369,113.33,4/4,0.916,2361
Pop,PRETTYMUCH,Blind,69,0.13,0.448,201600,0.761,0.0,D#,0.0823,-4.741,Major,0.221,149.687,4/4,0.333,3041
Pop,Trey Songz,Solid,70,0.0665,0.574,219052,0.587,0.0,D,0.467,-6.565,Minor,0.066,132.091,4/4,0.353,1950
Pop,Alec Benjamin,1994,68,0.281,0.772,184121,0.613,3.52e-06,G#,0.206,-6.185,Major,0.0692,87.022,4/4,0.862,2509
Pop,DJ Snake,Turn Down for What,72,0.00107,0.818,213733,0.799,0.128,C#,0.057,-4.1,Minor,0.156,100.014,4/4,0.0815,1957
Pop,Katy Perry,Chained To The Rhythm,75,0.0814,0.446,237733,0.8,0.0,C,0.199,-5.404,Major,0.174,189.89,4/4,0.474,2801
Pop,LMFAO,Party Rock Anthem,65,0.0189,0.75,262173,0.727,0.0,F,0.266,-4.21,Minor,0.142,129.993,4/4,0.359,2508
Pop,3OH!3,DONTTRUSTME,66,0.0163,0.791,192573,0.713,0.0,F,0.189,-3.742,Minor,0.254,130.012,4/4,0.514,1937
Pop,Years & Years,If You're Over Me,77,0.0615,0.647,189000,0.853,0.0,G#,0.062,-4.516,Major,0.0904,103.846,4/4,0.618,3033
Pop,Bruno Mars,Perm,70,0.0145,0.853,210053,0.871,6.84e-05,G#,0.198,-3.715,Major,0.0851,124.021,4/4,0.863,1804
Pop,Pharrell Williams,"Happy - From ""Despicable Me 2""",73,0.219,0.647,232720,0.822,0.0,F,0.0908,-4.662,Minor,0.183,160.019,4/4,0.962,3036
Pop,Jess Glynne,All I Am,77,0.0445,0.74,218868,0.669,0.0,C,0.184,-5.199,Major,0.0373,122.007,4/4,0.536,2497
Pop,Cameron Dallas,Why Haven't I Met You?,73,0.204,0.702,180480,0.473,0.0,D#,0.0848,-7.499,Minor,0.0421,104.974,4/4,0.528,2683
Pop,Jennifer Lopez,Te Guste,74,0.119,0.877,222787,0.619,0.0,A,0.088,-6.692,Minor,0.233,138.109,4/4,0.222,2866
Pop,Fifth Harmony,Worth It,76,0.063,0.884,224573,0.765,7.04e-06,G#,0.118,-3.865,Major,0.0882,99.987,4/4,0.594,2026
Pop,Shawn Mendes,Life Of The Party,65,0.0663,0.667,214533,0.614,0.0,A#,0.111,-4.995,Major,0.0314,113.979,4/4,0.161,1926
Pop,Train,Play That Song,68,0.0231,0.392,243253,0.825,2.25e-06,C,0.0972,-2.068,Minor,0.0535,98.959,4/4,0.482,2520
Pop,Ariana Grande,Touch It,69,0.0305,0.536,260000,0.694,0.0,G,0.183,-4.369,Minor,0.0331,100.899,4/4,0.293,2886
Pop,B.o.B,Nothin' on You (feat. Bruno Mars),71,0.386,0.688,268320,0.853,0.0,A#,0.0862,-5.814,Major,0.0493,103.993,4/4,0.743,1840
Pop,Carly Rae Jepsen,Now That I Found You,70,0.0145,0.611,200318,0.737,0.0,C,0.107,-5.154,Minor,0.0476,124.169,4/4,0.574,2460
Pop,Lana Del Rey,Blue Jeans,63,0.418,0.558,209440,0.837,0.0,D#,0.0821,-4.405,Major,0.0633,117.963,4/4,0.488,2331
Pop,David Guetta,Your Love,77,0.0997,0.571,185620,0.937,0.496,D,0.125,-2.682,Minor,0.0336,125.027,4/4,0.512,2167
Pop,One Direction,Perfect,72,0.0598,0.647,230333,0.823,0.0,D,0.119,-5.231,Major,0.0762,99.933,4/4,0.396,2064
Pop,Carlos Vives,Robarte un Beso,79,0.0826,0.742,194742,0.858,0.0,A#,0.364,-4.946,Major,0.0483,95.049,4/4,0.64,2764
Pop,Rita Ora,Your Song,78,0.158,0.855,180757,0.624,0.0,C#,0.0513,-4.093,Major,0.0488,117.959,4/4,0.962,1981
Pop,Bazzi,Cartier,65,0.243,0.481,172496,0.547,0.0,A,0.521,-5.894,Major,0.349,91.019,4/4,0.457,2572
Pop,Lana Del Rey,Cherry,69,0.048,0.449,180902,0.534,0.0011,G#,0.384,-9.493,Minor,0.0494,94.261,3/4,0.342,2335
Pop,Jeremy Zucker,better off - filous remix,68,0.164,0.782,176347,0.564,0.00689,G#,0.182,-7.752,Minor,0.226,101.058,4/4,0.448,1766
Pop,Whitney Houston,I Have Nothing,72,0.576,0.54,289160,0.401,0.0,C,0.164,-10.499,Major,0.0364,152.974,3/4,0.24,2607
Pop,Destiny's Child,Survivor,73,0.0559,0.514,254027,0.911,0.0,C#,0.775,-2.027,Minor,0.41,161.109,4/4,0.619,1732
Pop,Prince Royce,Corazon Sin Cara,68,0.0489,0.704,211453,0.83,0.0,B,0.111,-3.139,Major,0.0297,127.104,4/4,0.957,1990
Pop,Ginuwine,Pony,74,0.00186,0.749,251733,0.605,0.0381,G#,0.115,-9.359,Minor,0.086,142.024,4/4,0.966,1825
Pop,Belinda Carlisle,Heaven Is A Place On Earth,67,0.035,0.637,247293,0.786,2.57e-06,E,0.049,-10.192,Major,0.0324,122.872,4/4,0.804,3014
Pop,Ariana Grande,They Don't Know,68,0.00388,0.671,197253,0.71,1.58e-06,G,0.14,-6.749,Major,0.276,98.074,4/4,0.711,2664
Pop,Taylor Swift,Dancing With Our Hands Tied,67,0.0604,0.624,211507,0.691,1.1e-05,C,0.138,-6.686,Minor,0.196,160.024,4/4,0.284,3011
Pop,David Archuleta,Crush,72,0.00836,0.57,213520,0.664,1.2e-05,C,0.0719,-4.718,Minor,0.0322,162.084,4/4,0.487,2544
Pop,Calvin Harris,Faking It (feat. Kehlani & Lil Yachty),67,0.319,0.776,240093,0.589,0.0,A,0.0715,-4.543,Minor,0.115,120.034,4/4,0.668,2659
Pop,Steve Aoki,Are You Lonely (feat. ISÁK),74,0.0214,0.517,157333,0.793,0.00046,F#,0.0892,-5.851,Minor,0.0367,90.06,4/4,0.176,2011
Pop,Big Time Rush,Boyfriend,64,0.0987,0.614,201040,0.857,0.0,C#,0.177,-4.171,Minor,0.111,164.146,4/4,0.677,2055
Pop,Rihanna,Only Girl (In The World),67,0.119,0.78,235520,0.714,4.1e-06,B,0.217,-4.155,Minor,0.0382,125.924,4/4,0.666,1905
Pop,Jax Jones,Play,82,0.0266,0.771,186240,0.768,1.26e-05,B,0.426,-7.773,Minor,0.0451,125.023,4/4,0.607,2393
Pop,David Guetta,Don't Leave Me Alone (feat. Anne-Marie) - R3hab Remix,70,0.254,0.618,182461,0.949,2.99e-06,E,0.488,-2.697,Minor,0.0903,127.961,4/4,0.293,2027
Pop,Kehlani,Distraction,66,0.0266,0.66,235693,0.698,0.0,F,0.296,-6.266,Minor,0.0467,120.959,4/4,0.396,1750
Pop,OneRepublic,Start Again (feat. Logic),75,0.162,0.564,165627,0.722,0.0,C#,0.0931,-5.59,Minor,0.124,99.083,4/4,0.276,2237
Pop,Train,Meet Virginia,65,0.0863,0.675,239933,0.553,7.58e-06,G,0.118,-7.775,Major,0.0486,90.02,4/4,0.594,3022
Pop,Melanie Martinez,Mrs. Potato Head,68,0.174,0.517,217507,0.622,0.0,C#,0.105,-3.536,Minor,0.0577,170.154,4/4,0.463,2855
Pop,Jamie Foxx,Blame It,69,0.0782,0.673,289747,0.614,0.0,G,0.139,-5.426,Major,0.103,176.052,4/4,0.362,3035
Pop,Keri Hilson,Knock You Down,67,0.0124,0.593,326187,0.883,0.0,G#,0.177,-4.781,Major,0.186,155.171,4/4,0.671,2201
Pop,TLC,Waterfalls,72,0.311,0.77,279507,0.505,7.4e-05,C#,0.0777,-7.345,Major,0.0828,171.798,4/4,0.757,2223
Pop,Christina Perri,human,71,0.132,0.439,250707,0.489,0.000643,G#,0.114,-6.286,Major,0.0368,143.808,4/4,0.253,2701
Pop,Demi Lovato,Skyscraper,68,0.149,0.484,221293,0.604,0.0,G,0.131,-3.314,Major,0.0328,103.316,4/4,0.181,1801
Pop,Pharrell Williams,Frontin' (feat. Jay-Z) - Club Mix,66,0.453,0.894,236507,0.404,1.57e-06,A,0.0801,-5.913,Minor,0.13,102.009,4/4,0.759,2705
Pop,Jeremih,The Light,71,0.0178,0.83,179653,0.577,8.15e-05,E,0.0436,-5.156,Minor,0.256,92.973,4/4,0.63,2660
Pop,Ariana Grande,Honeymoon Avenue,62,0.214,0.685,339733,0.607,0.0,B,0.345,-5.301,Major,0.0431,125.011,4/4,0.455,1753
Pop,Simple Minds,Don't You (Forget About Me),72,0.168,0.66,263040,0.816,0.0181,D,0.0608,-6.61,Major,0.0299,111.346,4/4,0.678,2740
Pop,Bazzi,Alone,65,0.614,0.554,196352,0.414,0.0,A,0.0851,-6.335,Minor,0.0346,110.222,4/4,0.358,2592
Pop,Sigala,Lullaby,77,0.0784,0.725,204022,0.834,1.27e-05,F,0.0834,-3.913,Minor,0.037,120.026,4/4,0.859,2558
Pop,Katy Perry,Swish Swish,76,0.0184,0.839,242520,0.705,1.77e-05,F,0.102,-5.194,Minor,0.0445,119.954,4/4,0.575,2744
Pop,Eiffel 65,Blue (Da Ba Dee) - Gabry Ponte Ice Pop Radio,73,0.259,0.822,283748,0.969,0.000162,G,0.39,-11.471,Minor,0.0582,128.007,4/4,0.765,2295
Pop,Duran Duran,Hungry Like The Wolf - 2009 Remastered Version,71,0.0433,0.691,220627,0.812,1.16e-06,C,0.299,-7.772,Major,0.0558,127.568,4/4,0.685,2856
Pop,Shawn Mendes,Mutual,70,0.254,0.919,148360,0.478,0.0,B,0.134,-6.697,Minor,0.156,115.03,4/4,0.799,2897
Pop,Culture Club,Karma Chameleon - Remastered 2002,74,0.225,0.668,252773,0.73,0.0,A#,0.188,-7.182,Major,0.0366,92.049,4/4,0.894,1913
Pop,Lady Gaga,Perfect Illusion,69,0.00138,0.625,182000,0.855,0.0,C#,0.357,-5.471,Minor,0.0389,124.977,4/4,0.668,2731
Pop,Demi Lovato,Really Don't Care,68,0.123,0.706,201600,0.728,0.0,G,0.185,-3.602,Major,0.0852,121.017,4/4,0.851,2352
Pop,Ellie Goulding,Burn,67,0.31,0.559,231212,0.777,0.0,C#,0.105,-5.031,Major,0.0432,87.016,4/4,0.329,2923
Pop,Kesha,Die Young,69,0.00498,0.711,211920,0.7,0.000125,C#,0.215,-4.805,Minor,0.046,128.001,4/4,0.801,2029
Pop,Ace of Base,The Sign,68,0.00928,0.808,191240,0.786,0.0701,E,0.0574,-6.897,Minor,0.0447,96.987,4/4,0.899,1970
Pop,Robin Thicke,Blurred Lines,74,0.00373,0.862,263827,0.608,6.14e-06,G,0.0856,-4.762,Major,0.0402,120.002,4/4,0.836,2124
Pop,Ja Rule,Always On Time,72,0.205,0.607,245063,0.714,0.0,F,0.301,-6.007,Minor,0.278,96.619,4/4,0.827,2972
Pop,Backstreet Boys,Larger Than Life,69,0.11,0.661,232827,0.973,1.74e-05,C,0.617,-2.994,Minor,0.037,108.037,4/4,0.75,2458
Pop,Bazzi,Changed,64,0.226,0.852,143022,0.635,0.000321,F#,0.111,-5.065,Minor,0.0418,122.005,4/4,0.088,2632
Pop,gnash,t-shirt,64,0.147,0.623,184862,0.526,0.0,G,0.469,-8.454,Major,0.204,159.945,4/4,0.577,2233
Pop,Kesha,Woman,66,0.0438,0.743,196360,0.765,0.0416,F,0.667,-3.586,Minor,0.0389,114.991,4/4,0.338,1958
Pop,Madonna,Material Girl,71,0.333,0.742,240280,0.883,7.51e-06,C,0.0964,-3.419,Major,0.0329,136.506,4/4,0.978,2144
Pop,Bea Miller,it's not u it's me,71,0.0204,0.776,194526,0.568,1.69e-05,C,0.078,-6.419,Minor,0.125,150.901,4/4,0.749,1783
Pop,Lennon Stella,Fortress,66,0.407,0.811,174707,0.619,0.0,C,0.0716,-4.744,Minor,0.133,103.043,4/4,0.431,2434
Pop,The Buggles,Video Killed The Radio Star,64,0.0852,0.675,253800,0.61,0.0188,C#,0.159,-13.811,Major,0.085,131.037,4/4,0.344,2612
Pop,Steve Winwood,Higher Love - Single Version,64,0.0691,0.712,256040,0.905,0.0201,F,0.499,-5.774,Major,0.042,98.601,4/4,0.942,1819
Pop,Crowded House,Don't Dream It's Over,72,0.0148,0.439,236933,0.422,4.84e-05,G#,0.0697,-17.227,Major,0.0409,81.833,4/4,0.551,2862
Pop,Meghan Trainor,NO,70,0.0125,0.557,213507,0.801,1.66e-06,C#,0.737,-3.602,Minor,0.218,92.135,4/4,0.654,2916
Pop,Ariana Grande,Tattooed Heart,62,0.413,0.454,194707,0.521,0.0,G,0.119,-4.143,Major,0.0285,72.28,4/4,0.235,2153
Pop,Will Smith,Miami,70,0.0339,0.877,197560,0.534,1.73e-05,C#,0.0441,-6.18,Major,0.151,108.171,4/4,0.89,2830
Pop,Justin Bieber,Beauty And A Beat,71,0.000704,0.601,227987,0.843,5.27e-05,C,0.0681,-4.87,Major,0.0593,128.002,4/4,0.534,2322
Pop,Sia,Unstoppable,65,0.112,0.468,217747,0.779,0.000373,A,0.101,-4.839,Major,0.0779,173.799,4/4,0.26,2685
Pop,David Bowie,Space Oddity - 2015 Remastered Version,73,0.0748,0.299,318813,0.443,0.000138,C,0.177,-12.621,Major,0.0346,139.539,4/4,0.434,2822
Pop,Shawn Mendes,When You're Ready,70,0.792,0.485,169587,0.476,0.0,F,0.113,-8.887,Major,0.128,171.479,4/4,0.601,1826
Pop,Lauv,Easy Love,67,0.302,0.745,224449,0.481,3.67e-06,D,0.0808,-8.291,Major,0.054,137.001,4/4,0.229,2355
Pop,Savage Garden,Truly Madly Deeply,63,0.403,0.555,277267,0.698,0.0,C,0.0851,-8.874,Major,0.0287,168.12,4/4,0.816,2576
Pop,Wale,My Boy (feat. J. Cole) - Freestyle,68,0.197,0.814,269658,0.737,0.0,G,0.0954,-4.826,Major,0.259,171.687,4/4,0.461,2402
Pop,Enrique Iglesias,SUBEME LA RADIO,76,0.0744,0.684,208163,0.823,0.0,A,0.111,-3.297,Minor,0.0773,91.048,4/4,0.647,2478
Pop,Charlie Puth,Dangerously,62,0.364,0.696,199133,0.517,0.0,D,0.197,-8.379,Minor,0.0366,112.291,3/4,0.23,1796
Pop,Olivia Holt,History,68,0.0997,0.767,203992,0.631,0.0,C#,0.119,-6.762,Major,0.0541,100.968,4/4,0.541,2695
Pop,Bruno Mars,Straight Up & Down,68,0.0209,0.552,198187,0.733,0.0,D#,0.0858,-6.898,Minor,0.0933,143.56,4/4,0.643,1858
Pop,Lauv,The Other,68,0.421,0.38,189333,0.553,2.63e-06,G,0.0788,-6.621,Major,0.0653,179.629,4/4,0.384,1901
Pop,Katy Perry,The One That Got Away,70,0.000802,0.687,227333,0.792,0.0,C#,0.2,-4.023,Minor,0.0353,133.962,4/4,0.864,1751
Pop,Justin Timberlake,CAN'T STOP THE FEELING! - Film Version,65,0.00816,0.658,237400,0.82,0.0,C,0.0839,-5.825,Major,0.0674,112.938,4/4,0.697,2169
Pop,Shawn Mendes,Imagination,63,0.0743,0.481,217773,0.455,0.0,C,0.0694,-5.942,Major,0.0286,179.468,4/4,0.333,1735
Pop,Men At Work,Down Under,74,0.0485,0.746,220867,0.79,0.0261,B,0.0534,-4.7,Minor,0.0257,107.231,4/4,0.891,2086
Pop,Mandy Moore,"I've Got a Dream - From ""Tangled""/Soundtrack Version",63,0.639,0.604,191413,0.541,0.0,C#,0.169,-7.378,Minor,0.0915,134.326,4/4,0.892,2367
Pop,T.I.,Dead And Gone (feat. Justin Timberlake),69,0.0402,0.713,299747,0.746,0.0,C,0.601,-4.99,Major,0.259,135.021,4/4,0.47,2077
Pop,Sia,Helium,71,0.51,0.435,252320,0.401,0.0,E,0.077,-6.721,Major,0.0301,136.837,4/4,0.133,1854
Pop,Timmy Trumpet,Freaks - Radio Edit,67,0.0136,0.882,169160,0.965,0.388,E,0.206,-0.818,Major,0.13,128.129,4/4,0.759,2110
Pop,*NSYNC,Tearin' up My Heart - Radio Edit,65,0.0028,0.686,211000,0.915,7.16e-06,G,0.233,-4.447,Major,0.0364,110.054,4/4,0.796,3009
Pop,MARINA,Handmade Heaven,72,0.367,0.379,209891,0.503,0.0,F#,0.111,-5.814,Minor,0.0374,106.999,4/4,0.284,2052
Pop,Zedd,Beautiful Now,71,0.0079,0.628,218293,0.833,1.48e-05,B,0.074,-4.126,Minor,0.0282,128.003,4/4,0.56,2807
Pop,Justin Timberlake,Señorita,68,0.0729,0.841,294867,0.629,0.0,C#,0.0742,-5.351,Major,0.0442,97.963,4/4,0.87,2452
Pop,Charlotte Lawrence,Just The Same,67,0.38,0.736,211304,0.593,0.0,G,0.204,-4.677,Major,0.04,92.068,4/4,0.607,2048
Pop,The Black Eyed Peas,Just Can’t Get Enough,69,0.187,0.483,219427,0.648,0.0,C,0.0812,-8.651,Minor,0.327,93.939,4/4,0.242,2016
Pop,Clean Bandit,Baby (feat. MARINA & Luis Fonsi),80,0.356,0.755,205440,0.74,1.05e-05,C,0.0994,-5.354,Minor,0.04,116.946,4/4,0.33,2081
Pop,Victorious Cast,Take A Hint,62,0.00443,0.727,154000,0.86,0.0,D#,0.0718,-2.712,Major,0.0641,133.995,4/4,0.747,1843
Pop,Alec Benjamin,Swim,64,0.289,0.737,144387,0.562,0.000363,B,0.306,-6.117,Minor,0.0747,160.051,4/4,0.532,1810
Pop,The Clash,London Calling - Remastered,73,0.123,0.651,200480,0.801,0.0,C,0.0825,-7.34,Major,0.0513,133.763,4/4,0.776,2210
Pop,Carrie Underwood,The Champion,65,0.0822,0.666,223999,0.877,0.0,F#,0.128,-3.275,Major,0.194,91.054,4/4,0.524,2428
Pop,Lorde,Tennis Court,68,0.0175,0.764,198907,0.547,0.000161,C,0.23,-8.6,Major,0.0576,89.993,4/4,0.402,2955
Pop,Enrique Iglesias,Hero,63,0.135,0.567,264600,0.65,1.94e-05,G,0.11,-5.478,Major,0.0447,76.036,4/4,0.154,1978
Pop,The Smiths,This Charming Man - 2011 Remaster,72,0.00509,0.611,162920,0.846,0.0,B,0.0784,-5.9,Major,0.0436,103.912,4/4,0.751,1764
Pop,Lauv,Paranoid,67,0.644,0.701,192530,0.241,0.000171,D,0.149,-8.388,Minor,0.0515,107.969,3/4,0.132,3047
Pop,The Cardigans,Lovefool,71,0.0646,0.64,193893,0.602,0.0,A,0.375,-7.902,Major,0.0299,111.87,4/4,0.951,1968
Pop,Aly & AJ,Potential Breakup Song,62,0.00112,0.57,219773,0.886,0.00739,F#,0.594,-4.145,Minor,0.044,158.035,4/4,0.805,2057
Pop,Chelsea Cutler,You're Not Missing Me,65,0.244,0.683,213626,0.647,1.15e-05,D,0.0733,-6.36,Major,0.0371,91.041,4/4,0.351,1748
Pop,Andy Grammer,Fine By Me,65,0.00877,0.583,172893,0.791,0.0,B,0.0451,-4.087,Major,0.0318,89.993,4/4,0.878,2390
Pop,Lana Del Rey,In My Feelings,65,0.0553,0.54,238719,0.674,0.0608,D,0.112,-6.351,Major,0.0802,89.933,4/4,0.309,2289
Pop,Carly Rae Jepsen,I Really Like You,69,0.00543,0.622,204773,0.808,5.63e-05,F,0.215,-4.701,Major,0.0418,122.121,4/4,0.599,2723
Pop,Ariana Grande,You Don't Know Me,66,0.0453,0.381,233720,0.631,0.0,C,0.129,-5.886,Major,0.262,170.187,4/4,0.37,2358
Pop,Nicki Minaj,Starships,65,0.135,0.747,210627,0.716,0.0,B,0.251,-2.457,Minor,0.075,125.008,4/4,0.751,2555
Pop,ZAYN,No Candle No Light (feat. Nicki Minaj),69,0.0171,0.619,195027,0.752,0.000107,F,0.0949,-4.22,Minor,0.0496,122.133,4/4,0.462,2112
Pop,Westlife,Hello My Love,77,0.0971,0.679,214212,0.717,0.0,C,0.124,-4.548,Major,0.0384,121.96,4/4,0.255,2506
Pop,The Chainsmokers,Young,68,0.0105,0.615,224773,0.564,0.0,A,0.148,-6.384,Major,0.0291,103.006,4/4,0.454,2944
Pop,Sabrina Carpenter,Thumbs,68,0.0284,0.73,216467,0.718,0.0,G#,0.0892,-3.496,Major,0.0478,135.045,4/4,0.127,2649
Pop,The Chainsmokers,Don't Let Me Down - Illenium Remix,66,0.0751,0.428,218933,0.656,0.181,B,0.15,-3.712,Major,0.075,79.648,4/4,0.355,2431
Pop,James Arthur,Certain Things (feat. Chasing Grace),68,0.471,0.406,233467,0.62,9.72e-05,A,0.0893,-8.751,Major,0.153,129.812,4/4,0.26,2134
Pop,Jack & Jack,2 Cigarettes,65,0.363,0.752,225813,0.642,2.06e-06,A,0.384,-8.709,Minor,0.0568,111.967,4/4,0.243,2769
Pop,Lorde,Perfect Places,68,0.00241,0.622,221874,0.58,2.95e-05,C#,0.112,-5.273,Minor,0.0504,104.41,4/4,0.512,3026
Pop,David Bowie,"""Heroes"" - 2017 Remastered Version",75,0.000671,0.49,371413,0.758,0.484,G,0.092,-6.491,Major,0.0297,112.114,4/4,0.435,2436
Pop,Hayley Kiyoko,Girls Like Girls,67,0.0109,0.611,229656,0.701,9.83e-06,F#,0.0994,-5.235,Major,0.0248,142.027,4/4,0.604,2766
Pop,Louis Tomlinson,Miss You,69,0.0216,0.541,182026,0.69,0.0,D#,0.257,-5.391,Major,0.206,180.239,3/4,0.681,2465
Pop,Kid Ink,Promise (feat. Fetty Wap),68,0.0599,0.797,224240,0.469,0.0,G#,0.0753,-8.112,Major,0.0646,103.057,4/4,0.481,2328
Pop,Talking Heads,Burning Down The House (45 Version),64,0.00644,0.779,241920,0.87,0.0107,F,0.0399,-13.141,Minor,0.0574,102.689,4/4,0.555,2773
Pop,Prince Royce,Stand by Me,65,0.144,0.737,205267,0.821,9.11e-05,A,0.129,-2.085,Major,0.0292,128.0,4/4,0.913,2140
Pop,OneRepublic,Good Life,69,0.0929,0.636,253307,0.699,0.0,F#,0.115,-7.687,Major,0.0551,94.966,4/4,0.637,1761
Pop,LMFAO,Shots,64,0.0118,0.823,222133,0.826,1.93e-06,C#,0.205,-2.055,Major,0.0514,127.996,4/4,0.187,1816
Pop,Halsey,Ghost,66,0.0529,0.57,153657,0.606,0.000727,G,0.134,-8.085,Major,0.129,95.038,4/4,0.212,2991
Pop,Halsey,Heaven In Hiding,64,0.0957,0.55,207174,0.874,0.0,C#,0.0618,-3.954,Minor,0.136,117.926,4/4,0.476,1934
Pop,Sigala,Somebody,71,0.0938,0.675,238667,0.849,0.0,C,0.121,-3.841,Major,0.0675,100.111,4/4,0.681,1928
Pop,Chris Brown,To My Bed,65,0.073,0.71,273353,0.497,0.0,C#,0.136,-8.027,Minor,0.138,106.071,4/4,0.412,2376
Pop,T.I.,Jefe (feat. Meek Mill),67,0.0925,0.713,208486,0.825,0.0,D,0.58,-5.25,Major,0.288,127.95,4/4,0.742,2661
Pop,Galantis,Peanut Butter Jelly,67,0.00104,0.708,203133,0.945,0.0803,F,0.227,-3.247,Minor,0.234,127.96,4/4,0.545,2238
Pop,James TW,Please Keep Loving Me,73,0.117,0.537,195920,0.469,1.78e-06,F,0.106,-8.486,Major,0.0764,175.971,4/4,0.294,2835
Pop,Katy Perry,Rise,66,0.0397,0.546,203475,0.645,0.0,B,0.107,-6.4,Major,0.0527,101.578,4/4,0.457,2787
Pop,King Princess,I Know (feat. Fiona Apple) - RISE Recording,62,0.394,0.52,299613,0.253,0.000131,C,0.109,-12.407,Major,0.0344,139.555,3/4,0.219,2310
Pop,Madison Beer,HeartLess,66,0.209,0.636,158633,0.44,0.0,A#,0.0942,-7.354,Minor,0.0303,100.046,4/4,0.236,2421
Pop,Bea Miller,like that,71,0.181,0.687,185440,0.444,0.0,F#,0.533,-5.769,Minor,0.0554,61.97,4/4,0.407,2387
Pop,Bruno Mars,Too Good To Say Goodbye,68,0.0389,0.587,281827,0.63,0.0,D,0.35,-6.054,Major,0.0311,76.97,4/4,0.433,2373
Pop,The Police,Every Little Thing She Does Is Magic - Remastered 2003,65,0.127,0.535,260573,0.745,0.0792,D,0.179,-10.123,Major,0.0335,163.913,4/4,0.376,2716
Pop,ZAYN,wRoNg,65,0.395,0.614,212747,0.475,1.06e-06,G,0.265,-8.642,Minor,0.0362,99.968,4/4,0.422,2698
Pop,Trey Songz,Na Na,63,0.328,0.67,231907,0.476,0.0,A,0.104,-6.253,Minor,0.0406,96.975,4/4,0.235,2473
Pop,DJ Khaled,I'm On One,67,0.058,0.508,296147,0.809,0.0,B,0.608,-3.454,Minor,0.292,149.999,4/4,0.489,2146
Pop,Gryffin,Whole Heart,65,0.028,0.501,225200,0.648,1.26e-05,A,0.153,-7.173,Major,0.0696,163.834,4/4,0.191,3027
Pop,DNCE,Kissing Strangers,70,0.0547,0.772,202480,0.744,0.0,G,0.0852,-5.803,Major,0.0398,120.065,4/4,0.86,2240
Pop,The Chainsmokers,Honest,65,0.0121,0.673,208000,0.514,8.5e-05,C,0.385,-10.772,Minor,0.0465,100.035,4/4,0.312,2394
Pop,Selena Gomez,Come & Get It,68,0.0101,0.546,231987,0.787,0.00021,G,0.0809,-4.1,Minor,0.0517,79.979,4/4,0.573,2550
Pop,Beyoncé,Baby Boy,68,0.0825,0.655,244827,0.488,1.16e-06,C#,0.221,-9.17,Major,0.22,91.025,4/4,0.791,2554
Pop,Sia,Audio - CID Remix,67,0.106,0.524,161973,0.913,0.000131,D#,0.177,-3.069,Minor,0.05,123.936,4/4,0.644,2624
Pop,Marc E. Bassy,Dirty Water,65,0.404,0.666,161107,0.408,0.00253,C#,0.0316,-7.464,Major,0.0393,92.01,4/4,0.475,1756
Pop,Meghan Trainor,Lips Are Movin,67,0.0506,0.775,182667,0.825,1.03e-06,G,0.111,-5.402,Major,0.0464,139.091,4/4,0.95,2545
Pop,Carly Rae Jepsen,Cut To The Feeling,68,0.0121,0.7,207960,0.907,0.000923,D,0.307,-2.747,Major,0.0883,114.922,4/4,0.596,2536
Pop,Gente De Zona,La Gozadera,74,0.166,0.616,203160,0.989,0.0,A,0.172,-1.698,Minor,0.0483,95.036,4/4,0.902,1892
Pop,Cody Simpson,La Da Dee,68,0.00847,0.657,196787,0.828,0.0,F,0.326,-5.544,Major,0.0728,115.954,4/4,0.566,1848
Pop,Kesha,This Is Me,68,0.0206,0.382,234886,0.638,0.0,B,0.16,-4.516,Minor,0.041,94.44,4/4,0.15,2613
Pop,Marc E. Bassy,Made Love First,65,0.275,0.662,225667,0.51,0.0,C#,0.339,-8.418,Minor,0.0477,139.971,4/4,0.504,2752
Pop,Omarion,Post to Be (feat. Chris Brown & Jhene Aiko),70,0.0697,0.733,226581,0.676,0.0,A#,0.208,-5.655,Minor,0.0432,97.448,4/4,0.701,2894
Pop,Kehlani,Personal,63,0.199,0.765,227187,0.638,0.0,B,0.669,-4.548,Minor,0.13,113.981,4/4,0.626,2943
Pop,Ariana Grande,Beauty and the Beast,63,0.134,0.492,227933,0.532,0.0,F#,0.101,-7.035,Major,0.027,81.306,4/4,0.267,2626
Pop,Pretty Ricky,Grind With Me,69,0.000204,0.7,237733,0.538,0.0,C#,0.105,-5.952,Major,0.045,136.518,4/4,0.189,2684
Pop,Halsey,Devil In Me,64,0.0634,0.581,249239,0.71,0.0,D,0.0732,-5.245,Major,0.0348,106.04,4/4,0.188,2880
Pop,Sean Kingston,Fire Burning,67,0.0192,0.839,239987,0.804,0.0,C#,0.331,-2.513,Major,0.0329,122.973,4/4,0.888,2170
Pop,Pitbull,Feel This Moment,67,0.039,0.673,229507,0.758,0.0,G,0.341,-3.632,Major,0.158,135.956,4/4,0.542,2996
Pop,Ariana Grande,Focus,67,0.266,0.681,211360,0.879,0.0,D#,0.446,-6.006,Minor,0.291,99.955,4/4,0.818,2680
Pop,Bazzi,BRB,62,0.523,0.66,160582,0.616,0.0,A,0.391,-4.753,Major,0.0333,138.942,4/4,0.536,2461
Pop,Ansel Elgort,You Can Count On Me,63,0.23,0.654,246960,0.672,0.0,C,0.271,-5.258,Major,0.0457,97.992,4/4,0.342,2106
Pop,Nina Nesbitt,Colder,70,0.182,0.719,188493,0.493,0.0,B,0.0666,-7.718,Minor,0.0351,97.488,4/4,0.734,1773
Pop,PRETTYMUCH,Teacher,65,0.0238,0.515,194921,0.631,0.0,G,0.357,-4.7,Major,0.126,179.892,4/4,0.386,2589
Pop,Kid Ink,No Budget (feat. Rich The Kid),66,0.0265,0.804,197587,0.807,0.000108,F#,0.338,-5.396,Minor,0.08,146.987,4/4,0.888,2730
Pop,DEVO,Whip It,66,0.0744,0.78,161133,0.869,0.004,A,0.0621,-7.255,Major,0.0517,157.902,4/4,0.957,2224
Pop,Troye Sivan,Seventeen,67,0.165,0.612,218351,0.743,4.35e-05,E,0.319,-7.25,Major,0.0442,118.913,4/4,0.347,2817
Pop,Trey Songz,How Dat Sound (feat. 2 Chainz & Yo Gotti),66,0.158,0.767,238658,0.625,0.0,F,0.16,-3.533,Minor,0.24,144.927,4/4,0.647,2865
Pop,Justin Bieber,The Feeling,67,0.0879,0.538,244907,0.818,1.39e-06,C#,0.0971,-6.147,Minor,0.0586,127.101,4/4,0.198,2397
Pop,Calvin Harris,Under Control,73,0.129,0.544,184280,0.915,0.000914,G#,0.115,-3.405,Major,0.0841,126.094,4/4,0.51,2949
Pop,Nelly,The Fix,66,0.0485,0.812,173045,0.479,0.0,G#,0.102,-6.47,Major,0.0429,95.505,4/4,0.0873,2433
Pop,Berlin,"Take My Breath Away - Love Theme from ""Top Gun""",71,0.0613,0.497,255733,0.719,0.0,F#,0.411,-9.397,Major,0.0266,95.769,4/4,0.547,2265
Pop,One Direction,Live While We're Young,68,0.0629,0.658,200187,0.837,0.0,D,0.0969,-2.063,Major,0.0543,126.015,4/4,0.936,2899
Pop,MKTO,Just Imagine It,68,0.0466,0.699,250747,0.761,0.0,A#,0.107,-4.337,Major,0.0457,120.044,4/4,0.443,1747
Pop,Nicki Minaj,No Frauds,67,0.0766,0.873,272453,0.561,2.93e-06,C#,0.416,-7.013,Major,0.272,139.064,4/4,0.417,2007
Pop,Alphaville,Forever Young,75,0.42,0.489,226706,0.483,0.0028,A,0.236,-9.466,Minor,0.0275,136.822,4/4,0.333,2802
Pop,Sabrina Carpenter,Paris,67,0.0482,0.576,218080,0.671,0.0,D,0.114,-6.408,Minor,0.0474,114.839,4/4,0.226,1806
Pop,Blondie,Call Me,64,0.000646,0.554,212227,0.833,0.0025,D,0.0737,-6.667,Minor,0.0347,142.673,4/4,0.773,2726
Pop,Martin Jensen,Nobody,71,0.269,0.673,211040,0.687,0.0,F#,0.181,-5.295,Minor,0.0623,96.964,4/4,0.524,2825
Pop,One Direction,Half a Heart,68,0.286,0.515,188547,0.714,0.0,C,0.118,-4.516,Major,0.0348,155.954,4/4,0.495,2652
Pop,Flo Rida,GDFR (feat. Sage The Gemini & Lookas),70,0.000704,0.657,190186,0.827,0.00534,F,0.065,-4.036,Major,0.0734,145.889,4/4,0.69,2563
Pop,Marc E. Bassy,Plot Twist,64,0.103,0.687,227147,0.647,0.0,C#,0.0776,-5.984,Major,0.287,97.092,4/4,0.654,2975
Pop,Carrie Underwood,Love Wins,63,0.0112,0.523,228640,0.865,0.0,G,0.153,-4.697,Major,0.0989,135.115,4/4,0.325,2575
Pop,Kesha,We R Who We R,65,0.00987,0.736,204760,0.817,0.00167,G#,0.117,-4.9,Major,0.0407,119.95,4/4,0.653,2320
Pop,The Pussycat Dolls,Buttons,64,0.158,0.544,225560,0.823,0.0,D,0.268,-4.318,Major,0.32,210.75,4/4,0.434,2641
Pop,Calvin Harris,I Need Your Love (feat. Ellie Goulding),70,0.41,0.695,234507,0.869,0.0,G#,0.237,-5.066,Major,0.0483,124.989,4/4,0.58,1803
Pop,Cheat Codes,Let Me Hold You (Turn Me On),70,0.0992,0.681,162425,0.774,0.0,C#,0.35,-3.167,Minor,0.0787,102.924,4/4,0.267,2272
Pop,Destiny's Child,"Independent Women, Pt. 1",69,0.362,0.73,221133,0.602,3.69e-06,F#,0.169,-3.782,Minor,0.206,97.954,4/4,0.927,2063
Pop,Jennifer Lopez,On The Floor - Radio Edit,73,0.0848,0.758,230907,0.686,0.00127,B,0.142,-6.346,Major,0.0792,130.007,4/4,0.444,2176
Pop,R3HAB,Rumors (With Sofia Carson),68,0.44,0.712,138298,0.496,0.0,F#,0.186,-6.061,Major,0.124,141.212,4/4,0.638,1765
Pop,Meghan Trainor,All About That Bass,68,0.0476,0.811,188754,0.879,1.91e-06,A,0.109,-3.724,Major,0.0514,134.064,4/4,0.962,2993
Pop,Ying Yang Twins,Salt Shaker,66,0.0509,0.884,252440,0.697,0.0,B,0.094,-6.022,Major,0.128,101.965,4/4,0.322,1863
Pop,PSY,Gangnam Style (강남스타일),69,0.0055,0.736,219493,0.939,0.0,B,0.0905,-2.812,Minor,0.284,132.07,4/4,0.761,2364
Pop,Ruel,Don't Tell Me,67,0.565,0.565,241625,0.324,2.17e-05,E,0.381,-9.137,Minor,0.0342,77.495,3/4,0.139,2427
Pop,Timbaland,Apologize,63,0.0399,0.654,184400,0.61,0.0,G#,0.101,-6.051,Major,0.0285,118.032,4/4,0.118,2666
Pop,Wisin,"Escápate Conmigo (feat. Ozuna, Bad Bunny, De La Ghetto, Arcángel, Noriel & Almighty) - Remix",69,0.0464,0.797,386333,0.804,1.54e-05,C#,0.317,-4.817,Major,0.0711,91.973,4/4,0.451,2846
Pop,Cashmere Cat,Adore,65,0.0668,0.331,215999,0.614,1.28e-05,F,0.108,-5.588,Minor,0.0586,139.849,4/4,0.201,2932
Pop,Céline Dion,The Power of Love,67,0.36,0.546,342400,0.519,0.00046,G#,0.24,-9.072,Major,0.0291,140.054,4/4,0.247,1999
Pop,Lady Gaga,A-YO,65,0.102,0.666,207720,0.89,0.0,G,0.11,-5.686,Major,0.15,149.935,4/4,0.932,2492
Pop,Dillon Francis,Catchy Song (feat. T-Pain & That Girl Lay Lay) [From The LEGO® Movie 2: The Second Part - Original Motion Picture Soundtrack],65,0.00176,0.803,167540,0.907,3.12e-06,D,0.291,-5.641,Major,0.0349,119.96,4/4,0.815,1894
Pop,Olivia O'Brien,Trust Issues,64,0.0961,0.58,189867,0.375,0.0,G,0.17,-10.328,Major,0.061,92.98,4/4,0.143,2534
Pop,Lana Del Rey,Florida Kilos,62,0.28,0.266,256040,0.513,5.98e-05,C,0.11,-7.852,Major,0.0388,200.781,4/4,0.579,2672
Pop,When In Rome,The Promise,63,0.0864,0.629,220960,0.876,7.72e-05,C,0.0431,-10.141,Major,0.0444,118.01,4/4,0.358,2721
Pop,Keyshia Cole,Love,65,0.075,0.676,255333,0.512,0.0,F,0.0805,-4.18,Major,0.0286,116.69,4/4,0.333,2149
Pop,Sister Sledge,We Are Family,70,0.3,0.784,216733,0.893,1.57e-05,G,0.272,-5.153,Minor,0.0923,118.738,4/4,0.819,2502
Pop,Lost Kings,FU4E,68,0.134,0.794,207280,0.644,5.18e-05,F,0.182,-5.522,Major,0.0355,146.032,4/4,0.788,2346
Pop,Sia,I'm Still Here,73,0.00697,0.437,241910,0.719,3.86e-05,F#,0.0765,-4.569,Minor,0.0376,169.976,4/4,0.284,2973
Pop,Nick Jonas,Jealous,65,0.013,0.7,223107,0.701,0.0,B,0.461,-3.834,Minor,0.161,93.012,4/4,0.38,2039
Pop,ZAYN,LIKE I WOULD,65,0.0247,0.565,192133,0.832,0.0,A#,0.26,-5.732,Minor,0.114,112.827,4/4,0.233,1893
Pop,Jonas Blue,I See Love - From Hotel Transylvania 3,71,0.0133,0.736,173220,0.706,0.0,D,0.324,-3.899,Minor,0.0438,123.047,4/4,0.758,1853
Pop,Nick Jonas,Bom Bidi Bom,66,0.145,0.71,214760,0.511,0.0,F#,0.131,-6.442,Major,0.0424,86.995,4/4,0.183,2459
Pop,Jax Jones,You Don't Know Me - Radio Edit,75,0.163,0.877,213947,0.658,0.0,B,0.108,-6.055,Minor,0.132,123.999,4/4,0.693,2145
Pop,Ashanti,Rock Wit U (Awww Baby),64,0.433,0.712,209120,0.805,0.0,E,0.179,-3.142,Minor,0.0739,94.973,4/4,0.851,1921
Pop,Greyson Chance,Low,66,0.585,0.476,207640,0.534,0.000236,A,0.112,-7.432,Major,0.154,91.646,4/4,0.234,3061
Pop,Katy Perry,Bon appétit,70,0.13,0.799,227813,0.794,8.23e-05,F#,0.221,-5.834,Major,0.0628,106.031,4/4,0.524,2462
Pop,T-Pain,Dan Bilzerian,64,0.119,0.793,209663,0.789,0.0,E,0.0632,-3.962,Major,0.0626,149.99,4/4,0.606,2564
Pop,James Arthur,You Deserve Better,70,0.0322,0.516,207773,0.56,0.0,F#,0.15,-7.116,Minor,0.486,98.94,4/4,0.696,2890
Pop,B2K,"Bump, Bump, Bump",68,0.0956,0.833,282533,0.681,0.0,C#,0.0414,-6.028,Minor,0.215,95.48,4/4,0.887,2885
Pop,Fifth Harmony,Down,68,0.0162,0.53,165200,0.512,7.04e-05,G#,0.128,-7.094,Major,0.133,196.121,4/4,0.401,2961
Pop,Melanie Martinez,Training Wheels,62,0.697,0.571,205680,0.481,0.0,A,0.089,-7.179,Major,0.0444,113.753,4/4,0.0807,2857
Pop,Pitbull,Fireball (feat. John Ryan),66,0.0894,0.69,235012,0.937,0.000104,A#,0.0532,-5.393,Major,0.0642,122.951,4/4,0.794,1793
Pop,Justin Timberlake,Man of the Woods,62,0.315,0.624,243987,0.452,1.02e-05,C,0.311,-8.206,Major,0.0681,199.775,4/4,0.724,2580
Pop,DJ Khaled,"Do You Mind (feat. Nicki Minaj, Chris Brown, August Alsina, Jeremih, Future & Rick Ross)",62,0.0173,0.412,325615,0.548,0.0,A#,0.181,-6.981,Major,0.243,81.293,4/4,0.176,2255
Pop,Dillon Francis,Lost My Mind,66,0.016,0.603,261441,0.665,0.652,C,0.138,-5.372,Minor,0.0655,160.018,4/4,0.184,2929
Pop,LeAnn Rimes,How Do I Live,69,0.128,0.577,266973,0.462,0.0,D,0.0822,-7.989,Major,0.0279,128.303,4/4,0.258,2486
Pop,Ciara,Body Party,66,0.0143,0.577,234040,0.576,0.0,D,0.602,-6.299,Major,0.0563,133.973,4/4,0.12,2316
Pop,The-Dream,Shawty Is Da Shit,65,0.0831,0.782,262773,0.472,0.0,G,0.106,-5.016,Minor,0.0441,75.886,4/4,0.354,2362
Pop,2NE1,I Am The Best,65,0.0075,0.818,208731,0.845,0.0025,C,0.0549,-3.768,Major,0.0388,127.981,4/4,0.702,2232
Pop,Major Lazer,Powerful,63,0.133,0.402,206920,0.794,0.0,B,0.133,-3.982,Minor,0.125,195.058,3/4,0.702,2159
Pop,The Vamps,Middle Of The Night,70,0.00359,0.588,174600,0.752,0.0,B,0.0813,-4.322,Minor,0.0576,130.09,4/4,0.4,2834
Pop,Halsey,Strange Love,63,0.00212,0.605,247283,0.849,0.000372,B,0.192,-4.761,Major,0.043,89.993,4/4,0.599,1875
Pop,Zedd,Stay The Night - Featuring Hayley Williams Of Paramore,62,0.109,0.596,217347,0.738,0.0,G#,0.0947,-3.109,Major,0.0411,127.961,4/4,0.461,2319
Pop,Kelly Clarkson,Heartbeat Song,66,0.0137,0.49,198733,0.798,0.0,F#,0.0627,-3.66,Major,0.0489,149.109,4/4,0.479,1836
Pop,Cheat Codes,Sex,67,0.00453,0.503,228361,0.692,0.0,C,0.133,-5.836,Major,0.202,102.604,4/4,0.208,1885
Pop,Chris Brown,Kiss Kiss,63,0.0219,0.769,251160,0.52,0.0,C#,0.0762,-5.14,Major,0.212,140.112,3/4,0.58,2423
Pop,5 Seconds of Summer,Why Won’t You Love Me,64,0.000455,0.613,200606,0.78,0.0,F,0.124,-3.771,Major,0.0344,135.122,4/4,0.333,1980
Pop,Spice Girls,Say You'll Be There,66,0.0149,0.726,235973,0.679,1.49e-06,C#,0.0837,-6.219,Major,0.0473,107.02,4/4,0.751,2415
Pop,David Bowie,Let's Dance - 1999 Remastered Version,70,0.00388,0.619,457133,0.703,0.205,A#,0.163,-9.414,Minor,0.0525,115.043,4/4,0.709,3031
Pop,Duke Dumont,Ocean Drive,75,0.00637,0.686,206320,0.718,0.000703,G#,0.119,-5.054,Minor,0.0431,115.026,4/4,0.557,1800
Pop,Whitney Houston,I Have Nothing - Film Version,66,0.757,0.486,296040,0.448,0.0,G,0.0852,-9.133,Major,0.0342,152.864,3/4,0.17,2484
Pop,Deorro,Bring It Back,71,0.00167,0.762,165000,0.904,0.841,F,0.436,-4.064,Major,0.0862,127.962,4/4,0.518,1779
Pop,Shawn Mendes,Bad Reputation,68,0.229,0.413,198227,0.697,0.0,B,0.256,-5.823,Minor,0.188,150.047,3/4,0.332,3050
Pop,Bleachers,I Wanna Get Better,62,0.00281,0.446,204520,0.915,3.87e-05,A,0.218,-6.221,Major,0.141,190.013,4/4,0.398,2715
Pop,Spandau Ballet,True,72,0.506,0.744,328293,0.545,0.0977,C,0.0649,-9.361,Major,0.0297,97.409,4/4,0.346,1925
Pop,T. Rex,Bang a Gong (Get It On) - Remastered Version,62,0.157,0.729,267000,0.818,0.285,D,0.195,-9.992,Major,0.0732,125.811,4/4,0.907,2476
Pop,Galantis,Tell Me You Love Me,64,0.117,0.762,190400,0.797,0.0,F,0.202,-2.71,Major,0.135,122.066,4/4,0.525,2694
Pop,Bridgit Mendler,Hurricane,64,0.045,0.754,243987,0.825,3.88e-06,G,0.0945,-4.052,Minor,0.0702,95.026,4/4,0.411,2042
Pop,Calvin Harris,Thinking About You (feat. Ayah Marar),69,0.00262,0.725,247933,0.874,0.000412,C,0.0958,-3.715,Minor,0.0396,127.985,4/4,0.748,2293
Pop,Katy Perry,E.T.,64,0.0181,0.62,229573,0.869,0.0,C#,0.369,-5.252,Major,0.175,151.684,4/4,0.76,2082
Pop,JP Cooper,September Song - Guitar Acoustic,71,0.355,0.593,212153,0.394,0.0,C,0.121,-8.946,Minor,0.029,94.909,4/4,0.543,2958
Pop,Justin Timberlake,Morning Light,63,0.382,0.62,243040,0.497,0.0482,A,0.193,-9.585,Minor,0.119,155.908,4/4,0.55,1745
Pop,Jaheim,Put That Woman First,62,0.492,0.649,245773,0.536,0.0,F,0.184,-8.804,Minor,0.132,78.935,4/4,0.513,1808
Pop,Billy Idol,White Wedding - Pt. 1,68,0.0133,0.673,252200,0.814,0.00293,A,0.343,-5.411,Major,0.0367,147.193,4/4,0.728,2045
Pop,Cheat Codes,Boing Boing (feat. The Seige),62,0.019,0.803,217846,0.914,1.72e-06,C,0.463,-3.297,Major,0.199,130.067,4/4,0.695,2630
Pop,Rita Ora,Only Want You (feat. 6LACK),67,0.0574,0.671,192439,0.547,1.55e-06,F#,0.0855,-6.284,Minor,0.0526,82.034,4/4,0.336,3069
Pop,PRETTYMUCH,On My Way,62,0.0819,0.686,232036,0.637,0.0,G#,0.114,-3.865,Major,0.0459,105.039,4/4,0.337,2463
Pop,Steve Aoki,Anything More (feat. Era Istrefi) - Will Sparks Remix,63,0.00167,0.409,186672,0.847,0.00598,C#,0.186,-3.47,Major,0.0499,124.301,1/4,0.034,2739
Pop,T.I.,Fuck Nigga,63,0.0615,0.743,197956,0.784,0.0,F#,0.0892,-4.713,Minor,0.188,136.996,4/4,0.928,2888
Pop,Dillon Francis,Coming Over,65,0.227,0.631,178333,0.661,1.43e-06,F,0.166,-5.5,Minor,0.0999,174.031,4/4,0.698,2350
Pop,Shania Twain,That Don't Impress Me Much,69,0.153,0.745,238707,0.869,0.0,A#,0.139,-4.828,Minor,0.0574,125.005,5/4,0.963,1817
Pop,Little Mix,Power,73,0.0345,0.586,242293,0.865,5.55e-06,G,0.165,-4.092,Major,0.319,172.917,4/4,0.468,2222
Pop,Borgeous,Make Me Yours,69,0.0124,0.577,195239,0.615,1.33e-06,G,0.124,-6.084,Minor,0.0395,127.904,4/4,0.174,2925
Pop,Usher,Nice & Slow,64,0.153,0.819,227907,0.299,0.0,F,0.3,-11.964,Minor,0.122,121.913,4/4,0.515,2219
Pop,PRETTYMUCH,Healthy,62,0.106,0.713,197477,0.774,0.0,G#,0.0808,-4.08,Major,0.14,150.075,4/4,0.697,2208
Pop,Tiësto,Wasted,62,0.00149,0.638,190014,0.816,0.00115,D,0.195,-5.503,Major,0.0308,112.014,4/4,0.386,2774
Pop,Olivia O'Brien,Care Less More,64,0.58,0.746,175867,0.414,0.0,F,0.125,-8.112,Minor,0.307,127.931,4/4,0.723,2303
Pop,Diddy,"I Need a GirlPt. 2 (feat. Loon, Ginuwine & Mario Winans)",66,0.421,0.713,285587,0.471,0.0,C#,0.0308,-7.392,Minor,0.483,199.765,4/4,0.781,2578
Pop,Bobby V.,"Slow Down - 12"" Version",66,0.179,0.568,258667,0.732,4.92e-06,B,0.401,-4.896,Minor,0.103,186.048,4/4,0.626,2466
Pop,Sara Bareilles,I Choose You,64,0.105,0.731,218573,0.572,0.00012,F#,0.133,-7.889,Minor,0.0445,154.038,4/4,0.947,3045
Pop,David Guetta,Flames - Pink Panda Remix,68,0.0343,0.802,228387,0.845,0.0186,F,0.335,-5.509,Minor,0.0596,123.995,4/4,0.828,2863
Pop,One Direction,Fool's Gold,65,0.23,0.515,210893,0.773,1.29e-06,F#,0.0938,-4.848,Major,0.0479,128.001,4/4,0.379,2798
Pop,T-Pain,F.B.G.M.,64,0.127,0.689,188832,0.657,0.0,F,0.166,-3.632,Minor,0.0394,77.509,4/4,0.234,1794
Pop,Justin Bieber,I'll Show You,67,0.0427,0.314,199947,0.611,6.28e-05,A,0.184,-6.691,Minor,0.129,191.447,4/4,0.0604,2945
Pop,Tove Lo,disco tits,67,0.025,0.79,223795,0.728,0.00106,G,0.172,-6.523,Major,0.0612,110.059,4/4,0.333,2205
Pop,MAX,The Other Side (with MAX & Ty Dolla $ign),64,0.0203,0.687,210160,0.792,0.0,D,0.0717,-5.622,Major,0.228,154.083,4/4,0.774,2357
Pop,Lorde,Glory And Gore,63,0.267,0.683,210738,0.383,0.0,C#,0.239,-8.781,Major,0.038,143.931,4/4,0.264,2677
Pop,Missy Elliott,Lose Control (feat. Ciara & Fat Man Scoop),65,0.0311,0.904,226864,0.813,0.00697,E,0.0471,-7.105,Minor,0.121,125.461,4/4,0.81,2942
Pop,PLVTINUM,Come My Way,64,0.0442,0.718,213804,0.726,0.0,F#,0.0588,-7.201,Minor,0.0461,89.986,4/4,0.732,2407
Pop,Sigrid,High Five,68,0.173,0.651,169369,0.628,0.0,C#,0.0591,-5.811,Major,0.0959,150.014,4/4,0.513,1733
Pop,5 Seconds of Summer,Babylon,64,0.00155,0.521,213186,0.884,1.69e-06,E,0.209,-2.931,Minor,0.0403,92.988,4/4,0.494,2185
Pop,Halsey,Not Afraid Anymore,62,0.0026,0.552,226787,0.742,5.93e-05,F,0.128,-6.935,Minor,0.0649,131.994,4/4,0.43,2034
Pop,DJ Khaled,Top Off,66,0.0107,0.573,230713,0.591,0.0,B,0.455,-6.715,Minor,0.331,86.721,5/4,0.232,2791
Pop,Lauv,Question,62,0.443,0.635,235082,0.496,0.0,C,0.121,-7.301,Major,0.0936,121.696,4/4,0.373,2449
Pop,Tyrese,Sweet Lady,62,0.233,0.588,290600,0.522,0.0,A,0.24,-6.254,Minor,0.0383,66.024,4/4,0.584,2640
Pop,Icona Pop,I Love It (feat. Charli XCX) - Original Version,68,0.00855,0.714,155337,0.905,2.55e-05,G#,0.146,-2.663,Major,0.0289,125.927,4/4,0.838,2132
Pop,Beyoncé,***Flawless,64,0.0953,0.476,250960,0.688,0.000645,C#,0.438,-7.799,Major,0.245,140.553,4/4,0.352,1850
Pop,Christina Aguilera,Dirrty (feat. Redman),70,0.107,0.64,298853,0.889,0.0,D,0.339,-3.073,Major,0.322,99.931,4/4,0.436,2313
Pop,Dillon Francis,Say Less,64,0.101,0.681,204699,0.925,1.7e-05,G#,0.343,-5.436,Major,0.209,135.953,4/4,0.646,2099
Pop,Backstreet Boys,Nobody Else,62,0.338,0.671,218827,0.738,0.0,B,0.0632,-5.051,Major,0.0544,131.972,4/4,0.43,2997
Pop,Shawn Mendes,Honest,66,0.249,0.821,199187,0.601,0.0,A,0.0637,-6.249,Major,0.0626,116.965,4/4,0.712,2244
Pop,Wham!,Last Christmas - Remastered,71,0.262,0.757,267160,0.618,0.0,B,0.221,-7.964,Minor,0.0282,106.856,4/4,0.861,2479
Pop,MIKA,Popular Song,63,0.156,0.665,200213,0.809,0.0,G#,0.0613,-4.574,Major,0.0464,99.029,4/4,0.811,1865
Pop,Sigrid,Don't Kill My Vibe,66,0.257,0.544,184320,0.759,6.53e-05,A#,0.35,-4.839,Major,0.121,150.032,4/4,0.303,2173
Pop,Maggie Lindemann,Couple of Kids,63,0.64,0.62,222656,0.422,9.05e-06,E,0.213,-4.525,Major,0.0309,128.154,4/4,0.234,2983
Pop,Calvin Harris,Let's Go (feat. Ne-Yo),67,0.00777,0.71,232800,0.882,0.00771,E,0.294,-2.932,Minor,0.0595,128.016,4/4,0.875,2078
Pop,Noah Cyrus,Good Cry,62,0.171,0.8,197520,0.439,0.0,F#,0.132,-9.433,Major,0.0453,100.063,3/4,0.698,2381
Pop,Usher,ATA,63,0.015,0.717,187320,0.496,0.0,F,0.139,-6.263,Minor,0.045,140.01,4/4,0.301,2062
Pop,James Arthur,Safe Inside,67,0.187,0.317,222173,0.547,0.0,G#,0.121,-6.549,Major,0.0366,117.332,4/4,0.11,2756
Pop,Wrabel,The Village,65,0.534,0.55,230293,0.363,0.0,F,0.128,-7.326,Major,0.0336,121.94,4/4,0.286,2213
Pop,Ludacris,Money Maker,62,0.177,0.571,230613,0.613,0.0,C#,0.216,-6.836,Major,0.252,83.317,4/4,0.583,2823
Pop,Normani,Slow Down (with Calvin Harris),62,0.0855,0.853,205986,0.693,7.16e-05,C,0.11,-4.337,Major,0.0524,124.049,4/4,0.547,2808
Pop,Hanson,MMMBop,64,0.00565,0.693,268653,0.937,0.00411,A,0.0778,-6.298,Major,0.0503,104.844,4/4,0.662,2954
Pop,Michelle Branch,All You Wanted,62,0.00466,0.499,217680,0.72,0.00303,G#,0.122,-9.101,Major,0.0286,96.103,4/4,0.652,2762
Pop,ZAYN,iT's YoU,62,0.815,0.611,226653,0.319,0.0151,F,0.108,-10.743,Major,0.0357,124.92,4/4,0.176,2620
Pop,Huey Lewis & The News,Hip To Be Square,64,0.0025,0.668,245467,0.779,0.000347,A,0.139,-11.089,Major,0.0325,140.873,4/4,0.963,2887
Pop,SHY Martin,Lose You Too,68,0.153,0.445,186463,0.357,0.0,G,0.356,-9.163,Major,0.0445,147.062,4/4,0.159,2918
Pop,DNCE,Good Day,62,0.0562,0.718,218973,0.678,0.0,F,0.192,-4.933,Minor,0.0428,110.019,4/4,0.89,2686
Pop,5 Seconds of Summer,Monster Among Men,63,0.0918,0.495,192332,0.678,0.0,C,0.078,-4.627,Major,0.0583,166.105,4/4,0.475,1841
Pop,Kid Ink,Hell & Back,63,0.339,0.597,250558,0.545,0.0,G#,0.107,-6.956,Major,0.102,134.043,4/4,0.344,2770
Pop,LÉON,No Goodbyes,63,0.263,0.497,195800,0.521,0.0,G,0.12,-6.945,Minor,0.0354,147.848,4/4,0.18,2418
Pop,Shakira,She Wolf,64,0.289,0.865,188867,0.69,0.0138,G,0.225,-7.448,Major,0.0444,121.983,4/4,0.868,2069
Pop,Mariah Carey,Emotions,62,0.0411,0.741,248093,0.752,0.0012,A,0.0233,-7.009,Minor,0.0359,114.851,4/4,0.942,1809
Pop,Toni Braxton,Un-Break My Heart,69,0.413,0.625,270333,0.426,0.0,D,0.116,-8.392,Minor,0.0271,110.018,4/4,0.112,2477
Pop,Felix Jaehn,Ain't Nobody (Loves Me Better) (feat. Jasmine Thompson),72,0.676,0.78,186147,0.573,0.000176,D,0.0696,-7.014,Minor,0.031,117.963,4/4,0.511,2879
Pop,The Pointer Sisters,I'm So Excited,66,0.0962,0.59,230640,0.868,0.000322,F,0.442,-5.832,Minor,0.048,184.348,4/4,0.798,2852
Pop,The Psychedelic Furs,Love My Way,63,0.0223,0.673,211573,0.686,0.000184,C,0.0963,-12.194,Major,0.0363,126.09,4/4,0.662,1795
Pop,One Direction,Strong,65,0.0608,0.741,184373,0.663,0.0,C,0.0931,-7.308,Major,0.0434,115.013,4/4,0.338,2561
Pop,Shawn Mendes,Ruin,65,0.382,0.686,241893,0.382,0.0,D,0.109,-6.68,Major,0.0314,125.024,3/4,0.527,3019
Pop,Sasha Sloan,Normal,63,0.528,0.749,192200,0.419,7.85e-06,F,0.113,-9.41,Major,0.0719,120.166,4/4,0.279,3029
Pop,Céline Dion,That's the Way It Is,64,0.154,0.634,241373,0.886,0.0,A,0.118,-5.424,Major,0.0434,93.04,4/4,0.577,2966
Pop,MØ,Sun In Our Eyes - Don Diablo Remix,66,0.0589,0.699,206453,0.861,2.64e-06,E,0.0794,-3.09,Minor,0.173,125.942,3/4,0.315,2382
Pop,NOTD,I Wanna Know - Acoustic,64,0.758,0.668,200620,0.403,0.0,F#,0.184,-5.321,Major,0.0362,120.057,4/4,0.394,2094
Pop,The Chainsmokers,Siren,63,0.351,0.588,174307,0.779,0.0114,E,0.371,-4.284,Minor,0.107,150.015,4/4,0.264,2412
Pop,Atomic Kitten,The Tide Is High - Radio Mix,68,0.0234,0.776,205360,0.693,0.00177,G,0.0322,-2.528,Major,0.0314,102.996,4/4,0.635,2651
Pop,Axwell /\ Ingrosso,Dancing Alone,72,0.0853,0.699,253770,0.94,0.0,G#,0.336,-5.969,Minor,0.208,122.079,3/4,0.652,2707
Pop,One Direction,Right Now,65,0.218,0.645,200400,0.78,0.0,G#,0.0919,-5.165,Major,0.0319,120.008,4/4,0.372,2634
Pop,Tiësto,BOOM,71,0.0183,0.875,179512,0.835,0.00281,D,0.336,-3.626,Major,0.0499,123.054,4/4,0.287,2965
Pop,DNCE,Body Moves,64,0.00169,0.655,236453,0.696,0.0,C#,0.0352,-5.121,Major,0.0386,102.029,4/4,0.822,1873
Pop,Kim Petras,"1,2,3 dayz up (feat. SOPHIE)",66,0.0583,0.785,213678,0.592,2.84e-05,C#,0.131,-5.139,Major,0.0363,107.992,1/4,0.884,3010
Pop,Spice Girls,Spice Up Your Life,65,0.0105,0.556,173667,0.993,0.0341,C#,0.403,-5.067,Major,0.0464,124.016,4/4,0.702,3002
Pop,Mariah Carey,Heartbreaker,62,0.384,0.524,285707,0.816,0.0,C#,0.349,-5.872,Major,0.37,200.031,4/4,0.789,2311
Pop,One Direction,Happily,63,0.0426,0.623,175480,0.89,0.0,A,0.153,-4.783,Major,0.0394,117.0,4/4,0.824,3030
Pop,Prince Royce,Culpa al Corazón,63,0.465,0.839,222080,0.649,0.0,C,0.0973,-6.121,Major,0.0372,122.99,4/4,0.904,2895
Pop,Pitbull,Fun (feat. Chris Brown),63,0.156,0.793,202307,0.774,0.0,C,0.193,-3.667,Minor,0.0478,113.967,4/4,0.547,2353
Pop,Jennifer Lopez,El Anillo,71,0.0248,0.87,176816,0.691,0.0,D,0.0861,-4.11,Minor,0.18,130.056,4/4,0.469,2091
Pop,Omarion,Ice Box,65,0.189,0.775,256427,0.731,0.0,G#,0.129,-5.446,Major,0.134,131.105,4/4,0.821,2621
Pop,Matoma,Party On The West Coast (feat. Snoop Dogg),66,0.0448,0.635,233077,0.795,1.48e-05,C#,0.119,-5.089,Minor,0.0917,103.951,4/4,0.404,1855
Pop,Pia Mia,Ocean Drive,66,0.104,0.637,192599,0.783,0.0,A#,0.571,-5.228,Minor,0.131,133.164,5/4,0.371,2308
Pop,5 Seconds of Summer,Empty Wallets,62,0.0123,0.591,187651,0.709,0.0,C#,0.338,-4.324,Minor,0.0431,188.073,4/4,0.441,2113
Pop,Sigrid,Everybody Knows,65,0.641,0.656,265560,0.225,6.32e-05,G,0.101,-11.777,Major,0.0313,106.023,4/4,0.156,2404
Pop,Axwell /\ Ingrosso,Sun Is Shining,73,0.0866,0.467,254653,0.757,0.0,D,0.0742,-3.01,Major,0.0517,131.993,4/4,0.383,2129
Pop,Britney Spears,Sometimes,68,0.42,0.745,245067,0.742,0.0,A#,0.102,-5.693,Major,0.0259,95.996,4/4,0.806,2297
Pop,Trey Songz,Jill (Sumn Real),62,0.146,0.337,259762,0.461,0.0,A#,0.409,-9.195,Minor,0.218,85.419,4/4,0.354,1884
Pop,Madonna,Hung Up,69,0.0039,0.649,337733,0.647,0.161,A,0.0686,-7.695,Minor,0.0452,125.02,4/4,0.405,2804
Pop,5 Seconds of Summer,Woke Up In Japan,62,0.0119,0.677,157002,0.863,0.0,G,0.146,-3.785,Major,0.109,126.909,4/4,0.647,2566
Pop,Little Mix,Think About Us,72,0.0709,0.477,235147,0.791,0.0,G#,0.112,-3.331,Major,0.12,175.869,4/4,0.603,1920
Pop,Julia Michaels,Issues - Alan Walker Remix,66,0.166,0.766,181000,0.771,2.51e-06,G#,0.105,-4.358,Major,0.0483,113.946,4/4,0.686,3058
Pop,One Direction,End of the Day,63,0.0256,0.502,194973,0.594,0.0,B,0.0834,-5.031,Major,0.0365,153.687,5/4,0.349,2252
Pop,LÉON,Surround Me,67,0.344,0.53,232120,0.534,0.0,F,0.081,-7.87,Major,0.195,178.091,4/4,0.401,2285
Pop,B.o.B,So Good,62,0.0403,0.66,213253,0.9,0.0,G,0.219,-5.02,Major,0.14,85.51,4/4,0.591,2443
Pop,Dillon Francis,Get Low,64,0.0282,0.674,212773,0.932,0.71,B,0.684,-4.424,Minor,0.0859,101.033,4/4,0.728,2709
Pop,Shawn Mendes,In My Blood - Acoustic,71,0.733,0.57,212933,0.519,0.0,F,0.139,-5.671,Major,0.0309,139.701,4/4,0.24,2273
Pop,LÉON,Think About You,65,0.249,0.662,201133,0.744,0.000147,F#,0.116,-3.194,Major,0.0317,97.977,4/4,0.387,2650
Pop,Ailee,I will go to you like the first snow,66,0.66,0.497,229678,0.431,0.0,F,0.153,-4.755,Minor,0.0287,133.682,4/4,0.166,1914
Pop,ITZY,WANT IT?,64,0.0428,0.745,200303,0.951,0.00386,F,0.203,-2.425,Major,0.0527,127.957,4/4,0.606,2524
Pop,Adam Lambert,Ghost Town,66,0.186,0.703,208330,0.736,1.92e-05,E,0.174,-5.709,Minor,0.046,119.955,4/4,0.274,2909
Pop,Zedd,Spectrum,63,0.0137,0.609,243413,0.801,0.00349,C,0.127,-4.417,Minor,0.034,129.99,4/4,0.407,2581
Pop,Tears For Fears,"Head Over Heels - Dave Bascombe 7"" N.Mix",65,0.338,0.623,257316,0.739,1.88e-05,G,0.109,-8.116,Major,0.0244,95.007,4/4,0.642,2245
Pop,Vigiland,Be Your Friend‬‬,74,0.0688,0.6,180820,0.754,0.0,C,0.151,-4.204,Major,0.0488,128.044,4/4,0.641,2314
Pop,Britney Spears,I'm a Slave 4 U,66,0.415,0.847,203600,0.843,0.000134,F,0.107,-3.579,Minor,0.106,110.027,4/4,0.963,2797
Pop,Little Mix,Wasabi,68,0.00451,0.847,154787,0.656,0.000854,D,0.143,-4.976,Major,0.115,114.001,4/4,0.234,3039
Pop,OneRepublic,All The Right Moves,63,0.284,0.53,238000,0.95,1.01e-05,C,0.211,-3.526,Major,0.0503,146.035,4/4,0.733,1824
Pop,Whitney Houston,Saving All My Love for You,64,0.593,0.636,238467,0.264,4.22e-05,F#,0.275,-14.567,Minor,0.0263,99.304,3/4,0.264,2288
Pop,Macklemore & Ryan Lewis,Growing Up (feat. Ed Sheeran),62,0.178,0.74,305240,0.549,0.0,A,0.114,-7.072,Major,0.303,85.16,4/4,0.469,1895
Pop,Lady Gaga,G.U.Y.,62,0.0141,0.616,232667,0.919,0.0,F,0.117,-3.468,Minor,0.0401,110.008,4/4,0.572,2017
Pop,David Bowie,Modern Love - 1999 Remastered Version,67,0.000376,0.315,288467,0.889,0.00241,C,0.133,-8.192,Major,0.041,181.329,4/4,0.961,2008
Pop,The Kinks,All Day and All of the Night,69,0.262,0.551,141507,0.86,4.57e-06,G,0.0558,-7.839,Major,0.0796,136.921,4/4,0.723,2876
Pop,Bibio,Curls,63,0.879,0.497,197933,0.348,0.796,A,0.722,-10.593,Major,0.0285,82.176,4/4,0.227,2333
Pop,Savage Garden,I Knew I Loved You,64,0.307,0.556,251253,0.517,0.00115,A,0.077,-8.769,Major,0.0287,169.938,4/4,0.779,2921
Pop,DJ Khaled,"All I Do Is Win - Feat. T-Pain, Ludacris, Snoop Dogg & Rick Ross",64,0.0135,0.55,230281,0.779,0.0,C,0.333,-3.841,Major,0.211,150.069,4/4,0.315,2435
Pop,George Michael,Father Figure - Remastered,64,0.163,0.689,336667,0.333,3.36e-05,D#,0.0853,-13.288,Major,0.0262,101.988,4/4,0.284,2761
Pop,Trey Songz,Shootin Shots (feat. Ty Dolla $ign & Tory Lanez),63,0.287,0.536,190084,0.755,0.0,C#,0.0634,-3.554,Major,0.261,84.118,4/4,0.737,2529
Pop,Jason Derulo,Get Ugly,66,0.0462,0.75,200492,0.683,1.32e-06,A,0.297,-4.829,Minor,0.12,111.066,4/4,0.539,2951
Pop,DNCE,DANCE,62,0.0819,0.778,179333,0.789,0.0,G#,0.0609,-4.301,Major,0.0577,130.054,4/4,0.941,2494
Pop,OneRepublic,Let's Hurt Tonight,67,0.36,0.459,194520,0.706,1.62e-06,F,0.256,-4.467,Major,0.033,65.163,4/4,0.315,1940
Pop,Wrabel,Poetry,62,0.0208,0.575,249813,0.478,1.11e-05,G#,0.144,-5.517,Major,0.0314,125.968,4/4,0.297,2454
Pop,Sia,Thunderclouds - Lost Frequencies Remix,66,0.0892,0.521,198493,0.692,0.000287,G,0.057,-6.542,Major,0.0532,124.059,4/4,0.398,2594
Pop,Clean Bandit,Tears (feat. Louisa Johnson),70,0.0431,0.605,225915,0.77,0.0,F,0.159,-3.645,Minor,0.0446,130.037,4/4,0.298,1997
Pop,Mark Ronson,Nothing Breaks Like a Heart - Dimitri from Paris Remix,64,0.0619,0.592,212463,0.8,0.0,G,0.138,-4.62,Minor,0.0614,114.009,4/4,0.333,2023
Pop,Sigrid,Strangers,71,0.00544,0.757,233726,0.726,0.000982,D,0.0736,-6.071,Major,0.0394,115.034,4/4,0.12,2959
Pop,Dua Lipa,Genesis,67,0.0244,0.715,205720,0.572,0.0,G,0.26,-6.853,Major,0.0745,113.02,4/4,0.429,2339
Pop,Rihanna,Russian Roulette,66,0.046,0.48,227533,0.486,0.0,F#,0.107,-5.754,Minor,0.0447,80.051,4/4,0.265,2344
Pop,Jess Glynne,Thursday (feat. H.E.R.),69,0.316,0.771,216297,0.575,0.0,D,0.0849,-4.128,Major,0.0513,111.93,4/4,0.419,2451
Pop,ZAYN,I Don't Mind,62,0.379,0.684,205413,0.516,0.0,B,0.0818,-9.198,Minor,0.114,82.962,4/4,0.454,1844
Pop,Tiësto,Carry You Home (feat. StarGate & Aloe Blacc),67,0.0308,0.518,192731,0.724,0.0,G#,0.116,-6.327,Major,0.0839,121.884,4/4,0.334,2864
Pop,Fabolous,Can't Let You Go (feat. Mike Shorey & Lil' Mo),63,0.231,0.646,223973,0.6,0.0,A,0.0794,-6.569,Major,0.458,192.082,4/4,0.811,2521
Pop,Gryffin,Tie Me Down (feat. Elley Duhé) - Blanke Remix,62,0.12,0.578,251515,0.679,0.0,F#,0.153,-3.546,Major,0.0716,99.404,4/4,0.399,1975
Pop,Vicetone,Walk Thru Fire,66,0.329,0.639,194483,0.664,1.53e-06,F,0.382,-4.926,Major,0.0357,116.028,4/4,0.351,3023
Pop,Britney Spears,Lucky,63,0.262,0.765,206227,0.791,0.000154,G#,0.0669,-5.707,Major,0.0317,95.026,4/4,0.966,2049
Pop,Silversun Pickups,Lazy Eye,62,0.0401,0.633,354360,0.831,0.693,E,0.117,-5.053,Major,0.0461,127.397,4/4,0.243,2706
Pop,Chingy,Holidae In,62,0.0893,0.81,314352,0.791,0.0,G,0.0838,-5.909,Major,0.181,153.067,4/4,0.948,2220
Pop,Whitney Houston,It's Not Right But It's Okay,63,0.162,0.806,292400,0.802,0.000885,C#,0.0698,-7.076,Major,0.102,127.931,4/4,0.529,2457
Pop,Faith Evans,Love Like This,62,0.00364,0.767,275707,0.551,0.0,C,0.0451,-7.328,Major,0.0616,100.904,4/4,0.796,2329
Pop,Jodeci,Freek'n You,62,0.0792,0.709,379228,0.521,0.0,F,0.0504,-9.497,Minor,0.0314,134.165,4/4,0.449,2697
Pop,Shakira,Loca,65,0.342,0.8,183693,0.692,1.92e-06,A,0.0554,-5.57,Minor,0.0614,112.002,4/4,0.917,2380
Pop,Tiësto,Split (Only U) - Radio Edit,64,0.048,0.634,256641,0.927,0.687,C#,0.0864,-3.282,Major,0.136,128.016,4/4,0.35,2525
Pop,ZAYN,Talk To Me,62,0.112,0.536,180427,0.495,0.0,F#,0.234,-8.08,Minor,0.142,101.123,4/4,0.433,2072
Pop,Sigrid,Sucker Punch,67,0.00153,0.638,194323,0.642,4.07e-06,G,0.0826,-4.422,Major,0.0639,165.984,4/4,0.676,2989
Pop,Timmy Trumpet,Mufasa,68,0.00845,0.359,167143,0.976,0.623,E,0.288,-2.285,Major,0.0932,139.938,4/4,0.0752,2103
Pop,R3HAB,I Just Can't,62,0.162,0.652,156000,0.595,0.0,F#,0.148,-6.944,Minor,0.0419,77.538,4/4,0.303,2098
Pop,Simply Red,Holding Back the Years - 2008 Remaster,68,0.58,0.707,269840,0.514,0.000159,A,0.0953,-8.885,Minor,0.0281,86.035,4/4,0.524,1820
Pop,Fifth Harmony,He Like That,64,0.362,0.592,217107,0.681,0.0,C,0.142,-5.597,Major,0.141,147.016,4/4,0.491,2818
Pop,James Arthur,I Am,62,0.394,0.476,191080,0.592,0.0,F#,0.15,-5.181,Minor,0.0644,81.976,4/4,0.325,2122
Pop,Meghan Trainor,Like I'm Gonna Lose You (feat. John Legend),62,0.429,0.574,222107,0.528,0.0,C,0.247,-7.224,Major,0.035,71.997,4/4,0.464,2533
Pop,Axwell /\ Ingrosso,I Love You - Chace Remix,64,0.0731,0.795,173182,0.622,0.0,C,0.0923,-5.945,Major,0.256,114.98,4/4,0.612,2971
Pop,Austin Mahone,Mmm Yeah (feat. Pitbull),64,0.00266,0.712,231625,0.922,1.9e-06,F#,0.268,-3.902,Minor,0.0411,125.984,4/4,0.976,2538
Pop,SHINee,View,62,0.04,0.728,190821,0.801,0.0,F#,0.0415,-4.428,Minor,0.0439,123.953,4/4,0.656,2638
Pop,Backstreet Boys,Drowning,63,0.0799,0.568,267227,0.782,0.0,F#,0.0985,-5.968,Major,0.0396,141.942,4/4,0.481,2216
Pop,Juanes,A Dios Le Pido,67,0.0585,0.678,205373,0.845,0.0,G,0.0942,-3.527,Major,0.055,97.002,4/4,0.954,2510
Pop,Years & Years,All For You,65,0.135,0.65,219640,0.718,9.53e-05,C#,0.106,-4.365,Minor,0.0384,114.034,4/4,0.686,2453
Pop,Anne-Marie,Ciao Adios,71,0.127,0.698,200105,0.882,0.0,E,0.15,-3.078,Minor,0.0863,106.083,4/4,0.445,2430
Pop,Galantis,Spaceship (feat. Uffie),64,0.322,0.518,167079,0.842,0.0,A#,0.101,-1.816,Major,0.0828,125.854,4/4,0.375,1924
Pop,Little Mix,Joan of Arc,65,0.00211,0.814,191760,0.627,0.00124,G#,0.0607,-3.294,Major,0.0499,100.019,4/4,0.603,2365
Pop,Britney Spears,Till the World Ends,63,0.0228,0.693,237947,0.705,0.0,G#,0.202,-5.747,Major,0.0665,131.951,4/4,0.45,1943
Pop,Kaskade,Cold as Stone - Lipless Remix,65,0.237,0.619,228667,0.663,0.0,G,0.111,-6.937,Major,0.0366,123.93,4/4,0.142,2596
Pop,OneRepublic,No Vacancy,69,0.0556,0.72,223190,0.727,0.0,F,0.138,-3.882,Major,0.0489,99.994,4/4,0.481,2792
Pop,Shawn Mendes,Understand,62,0.355,0.613,300973,0.616,0.0,C,0.099,-6.33,Major,0.39,78.996,4/4,0.102,2829
Pop,Luis Fonsi,Llegaste Tú,66,0.788,0.756,221947,0.522,0.0,C#,0.199,-6.691,Major,0.0405,119.937,4/4,0.522,2241
Pop,The Smiths,Bigmouth Strikes Again - 2011 Remaster,65,0.0704,0.401,193320,0.901,0.0,C#,0.538,-5.011,Minor,0.041,134.799,4/4,0.839,2540
Pop,Jessie J,Masterpiece,65,0.0153,0.661,220653,0.733,0.0,C,0.0982,-2.701,Minor,0.0433,143.92,4/4,0.613,2481
Pop,Don Diablo,"Survive (feat. Emeli Sandé, Gucci Mane)",72,0.714,0.585,189427,0.772,6.97e-06,A#,0.113,-6.619,Minor,0.196,99.565,4/4,0.364,2662
Pop,Janet Jackson,Got 'Til It's Gone,63,0.0223,0.789,241760,0.413,0.000313,G,0.3,-7.518,Major,0.244,89.911,4/4,0.518,1962
Pop,Vigiland,Friday Night‬‬‬,70,0.00106,0.717,173871,0.666,6.28e-06,C#,0.0528,-5.555,Minor,0.0358,128.056,4/4,0.0814,2215
Pop,Kim Wilde,You Keep Me Hangin On,63,0.0838,0.689,255220,0.679,0.000124,G,0.14,-12.14,Minor,0.0321,123.443,4/4,0.669,2125
Pop,Jax Jones,House Work,63,0.253,0.759,157208,0.947,0.255,B,0.0498,-5.261,Minor,0.0655,123.964,4/4,0.726,2235
Pop,Cody Simpson,Don’t Let Me Go,62,0.155,0.599,186400,0.505,0.000315,C,0.244,-7.974,Major,0.0521,93.934,3/4,0.559,2441
Pop,Galantis,Hunter,65,0.159,0.47,183467,0.727,0.0,G,0.15,-5.752,Major,0.131,99.465,4/4,0.63,2952
Pop,Will Smith,Men In Black,63,0.0961,0.801,227267,0.581,0.000296,F,0.0971,-8.491,Minor,0.0681,107.545,4/4,0.657,2526
Pop,Robert Palmer,Addicted To Love,65,0.361,0.702,363640,0.59,3.91e-06,D,0.0512,-12.76,Major,0.0302,111.57,4/4,0.973,2102
Pop,CID,Werk,68,0.0457,0.789,172800,0.876,0.0326,C,0.172,-4.008,Major,0.176,124.963,4/4,0.512,2444
Pop,Jennifer Lopez,Booty,62,0.00344,0.714,209700,0.951,0.000161,C,0.225,-4.151,Major,0.0533,128.964,4/4,0.458,2260
Pop,Ne-Yo,One In A Million,62,0.122,0.763,243227,0.794,2.86e-06,B,0.327,-6.078,Major,0.0364,99.999,4/4,0.65,2152
Pop,Olly Murs,Moves (feat. Snoop Dogg),72,0.113,0.598,165106,0.891,0.0,A,0.168,-3.458,Minor,0.262,202.039,4/4,0.942,2300
Pop,LÉON,I Believe in Us,64,0.799,0.555,202147,0.423,0.0,C,0.112,-6.232,Major,0.044,137.044,4/4,0.257,1992
Pop,Avicii,Lonely Together - (feat. Rita Ora) Alan Walker Remix,64,0.284,0.522,179760,0.772,0.0,F,0.236,-5.799,Major,0.0525,102.628,4/4,0.473,2749
Pop,Don Diablo,You're Not Alone (feat. Kiiara),68,0.204,0.445,187742,0.803,0.00147,B,0.066,-4.055,Minor,0.0964,123.502,3/4,0.4,1737
Pop,Austin Mahone,Send It (feat. Rich Homie Quan),65,0.186,0.737,181003,0.585,0.0,F,0.115,-6.252,Major,0.0975,147.064,4/4,0.693,2940
Pop,Nina Nesbitt,Somebody Special,62,0.43,0.559,198658,0.379,0.0,F,0.0649,-7.217,Minor,0.0955,172.095,4/4,0.791,2505
Pop,Shakira,Trap (feat. Maluma),64,0.556,0.774,199813,0.504,0.0,G,0.128,-6.843,Minor,0.0552,132.009,4/4,0.323,2363
Pop,Dua Lipa,No Goodbyes,65,0.00795,0.678,216080,0.714,0.0,C,0.0827,-4.924,Major,0.0408,109.021,4/4,0.307,2243
Pop,Kelly Clarkson,Never Enough,62,0.139,0.398,204133,0.512,0.0,G#,0.115,-7.148,Major,0.0486,133.659,4/4,0.0956,2366
Pop,Vicetone,Fences,66,0.426,0.698,211557,0.81,0.0,C,0.136,-5.032,Minor,0.0367,109.055,4/4,0.678,2927
Pop,Bebe Rexha,I'm a Mess - Acoustic,66,0.685,0.748,153094,0.406,3.61e-06,C#,0.118,-8.142,Major,0.035,100.034,4/4,0.811,2432
Pop,Juanes,Fotografía,68,0.303,0.602,238133,0.712,0.0,G,0.185,-4.375,Major,0.0453,84.864,4/4,0.631,1770
Pop,Rita Ora,Body on Me,65,0.0132,0.636,225218,0.741,0.0,B,0.287,-5.436,Minor,0.041,88.999,4/4,0.53,2175
Pop,PSY,DADDY,62,0.0788,0.762,230635,0.87,0.0,F#,0.137,-3.287,Minor,0.128,132.049,4/4,0.753,2317
Pop,Ciara,Dose,62,0.0316,0.808,222190,0.752,2.5e-05,G,0.405,-5.024,Minor,0.0733,113.993,4/4,0.568,2446
Pop,Avril Lavigne,Bigger Wow,63,0.068,0.754,175191,0.681,0.0,F#,0.0591,-4.846,Major,0.0315,103.011,4/4,0.845,2284
Pop,Corona,The Rhythm of the Night,69,0.000232,0.69,264280,0.805,0.739,F,0.095,-11.522,Minor,0.0336,127.808,4/4,0.799,2060
Pop,Foals,Exits,63,0.0559,0.483,357419,0.858,0.00107,A,0.514,-2.94,Minor,0.0346,188.055,4/4,0.712,1994
Pop,Axwell /\ Ingrosso,I Love You,64,0.3,0.643,190987,0.868,0.0,C,0.119,-4.03,Major,0.15,114.895,4/4,0.71,2977
Pop,Rudimental,Scared of Love (feat. RAY BLK & Stefflon Don),70,0.0159,0.721,203000,0.691,1.87e-06,F,0.286,-4.671,Major,0.0536,118.018,4/4,0.343,1912
Pop,Justin Bieber,All Around The World,63,0.019,0.689,244547,0.816,2.42e-06,D#,0.181,-3.951,Minor,0.178,127.958,4/4,0.775,2867
Pop,RuPaul,"Kitty Girl (feat. The Cast of Rupaul's Drag Race All Stars, Season 3)",63,0.00358,0.824,195850,0.792,0.0,G#,0.102,-4.078,Major,0.0415,124.993,4/4,0.777,2565
Pop,Little Mix,Oops,66,0.421,0.831,204760,0.657,0.0,B,0.132,-4.161,Minor,0.0483,105.001,4/4,0.916,2737
Pop,Vigiland,Shots & Squats,70,0.00674,0.813,171799,0.819,0.000423,C#,0.225,-5.039,Major,0.121,127.997,4/4,0.279,3057
Pop,Swedish House Mafia,Greyhound,65,0.00666,0.723,410097,0.806,0.876,C,0.276,-4.989,Major,0.0521,124.976,4/4,0.539,2841
Pop,Foals,Birch Tree,64,0.0186,0.659,261133,0.792,0.0405,F#,0.102,-7.101,Minor,0.0301,108.009,4/4,0.466,2009
Pop,The Bangles,Eternal Flame,70,0.525,0.526,238027,0.358,0.0,E,0.0942,-7.239,Minor,0.0243,78.988,3/4,0.4,2805
Pop,James TW,Torn - Bonus Track,65,0.306,0.599,196213,0.546,0.0,A,0.119,-6.459,Major,0.159,95.141,4/4,0.411,2178
Pop,Matoma,Running Out,62,0.0856,0.601,211200,0.682,0.00384,A#,0.132,-5.905,Major,0.0338,94.999,4/4,0.17,1757
Pop,Dua Lipa,Last Dance,64,0.0232,0.589,228976,0.578,0.0,G#,0.0984,-5.626,Minor,0.0454,135.77,4/4,0.38,2616
Pop,Britney Spears,Criminal,64,0.0485,0.696,225080,0.734,0.0,G,0.183,-5.294,Major,0.0298,107.987,4/4,0.711,1821
Pop,White Lies,Tokyo,64,0.0188,0.503,292372,0.832,0.019,D,0.237,-6.59,Major,0.0668,167.937,4/4,0.528,2359
Pop,Anne-Marie,Bad Girlfriend,63,0.189,0.75,206187,0.698,0.0,D,0.262,-4.943,Major,0.0555,143.983,4/4,0.602,2702
Pop,Charli XCX,5 In The Morning,62,0.038,0.632,169597,0.743,0.0,C#,0.115,-6.761,Major,0.0464,108.077,4/4,0.357,3038
Pop,Mike Perry,Don't Hide,66,0.00777,0.532,157338,0.804,0.0,E,0.167,-4.88,Major,0.0391,100.005,4/4,0.343,1932
Pop,The Pussycat Dolls,I Hate This Part,64,0.0659,0.756,218400,0.612,0.0,F,0.274,-4.371,Major,0.0317,111.572,4/4,0.452,2551
Pop,Cheat Codes,Home,62,0.173,0.742,181125,0.722,0.0,E,0.4,-3.443,Minor,0.0405,103.472,4/4,0.581,2687
Pop,Vicetone,Something Strange,63,0.242,0.628,189580,0.817,1.31e-05,E,0.262,-4.223,Major,0.0287,119.041,4/4,0.539,1786
Pop,Christina Aguilera,Candyman,64,0.0125,0.686,194213,0.789,0.0147,G#,0.142,-4.713,Minor,0.23,172.976,4/4,0.72,1768
Pop,Vigiland,Strangers,68,0.195,0.718,167706,0.594,0.0,B,0.422,-4.96,Major,0.0782,124.209,4/4,0.534,1739
Pop,Luis Fonsi,Poco A Poco,63,0.12,0.797,175773,0.528,0.0,A#,0.093,-6.562,Major,0.0907,95.007,4/4,0.654,2532
Pop,Years & Years,Karma,62,0.146,0.79,193880,0.506,0.0,G,0.0876,-7.052,Major,0.118,105.018,4/4,0.456,2990
Pop,Onda Vaselina,"Te Quiero Tanto, Tanto",65,0.368,0.601,187667,0.268,0.0,G#,0.209,-12.11,Major,0.0291,76.982,4/4,0.241,2793
Pop,The Smiths,Panic - 2011 Remaster,62,0.0175,0.53,140507,0.861,0.0177,G,0.0857,-4.67,Major,0.0372,130.476,4/4,0.844,2530
Pop,Little Mix,Told You So,65,0.36,0.666,192853,0.432,0.0,F#,0.0703,-5.335,Major,0.0375,97.035,4/4,0.592,2712
Pop,ItaloBrothers,Till You Drop,68,0.0681,0.538,226581,0.795,0.0,G,0.164,-4.491,Major,0.0816,169.949,4/4,0.608,2306
Pop,Robin Schulz,Oh Child,74,0.0212,0.716,195261,0.628,0.0,F,0.0617,-6.231,Minor,0.0473,97.012,4/4,0.688,1827
Pop,Mike Perry,Lighthouse,66,0.0795,0.542,167663,0.875,1.07e-05,C#,0.061,-3.068,Major,0.0321,154.945,4/4,0.244,2410
Pop,5 Seconds of Summer,Youngblood - R3HAB Remix,63,0.0312,0.425,150528,0.771,0.0,G,0.165,-4.293,Minor,0.0629,142.034,4/4,0.213,2655
Pop,Liam Payne,Strip That Down - Acoustic,65,0.609,0.881,184476,0.394,0.0,F#,0.123,-7.835,Major,0.059,106.009,4/4,0.915,2832
Pop,Juan Magán,Usted,73,0.0155,0.712,233749,0.833,0.0,C,0.273,-4.101,Major,0.0618,104.879,4/4,0.326,2286
Pop,Clean Bandit,Out at Night (feat. KYLE & Big Boi),62,0.0906,0.736,234547,0.71,6.1e-05,F,0.216,-7.138,Minor,0.0429,105.005,4/4,0.334,1758
Pop,ZAYN,Dusk Till Dawn - Brooks Remix,62,0.0384,0.409,202500,0.772,0.0,B,0.0539,-3.234,Minor,0.0851,126.146,4/4,0.392,3042
Pop,Shakira,Inevitable,67,0.269,0.595,192867,0.461,0.000149,F#,0.123,-7.786,Major,0.0641,91.976,4/4,0.338,2464
Pop,Hardwell,Out Of This Town,67,0.00871,0.553,195200,0.902,0.000171,F,0.355,-3.444,Minor,0.0703,149.987,4/4,0.633,2001
Pop,Paul Young,Every Time You Go Away - Radio Edit,68,0.187,0.572,267000,0.721,7.41e-06,F,0.216,-8.959,Major,0.0402,164.252,4/4,0.844,2595
Pop,Sean Paul,Like Glue,62,0.0811,0.757,232507,0.78,0.0,C#,0.113,-5.038,Major,0.319,97.917,4/4,0.59,2168
Pop,KSHMR,Carry Me Home (feat. Jake Reese),68,0.014,0.662,191250,0.884,3.7e-05,A,0.087,-4.104,Minor,0.0599,128.029,4/4,0.484,1916
Pop,Lisa Stansfield,The Real Thing - Remastered,66,0.0486,0.698,260067,0.71,0.0,B,0.293,-6.174,Minor,0.0807,98.678,4/4,0.605,2326
Pop,Little Mix,American Boy,64,0.114,0.632,191893,0.862,0.0,A,0.226,-4.218,Minor,0.0954,77.024,4/4,0.783,2420
Pop,Avril Lavigne,Nobody's Home,62,0.000516,0.348,212413,0.907,0.0,F,0.161,-3.66,Minor,0.0497,185.406,4/4,0.177,2030
Pop,JP Cooper,Passport Home,67,0.0234,0.608,180167,0.474,0.0,F,0.143,-6.591,Major,0.0272,86.06,4/4,0.243,2315
Pop,Oliver Heldens,Gecko (Overdrive) - Radio Edit,68,0.00521,0.609,165441,0.885,1.15e-05,C,0.336,-5.469,Major,0.0642,124.959,4/4,0.76,2254
Pop,Paloma Faith,Only Love Can Hurt Like This,67,0.0959,0.566,232893,0.885,9.83e-05,G#,0.334,-4.527,Major,0.0815,90.989,4/4,0.307,2021
Pop,Gwen Stefani,You Make It Feel Like Christmas (feat. Blake Shelton),62,0.0156,0.635,156773,0.87,0.0,D,0.118,-4.291,Minor,0.04,93.0,4/4,0.912,2327
Pop,Alesso,I Wanna Know,65,0.0755,0.651,240413,0.823,0.0,D,0.0939,-3.632,Major,0.0325,115.946,4/4,0.505,2133
Pop,Westlife,Swear It Again - Radio Edit,66,0.296,0.626,247933,0.532,0.0,A,0.123,-7.205,Major,0.0276,130.076,4/4,0.33,1837
Pop,R3HAB,Wrong Move,67,0.161,0.722,211093,0.705,1.63e-06,F,0.113,-5.821,Minor,0.0505,124.016,4/4,0.533,2812
Pop,Vigiland,Pong Dance,67,0.00642,0.832,157500,0.702,4.21e-06,G,0.105,-7.787,Major,0.0523,127.985,4/4,0.14,2262
Pop,Culture Beat,Mr. Vain - Original Radio Edit,69,0.0726,0.703,257467,0.997,0.0235,A,0.123,-7.666,Minor,0.0399,132.872,4/4,0.391,2230
Pop,Dua Lipa,Thinking 'Bout You,62,0.0856,0.802,171947,0.481,0.0,E,0.152,-5.132,Minor,0.043,90.973,4/4,0.468,2875
Pop,Olly Murs,Unpredictable,66,0.0551,0.63,199586,0.733,0.0,C#,0.102,-4.338,Major,0.0423,104.007,4/4,0.486,2845
Pop,Blonde,All Cried Out (feat. Alex Newell) - Radio Edit,65,0.428,0.657,170716,0.757,0.0,C,0.0728,-5.257,Minor,0.0584,122.056,4/4,0.672,2391
Pop,Wang Chung,Dance Hall Days (Re-Recorded),62,0.0498,0.641,238148,0.784,0.00934,C,0.381,-6.38,Major,0.0366,102.676,4/4,0.488,2893
Pop,Timmy Trumpet,Wassup (Listen to the Horns),65,0.0177,0.648,168856,0.889,1.15e-05,C,0.0907,-2.959,Major,0.13,123.993,4/4,0.298,2334
Pop,Shakira,Estoy Aquí,64,0.0307,0.732,232467,0.814,0.0,D,0.0691,-7.716,Major,0.0402,116.973,4/4,0.782,2599
Pop,Ava Max,Sweet but Psycho - Acoustic,64,0.785,0.817,179266,0.45,0.0,C#,0.0461,-7.434,Major,0.0376,126.992,4/4,0.635,2354
Pop,Westlife,If I Let You Go - Radio Edit,67,0.00574,0.571,221533,0.697,0.0,C,0.0775,-4.255,Major,0.0294,181.987,4/4,0.636,2356
Pop,Little Mix,Forget You Not,62,0.335,0.727,187253,0.756,0.0,G#,0.214,-4.507,Major,0.0429,104.995,4/4,0.69,2522
Pop,Chino & Nacho,Me Voy Enamorando - Remix,64,0.0894,0.708,215800,0.87,0.0,A#,0.347,-4.473,Major,0.0557,99.963,4/4,0.547,2941
Pop,Eve,Who's That Girl?,62,0.0153,0.768,282067,0.867,0.000385,D#,0.0686,-3.652,Minor,0.185,96.431,4/4,0.559,2148
Pop,Roxy Music,More Than This - Remastered,66,0.0508,0.652,270693,0.666,0.0466,F#,0.149,-7.808,Major,0.0249,128.499,4/4,0.765,2154
Pop,EMMA WAHLIN,Make A Move,62,0.0133,0.822,189147,0.591,0.147,A,0.114,-6.615,Minor,0.0515,124.015,4/4,0.384,2203
Pop,Paty Cantú,Cuenta Pendiente,69,0.267,0.524,192587,0.793,0.000248,C,0.202,-6.001,Major,0.163,81.982,4/4,0.779,2915
Pop,Joe Goddard,Music Is The Answer,62,0.0701,0.665,298579,0.651,0.000784,G,0.273,-10.668,Minor,0.0311,115.047,4/4,0.433,1931
Pop,Shakira,Antologia,66,0.489,0.844,251053,0.465,5.56e-06,C,0.095,-8.444,Major,0.0295,97.964,4/4,0.556,2006
Pop,Calvin Harris,Drinking from the Bottle (feat. Tinie Tempah),63,0.0469,0.665,240347,0.886,6.24e-05,A,0.0525,-4.175,Minor,0.0514,128.062,4/4,0.53,1891
Pop,Little Mix,Woman's World,62,0.144,0.456,217747,0.671,0.0,E,0.121,-5.159,Minor,0.0567,163.828,4/4,0.164,2004
Pop,Mike Perry,Way Too High,62,0.0116,0.596,182787,0.704,0.0,D,0.623,-6.823,Major,0.0787,100.031,4/4,0.539,2290
Pop,Kate Bush,Running Up That Hill (A Deal With God),64,0.72,0.629,298933,0.547,0.00314,A#,0.0604,-13.123,Minor,0.055,108.375,4/4,0.197,2292
Pop,The Jam,Town Called Malice,67,0.00265,0.553,173320,0.917,0.00991,D,0.07,-8.806,Major,0.0906,101.798,4/4,0.781,2999
Pop,Hardwell,Being Alive,65,0.014,0.589,221250,0.751,3.09e-06,F#,0.549,-5.124,Minor,0.0975,128.269,4/4,0.178,2978
Pop,Juanes,Nada Valgo Sin Tu Amor,62,0.155,0.601,196360,0.643,0.0,C,0.283,-4.581,Major,0.0272,76.979,4/4,0.387,1906
Pop,Westlife,My Love,66,0.098,0.492,231760,0.593,0.0,C,0.257,-5.975,Major,0.0255,144.134,4/4,0.329,2211
Pop,Firebeatz,Till The Sun Comes Up,64,0.0258,0.646,175713,0.797,0.0,D,0.19,-6.602,Minor,0.037,123.921,4/4,0.423,2305
Pop,Tungevaag & Raaban,Hey Baby,69,0.0347,0.695,180490,0.889,0.0,B,0.275,-2.983,Major,0.0729,124.991,4/4,0.691,2172
Pop,Robbie Williams,Let Me Entertain You,66,0.000169,0.478,262000,0.965,0.00251,A#,0.0854,-5.022,Major,0.0642,125.152,4/4,0.347,1830
Pop,Rudimental,They Don't Care About Us (feat. Maverick Sabre & YEBBA),63,0.0454,0.424,280947,0.482,1.7e-05,G#,0.067,-7.293,Major,0.0676,180.034,3/4,0.406,2911
Pop,INNA,Cola Song (feat. J Balvin),62,0.0136,0.793,198246,0.896,1.08e-05,G,0.105,-3.072,Major,0.0417,125.063,4/4,0.842,2251
Pop,Mike Perry,Runaway,64,0.21,0.714,187124,0.84,0.0,C,0.0461,-6.141,Major,0.15,125.955,4/4,0.194,1866
Pop,Timbaland,If We Ever Meet Again (Featuring Katy Perry) - feat. ケイティ・ペリー,62,0.00657,0.646,292707,0.635,0.0,C#,0.0579,-7.322,Major,0.0343,126.062,4/4,0.348,2438
Pop,Flo Rida,Dancer,63,0.0073,0.641,182131,0.727,0.00192,F#,0.071,-4.401,Major,0.125,190.037,4/4,0.636,2120
Pop,Juanes,Fuego,62,0.0575,0.745,167453,0.66,0.0,C,0.108,-5.461,Major,0.0878,95.154,4/4,0.934,2495
Pop,Hardwell,Bella Ciao,68,0.00214,0.616,203769,0.892,0.000186,E,0.227,-4.688,Minor,0.0462,129.991,4/4,0.235,2199
Pop,Vicetone,Astronomia,65,0.00561,0.653,198095,0.945,0.915,F,0.439,-2.634,Major,0.0959,126.091,4/4,0.326,2844
Pop,KSHMR,Neverland,64,0.00301,0.312,189525,0.937,0.182,G#,0.288,-3.994,Minor,0.0504,137.993,4/4,0.257,3013
Pop,Juan Magán,Internacional,63,0.186,0.658,216695,0.624,0.0,A,0.157,-4.253,Minor,0.209,101.85,4/4,0.734,1986
Pop,Blue,Best In Me,66,0.106,0.76,193240,0.563,0.0,E,0.0908,-6.975,Minor,0.028,99.023,4/4,0.359,2236
Pop,Seeb,Breathe,63,0.00619,0.527,240272,0.772,7.44e-06,G,0.222,-5.631,Minor,0.196,120.098,4/4,0.349,2349
Pop,Wet Wet Wet,"Love Is All Around - From ""Four Weddings And A Funeral""",67,0.228,0.523,246240,0.689,0.0,A#,0.109,-6.58,Major,0.027,84.09,4/4,0.547,2780
Pop,Blasterjaxx,Narco,64,0.00784,0.764,208635,0.943,0.104,G#,0.0699,-4.047,Major,0.0711,129.961,4/4,0.207,2054
Pop,Duke Dumont,"Red Light Green Light - For Club Play Only, Pt. 6",65,0.000646,0.811,211209,0.825,0.517,D,0.0689,-5.48,Major,0.0654,124.005,4/4,0.95,1822
Pop,La Bouche,Sweet Dreams,62,0.0784,0.656,204587,0.956,0.0247,B,0.0923,-5.647,Minor,0.0536,133.713,4/4,0.831,1791
Pop,Shawn Mendes,There's Nothing Holdin' Me Back - Acoustic,64,0.517,0.78,201093,0.573,0.0,B,0.182,-5.573,Minor,0.0466,121.938,4/4,0.889,3044
Pop,Tiësto,On My Way,64,0.00856,0.634,183710,0.775,0.0,G,0.28,-4.09,Major,0.0346,123.977,4/4,0.539,2984
Pop,Westlife,Flying Without Wings,63,0.323,0.443,215307,0.493,0.0,G#,0.21,-7.956,Major,0.0318,72.742,4/4,0.283,3024
Pop,Wham!,Club Tropicana,63,0.0267,0.666,265600,0.719,7.43e-05,B,0.635,-9.237,Major,0.0494,117.184,4/4,0.8,2567
Pop,KSHMR,Magic,63,0.0905,0.601,149414,0.939,0.000611,F,0.53,-3.191,Major,0.115,127.875,4/4,0.336,2171
Pop,Ultravox,Dancing with Tears in My Eyes,62,0.151,0.589,244120,0.908,0.000252,A,0.596,-8.117,Major,0.0431,143.959,4/4,0.926,2541
Pop,Pet Shop Boys,It's a Sin - 2001 Remaster,64,0.252,0.538,299307,0.86,0.000527,C,0.247,-5.916,Minor,0.0435,127.153,4/4,0.291,1890
Pop,Felix Jaehn,Keep Your Head Up,62,0.0539,0.847,180613,0.839,2.27e-06,A,0.102,-4.482,Minor,0.0487,120.02,4/4,0.81,2147
Electronic,RL Grime,UCLA,70,0.0742,0.536,192000,0.879,0.0,C#,0.0847,-3.019,Major,0.0621,140.137,4/4,0.334,420
Electronic,San Holo,Light,71,0.0857,0.57,239853,0.763,2.49e-06,C#,0.0932,-4.137,Major,0.0573,150.088,4/4,0.43,426
Electronic,Flosstradamus,Came Up,67,0.00908,0.613,214929,0.879,1.66e-06,F#,0.108,-4.649,Major,0.0729,76.966,4/4,0.497,439
Electronic,Daft Punk,Harder Better Faster Stronger,70,0.0427,0.817,224693,0.716,0.00263,F#,0.358,-8.898,Minor,0.144,123.475,4/4,0.692,419
Electronic,Boombox Cartel,Moon Love,70,0.0168,0.706,243692,0.935,4.62e-05,F#,0.106,-2.418,Major,0.0565,130.001,4/4,0.214,429
Electronic,Big Gigantic,"All of Me (feat. Logic, ROZES)",62,0.00189,0.628,228169,0.877,0.0,A#,0.228,-3.016,Minor,0.041,142.034,4/4,0.199,436
Electronic,Just A Gent,Limelight (NGHTMRE Remix),66,0.0579,0.574,254897,0.576,0.00147,C#,0.208,-8.267,Major,0.0446,145.094,4/4,0.287,421
Electronic,Massive Attack,Teardrop,70,0.0173,0.615,330773,0.419,0.497,B,0.135,-8.8,Minor,0.0395,76.997,4/4,0.216,417
Electronic,Taska Black,Running Away,67,0.0233,0.51,185813,0.812,0.133,D,0.166,-5.782,Minor,0.0744,159.885,4/4,0.151,433
Electronic,Valentino Khan,Lick It,68,0.00596,0.8,216960,0.843,0.119,E,0.108,-1.611,Major,0.0633,124.989,4/4,0.644,422
Electronic,DJ Shadow,Nobody Speak,64,0.0405,0.621,195966,0.814,0.00274,D,0.263,-5.937,Major,0.154,160.066,4/4,0.304,430
Electronic,What So Not,High You Are,64,0.0557,0.69,213340,0.857,0.11,A#,0.0341,-5.613,Major,0.0405,136.99,4/4,0.409,424
Electronic,San Holo,self-love,62,0.0128,0.547,143775,0.566,0.802,A,0.106,-6.08,Major,0.0339,97.532,4/4,0.228,416
Electronic,QUIX,Giving Up (feat. Jaden Michaels),63,0.0447,0.484,249987,0.806,4.48e-05,A#,0.333,-6.095,Minor,0.127,145.127,4/4,0.417,437
Electronic,The Prodigy,Breathe,71,0.0091,0.679,334800,0.822,0.871,A,0.0388,-6.117,Major,0.0498,130.036,4/4,0.32,434
Electronic,Flosstradamus,MVP - NGHTMRE Remix,62,0.0289,0.625,166667,0.853,0.0,G#,0.321,-5.709,Minor,0.119,144.023,4/4,0.352,415
Electronic,Seven Lions,Rush Over Me,62,0.0701,0.441,259556,0.753,0.0,C,0.027,-4.074,Major,0.044,135.015,4/4,0.254,414
Electronic,Portishead,Glory Box,67,0.228,0.481,305560,0.409,0.409,C#,0.0735,-9.919,Major,0.0396,119.756,4/4,0.232,412
Electronic,Jauz,Magic,62,0.0241,0.551,290704,0.839,0.00391,F,0.0874,-2.461,Minor,0.0578,141.976,4/4,0.314,431
Electronic,Fabian Mazur,Arena,63,0.00882,0.789,206400,0.83,0.00248,F,0.173,-4.183,Minor,0.0751,100.039,4/4,0.443,435
Electronic,Keys N Krates,Dum Dee Dum - JiKay Remix,63,0.0159,0.781,182387,0.854,0.0493,B,0.15,-7.411,Minor,0.311,100.043,4/4,0.493,413
Electronic,Zero 7,In The Waiting Line,62,0.76,0.561,271520,0.33,0.134,F,0.106,-13.51,Major,0.0268,79.01,4/4,0.378,440
Electronic,Daft Punk,Giorgio by Moroder,62,0.0692,0.74,544627,0.682,0.53,A,0.381,-10.42,Minor,0.0504,113.201,4/4,0.41,423
Electronic,Daft Punk,One More Time - Short Radio Edit,64,0.0348,0.648,235467,0.671,0.0,D,0.376,-8.49,Major,0.104,122.891,4/4,0.533,427
Electronic,RJD2,Ghostwriter,63,0.0107,0.747,317933,0.68,0.803,C#,0.0964,-6.187,Major,0.0346,93.804,4/4,0.594,428
Electronic,Verbus,Trust in Me,68,0.101,0.74,163163,0.592,1.44e-05,C,0.45,-8.275,Major,0.181,121.002,4/4,0.119,418
Electronic,Bicep,Opal - Four Tet Remix,63,0.103,0.826,494257,0.72,0.773,A,0.11,-9.582,Minor,0.119,127.011,4/4,0.287,411
Electronic,The Prodigy,Timebomb Zone,63,0.000328,0.524,204915,0.898,0.796,G,0.102,-6.543,Major,0.0409,130.016,4/4,0.229,432
Electronic,The Prodigy,Need Some1,62,0.0517,0.398,162895,0.988,0.552,D,0.429,-7.556,Major,0.0978,184.076,4/4,0.0961,425
Electronic,The Stone Roses,Waterfall - Remastered,63,0.0236,0.491,278827,0.686,0.269,B,0.451,-8.22,Major,0.0289,103.707,4/4,0.436,438
Alternative,Mœnia,Manto Estelar,62,0.192,0.595,253000,0.806,3.9e-06,A#,0.241,-6.593,Major,0.0371,108.018,4/4,0.313,278
Folk,Dermot Kennedy,Power Over Me,84,0.0519,0.42,206960,0.843,0.0,A,0.106,-4.231,Minor,0.121,173.827,3/4,0.491,574
Folk,Hozier,Take Me to Church,76,0.634,0.566,241693,0.664,0.0,E,0.116,-5.303,Minor,0.0464,128.945,4/4,0.437,635
Folk,The Lumineers,Ho Hey,70,0.794,0.685,163133,0.466,2.06e-06,C,0.0915,-9.074,Major,0.0304,79.936,4/4,0.353,568
Folk,Hozier,Cherry Wine - Live,71,0.951,0.415,240147,0.11,0.00236,C#,0.0962,-14.901,Major,0.0388,81.876,4/4,0.234,527
Folk,The Lumineers,Sleep On The Floor,69,0.249,0.389,211851,0.431,0.0,G,0.13,-8.061,Major,0.0344,142.14,4/4,0.275,455
Folk,Hozier,Be,64,0.00262,0.227,289067,0.798,2.95e-05,E,0.15,-3.901,Minor,0.0381,94.533,4/4,0.174,660
Folk,Hozier,Would That I,65,0.243,0.521,268293,0.526,0.00537,F,0.108,-6.032,Major,0.0281,130.694,4/4,0.502,625
Folk,Van Morrison,Into The Mystic,72,0.367,0.608,205613,0.524,0.00254,G#,0.115,-10.266,Major,0.0309,86.204,4/4,0.797,495
Folk,Billy Joel,Uptown Girl,79,0.0747,0.701,197707,0.943,0.0,E,0.601,-2.986,Major,0.0456,128.992,4/4,0.791,498
Folk,Vance Joy,Saturday Sun,73,0.484,0.637,214720,0.864,0.0,G#,0.222,-4.381,Major,0.0468,99.995,4/4,0.706,497
Folk,Hozier,Work Song,70,0.749,0.531,229720,0.363,0.0,A#,0.112,-7.672,Major,0.0608,121.412,4/4,0.259,499
Folk,Hozier,Sunlight,64,0.368,0.464,257347,0.559,0.000176,G,0.106,-4.209,Minor,0.0287,115.349,4/4,0.368,649
Folk,Vance Joy,Mess Is Mine,71,0.047,0.595,223640,0.723,0.0286,G,0.0995,-8.256,Major,0.0349,108.043,1/4,0.272,615
Folk,Neil Diamond,Sweet Caroline,75,0.611,0.529,203573,0.127,0.000109,B,0.237,-16.066,Major,0.0274,63.05,4/4,0.578,560
Folk,Paul Simon,Me and Julio Down by the Schoolyard,71,0.237,0.626,164813,0.816,1.8e-06,A,0.104,-10.593,Major,0.13,105.33,4/4,0.798,668
Folk,Angus & Julia Stone,Big Jet Plane,66,0.239,0.763,239147,0.387,0.00747,A#,0.13,-8.643,Minor,0.0278,109.957,4/4,0.273,516
Folk,Eagles,Take It Easy - 2013 Remaster,76,0.343,0.575,211578,0.67,4.95e-06,G,0.129,-10.39,Major,0.0318,139.191,4/4,0.74,591
Folk,Hozier,Like Real People Do,67,0.921,0.539,198027,0.179,0.393,G,0.106,-14.33,Major,0.0309,140.01,3/4,0.145,653
Folk,Tom Petty,Free Fallin',73,0.219,0.63,256000,0.449,0.0,F,0.0622,-13.243,Major,0.0252,84.378,4/4,0.623,598
Folk,Amber Run,I Found,72,0.862,0.389,273000,0.302,0.00567,G,0.104,-12.485,Minor,0.0438,124.956,4/4,0.234,554
Folk,Matt Nathanson,Come On Get Higher,72,0.241,0.672,215173,0.623,0.0,A,0.0848,-5.699,Major,0.0297,92.018,4/4,0.617,536
Folk,Kina Grannis,Can’t Help Falling in Love,77,0.905,0.266,201933,0.0596,7.07e-05,C,0.132,-18.515,Major,0.0363,181.74,3/4,0.143,483
Folk,The Lumineers,Stubborn Love,66,0.607,0.598,279000,0.56,0.0432,C,0.196,-11.679,Major,0.0375,115.01,4/4,0.221,480
Folk,Vampire Weekend,A-Punk,68,0.0104,0.548,137760,0.816,0.0543,D,0.152,-4.478,Major,0.0499,174.993,4/4,0.857,612
Folk,Shakey Graves,Tomorrow,69,0.73,0.564,240587,0.354,3.43e-06,G,0.208,-10.85,Major,0.0334,98.075,3/4,0.423,616
Folk,Angus & Julia Stone,Stay With Me - Live From Spotify Berlin,72,0.848,0.615,174360,0.0987,0.0258,C,0.708,-22.378,Major,0.0424,75.898,4/4,0.164,550
Folk,Beach House,Space Song,67,0.218,0.509,320467,0.79,0.125,C,0.144,-7.105,Minor,0.0293,147.073,4/4,0.625,638
Folk,John Denver,"Take Me Home, Country Roads - Original Version",69,0.758,0.462,190160,0.395,0.0,A,0.121,-9.376,Major,0.0264,82.259,4/4,0.625,547
Folk,Bright Eyes,First Day Of My Life,71,0.915,0.468,188800,0.201,8.28e-05,E,0.0952,-17.024,Major,0.0388,94.422,4/4,0.383,506
Folk,Gregory Alan Isakov,Chemicals,71,0.885,0.608,199907,0.238,0.125,C,0.111,-13.604,Major,0.0434,78.013,4/4,0.27,451
Folk,Yusuf / Cat Stevens,Father And Son,75,0.61,0.495,221000,0.343,9.45e-05,G,0.101,-11.549,Major,0.0355,135.882,4/4,0.453,584
Folk,Ray LaMontagne,Such A Simple Thing,72,0.86,0.522,296387,0.256,0.000825,A#,0.142,-11.216,Major,0.0258,76.35,4/4,0.13,540
Folk,The Lumineers,Cleopatra,65,0.228,0.536,201413,0.775,0.000143,G#,0.0947,-6.765,Major,0.0394,151.393,4/4,0.485,667
Folk,Hollow Coves,Coastline,71,0.63,0.67,233973,0.496,0.00316,D,0.0584,-11.23,Major,0.0277,100.168,4/4,0.427,526
Folk,Mark Diamond,You're My Girl (Lost Recording #6),73,0.928,0.45,195758,0.189,0.000843,G#,0.104,-11.423,Major,0.0519,66.945,4/4,0.227,476
Folk,Phillip Phillips,Home,66,0.023,0.607,210173,0.816,1.16e-05,C,0.136,-6.02,Major,0.0306,121.029,4/4,0.355,607
Folk,The Band,The Weight - Remastered,71,0.373,0.63,274493,0.551,5.75e-05,A,0.103,-9.28,Major,0.0549,143.868,4/4,0.518,472
Folk,Steely Dan,Reelin' In The Years,70,0.133,0.523,277267,0.758,0.0,D,0.0952,-9.81,Major,0.0403,135.437,4/4,0.766,570
Folk,Ben Howard,Old Pine,72,0.45,0.401,328507,0.364,0.0503,F,0.162,-10.836,Major,0.033,129.568,4/4,0.224,651
Folk,Ray LaMontagne,You Are the Best Thing,66,0.0304,0.579,231840,0.727,1.99e-05,A#,0.172,-4.872,Major,0.0332,170.593,4/4,0.885,486
Folk,Phillip Phillips,"Gone, Gone, Gone",68,0.129,0.662,209693,0.65,0.0,F#,0.113,-5.981,Major,0.0383,117.992,4/4,0.481,666
Folk,Birdtalker,Heavy,69,0.286,0.614,264151,0.549,2.64e-06,F,0.142,-6.986,Major,0.0516,77.926,4/4,0.258,496
Folk,The Animals,House Of The Rising Sun,70,0.000385,0.295,271280,0.584,0.218,A,0.0996,-6.696,Minor,0.0345,117.2,3/4,0.228,452
Folk,Caamp,Vagabond,68,0.766,0.571,129464,0.399,0.0146,E,0.0926,-11.919,Major,0.0364,141.922,4/4,0.611,614
Folk,Vance Joy,Lay It On Me,67,0.101,0.733,215493,0.663,6.98e-06,F,0.0694,-5.766,Major,0.0322,127.974,4/4,0.53,644
Folk,Nathaniel Rateliff & The Night Sweats,You Worry Me,69,0.124,0.666,214160,0.646,0.286,D,0.095,-7.722,Major,0.0268,100.05,4/4,0.664,589
Folk,Lord Huron,When the Night is Over,66,0.0994,0.681,311227,0.419,0.15,F#,0.123,-6.156,Minor,0.0258,95.981,3/4,0.59,621
Folk,Shannon Lay,Recording 15,68,0.956,0.552,242000,0.126,0.0153,B,0.109,-18.014,Major,0.0306,92.441,4/4,0.439,630
Folk,Fleet Foxes,"If You Need To, Keep Time On Me",69,0.647,0.521,210507,0.22,0.00814,A,0.179,-10.202,Major,0.0314,104.03,4/4,0.135,518
Folk,Rosie Carney,Thousand (feat. Lisa Hannigan),68,0.943,0.676,206440,0.198,0.0132,C#,0.104,-13.91,Major,0.0333,118.004,4/4,0.125,641
Folk,Dermot Kennedy,After Rain,68,0.521,0.467,294000,0.412,0.00367,B,0.107,-9.609,Minor,0.0318,132.777,4/4,0.277,512
Folk,Mt. Joy,Sheep,65,0.891,0.498,215180,0.502,0.000907,D,0.0716,-8.052,Major,0.0371,81.169,4/4,0.286,461
Folk,Dermot Kennedy,"Heartless - Recorded At RAK Studios, London",67,0.226,0.444,224148,0.535,0.0,A,0.212,-7.051,Major,0.055,88.033,4/4,0.158,611
Folk,Matt Maeson,Cringe - Stripped,69,0.896,0.539,219151,0.263,0.0,F,0.104,-11.149,Major,0.0552,119.671,4/4,0.222,624
Folk,Dermot Kennedy,Glory,66,0.0346,0.394,222173,0.606,1.05e-06,D,0.0804,-7.345,Major,0.0648,77.026,4/4,0.197,623
Folk,Harry Chapin,Cat's in the Cradle,65,0.233,0.489,222951,0.577,0.0,A#,0.123,-9.765,Major,0.042,78.112,4/4,0.519,444
Folk,Fleet Foxes,Mykonos,65,0.395,0.3,275307,0.452,0.000818,B,0.137,-9.298,Major,0.0305,82.988,4/4,0.342,504
Folk,The Head and the Heart,All We Ever Knew,67,0.00224,0.487,225560,0.724,1.03e-05,C,0.213,-5.905,Major,0.0289,102.03,4/4,0.546,468
Folk,Tom Walker,Now You're Gone (feat. Zara Larsson),74,0.629,0.644,212142,0.721,7.52e-05,A,0.146,-8.495,Minor,0.431,101.503,4/4,0.233,602
Folk,The Oh Hellos,Hello My Old Heart,67,0.624,0.557,256007,0.299,0.0308,C,0.0914,-10.634,Major,0.0266,90.081,4/4,0.297,449
Folk,Dustin Tebbutt,The Breach,67,0.617,0.629,253848,0.586,0.0803,C#,0.129,-8.562,Major,0.0269,102.995,5/4,0.526,532
Folk,Sufjan Stevens,The Only Thing,68,0.987,0.519,284131,0.145,0.0643,D#,0.108,-19.581,Major,0.0392,158.975,4/4,0.487,463
Folk,Cold War Kids,First,68,0.0243,0.464,200360,0.713,6.24e-06,D,0.566,-4.046,Major,0.0305,78.008,4/4,0.537,627
Folk,Simon & Garfunkel,Cecilia,65,0.409,0.675,169560,0.849,1.31e-05,C,0.0916,-9.68,Major,0.0386,104.765,4/4,0.965,453
Folk,Gregory Alan Isakov,Big Black Car,67,0.897,0.572,217467,0.183,0.00275,D#,0.103,-16.069,Major,0.0323,110.029,4/4,0.404,456
Folk,Matt Maeson,Hallucinogenics,66,0.472,0.608,185133,0.601,0.0,C,0.242,-8.44,Major,0.0507,121.656,4/4,0.316,620
Folk,Gin Wigmore,Kill Of The Night,67,0.0106,0.502,205320,0.726,0.000242,C,0.349,-5.702,Major,0.0513,125.955,4/4,0.554,604
Folk,James Taylor,You've Got a Friend,67,0.681,0.695,268707,0.282,0.0267,A,0.0767,-15.359,Major,0.0295,91.681,4/4,0.445,657
Folk,Rainbow Kitten Surprise,Devil Like Me,67,0.758,0.679,188280,0.63,7.06e-05,D,0.111,-6.83,Major,0.158,123.082,4/4,0.558,479
Folk,Tall Heights,Back to Autumn,65,0.462,0.478,199653,0.588,0.00109,G#,0.069,-8.032,Major,0.0304,110.918,4/4,0.341,511
Folk,S. Carey,Rose Petals,67,0.888,0.562,213667,0.282,0.00297,A#,0.0812,-11.956,Major,0.0302,127.964,4/4,0.172,531
Folk,Seafret,Oceans,68,0.274,0.404,216187,0.48,8.63e-06,A,0.132,-8.906,Minor,0.0303,129.162,3/4,0.2,528
Folk,Vampire Weekend,Step,67,0.591,0.624,251627,0.724,7.79e-06,A#,0.101,-7.113,Major,0.101,78.008,4/4,0.624,447
Folk,Wild Child,Sinking Ship,65,0.95,0.37,247493,0.174,0.0029,E,0.11,-19.316,Minor,0.0377,92.75,4/4,0.181,559
Folk,Simon & Garfunkel,America,64,0.554,0.259,215293,0.241,6.62e-06,D,0.0849,-15.955,Major,0.042,178.453,3/4,0.275,640
Folk,Lake Street Dive,Good Kisser,62,0.119,0.485,218493,0.591,0.00278,A#,0.0787,-3.888,Major,0.0453,160.336,4/4,0.636,487
Folk,Yusuf / Cat Stevens,Peace Train,66,0.132,0.615,251333,0.582,3.81e-05,C,0.119,-10.323,Major,0.0402,82.532,4/4,0.789,555
Folk,Sylvan Esso,Die Young,63,0.361,0.698,210613,0.555,0.00684,G#,0.103,-6.436,Major,0.0328,101.964,4/4,0.471,618
Folk,Dermot Kennedy,Boston,63,0.19,0.533,273667,0.438,0.00145,E,0.383,-10.903,Major,0.0392,116.053,4/4,0.107,548
Folk,Julie Byrne,Follow My Voice,62,0.959,0.408,242387,0.0811,4.38e-05,D,0.133,-14.655,Major,0.0402,111.263,5/4,0.177,551
Folk,Vampire Weekend,Unbelievers,66,0.142,0.644,202667,0.811,0.000629,B,0.169,-7.681,Major,0.0499,154.903,4/4,0.831,590
Folk,Billy Joel,She's Always a Woman,73,0.797,0.292,201373,0.324,0.000473,D#,0.12,-11.996,Major,0.0346,176.631,3/4,0.384,569
Folk,Vance Joy,I'm With You,65,0.805,0.657,239787,0.396,1.58e-06,G,0.103,-9.255,Major,0.0293,110.003,3/4,0.115,613
Folk,Caamp,Misty,63,0.715,0.597,224446,0.402,0.00297,A#,0.111,-7.961,Major,0.0272,95.119,4/4,0.241,534
Folk,The Head and the Heart,Another Story,64,0.546,0.352,274200,0.45,0.127,F,0.283,-9.881,Major,0.0293,86.937,4/4,0.114,573
Folk,Bread,Everything I Own,69,0.735,0.365,187000,0.338,0.0,D,0.104,-13.406,Major,0.0322,79.241,4/4,0.446,632
Folk,Joni Mitchell,California,64,0.905,0.464,230227,0.328,0.0,E,0.135,-9.005,Major,0.0407,70.859,3/4,0.784,619
Folk,Radical Face,"Welcome Home, Son",68,0.723,0.587,287634,0.497,0.782,F#,0.142,-10.757,Major,0.0307,144.972,3/4,0.401,622
Folk,Judah & the Lion,pictures (feat. Kacey Musgraves),65,0.309,0.567,253869,0.542,0.000342,D,0.0734,-6.64,Major,0.0309,125.16,4/4,0.229,530
Folk,Ray LaMontagne,Hold You in My Arms,63,0.15,0.505,306200,0.322,0.000106,G,0.147,-13.809,Major,0.0315,170.145,3/4,0.581,643
Folk,Beta Radio,Our Remains,66,0.867,0.329,244120,0.319,0.0399,C#,0.114,-12.078,Minor,0.0335,198.116,4/4,0.29,588
Folk,The Lumineers,Nobody Knows,64,0.759,0.634,188573,0.382,0.0021,A,0.101,-12.877,Major,0.0363,81.971,4/4,0.2,564
Folk,Sinéad O'Connor,Nothing Compares 2 U,71,0.0425,0.511,280040,0.574,2.33e-05,F,0.105,-7.016,Major,0.0273,119.917,4/4,0.161,501
Folk,"Crosby, Stills & Nash",Suite: Judy Blue Eyes - Remastered,66,0.469,0.451,444053,0.364,0.0,A,0.197,-13.126,Major,0.0436,154.206,4/4,0.298,670
Folk,Better Oblivion Community Center,Dylan Thomas,64,0.000128,0.592,216787,0.805,0.000211,D,0.0916,-7.995,Major,0.0371,116.072,4/4,0.505,460
Folk,Bob Dylan,Tangled up in Blue,63,0.414,0.421,341627,0.661,1.16e-06,A,0.0962,-13.126,Major,0.0433,100.965,4/4,0.554,535
Folk,Yusuf / Cat Stevens,The Wind,66,0.93,0.764,102200,0.188,0.0237,D,0.134,-18.716,Major,0.044,115.715,4/4,0.781,587
Folk,SYML,Girl - Acoustic,70,0.945,0.413,211882,0.272,0.0279,C#,0.112,-11.568,Major,0.0317,109.69,4/4,0.355,489
Folk,38 Special,Caught Up In You,67,0.0241,0.427,279333,0.683,0.000107,C#,0.0476,-8.513,Minor,0.0323,131.024,4/4,0.882,492
Folk,The Sweeplings,Across the Sea,68,0.814,0.511,203760,0.305,6.06e-06,C,0.0949,-11.62,Major,0.0273,73.923,4/4,0.195,585
Folk,Bob Dylan,Blowin' In the Wind,69,0.914,0.38,165427,0.0993,2.32e-05,D,0.0605,-20.567,Major,0.0509,174.874,4/4,0.44,663
Folk,Bon Iver,Blood Bank,65,0.964,0.494,285160,0.372,0.0296,G,0.117,-11.89,Major,0.0331,116.855,4/4,0.25,537
Folk,The Strumbellas,Spirits,64,0.163,0.556,203653,0.658,0.0,C,0.113,-6.075,Major,0.0265,80.529,4/4,0.787,665
Folk,Zak Abel,You Come First (feat. Saweetie),71,0.0352,0.745,191255,0.719,0.0,B,0.0639,-4.291,Major,0.19,99.962,4/4,0.611,450
Folk,Bob Dylan,Hurricane,69,0.0409,0.509,512733,0.827,0.0,C,0.12,-7.715,Major,0.079,135.601,4/4,0.743,606
Folk,Joy Williams,The Trouble with Wanting,66,0.912,0.396,235587,0.198,0.0,D,0.0972,-9.096,Major,0.031,138.624,3/4,0.19,473
Folk,Sleeping At Last,Turning Page,68,0.923,0.307,255893,0.371,0.0253,D#,0.11,-8.498,Major,0.0288,115.241,3/4,0.189,583
Folk,Rainbow Kitten Surprise,First Class,64,0.581,0.554,343485,0.337,0.0,C#,0.0871,-10.189,Major,0.0351,89.961,4/4,0.216,645
Folk,The Beach Boys,Wouldn't It Be Nice - Remastered,68,0.536,0.429,145107,0.543,2.54e-05,F,0.125,-9.139,Major,0.0347,122.619,4/4,0.693,600
Folk,Simon & Garfunkel,The Only Living Boy in New York,64,0.13,0.411,238413,0.381,0.257,B,0.132,-12.361,Major,0.0286,76.963,4/4,0.524,515
Folk,Brandi Carlile,The Story,66,0.0325,0.544,238493,0.5,3.78e-06,B,0.109,-8.253,Major,0.026,93.621,4/4,0.177,514
Folk,Joe Walsh,Life's Been Good,68,0.25,0.505,536227,0.476,0.00915,D,0.113,-12.897,Major,0.0711,99.31,4/4,0.542,664
Folk,Real Estate,Darling,65,0.00878,0.596,260387,0.894,0.00659,C,0.104,-5.407,Major,0.0265,132.994,5/4,0.572,563
Folk,The Head and the Heart,Don't Dream It's Over,66,0.0824,0.433,219517,0.73,2.01e-06,G#,0.105,-4.933,Major,0.0315,84.138,4/4,0.346,593
Folk,Julien Baker,Souvenir,63,0.732,0.598,212467,0.3,0.502,F#,0.0946,-11.044,Minor,0.0264,109.034,4/4,0.167,617
Folk,Juke Ross,Fresh Roses,70,0.65,0.763,201093,0.296,0.0,C#,0.135,-10.611,Minor,0.0457,90.959,4/4,0.206,662
Folk,Ed Prosek,The Mountain,66,0.252,0.588,212500,0.519,1.14e-06,C,0.158,-6.105,Major,0.0326,131.042,4/4,0.206,441
Folk,Mat Kearney,Kings & Queens,62,0.336,0.621,189987,0.61,0.0,F,0.157,-8.455,Major,0.0454,139.001,4/4,0.424,513
Folk,Jackson Browne,Doctor My Eyes,63,0.266,0.48,199907,0.626,5.7e-05,F,0.0857,-8.406,Major,0.0294,75.63,4/4,0.542,475
Folk,Ben Howard,Promise,67,0.889,0.367,384080,0.189,0.428,D,0.364,-15.736,Major,0.0384,156.643,4/4,0.177,519
Folk,Hollow Coves,The Woods - Acoustic,66,0.722,0.571,239960,0.558,0.000331,A,0.116,-8.553,Major,0.0281,104.991,4/4,0.283,595
Folk,Harry Nilsson,Gotta Get Up - Remastered,66,0.116,0.431,143893,0.46,0.0,G,0.0982,-13.015,Major,0.0381,176.302,4/4,0.913,636
Folk,Jefferson Airplane,White Rabbit,69,0.486,0.551,150640,0.293,0.000273,D,0.0864,-12.503,Major,0.0272,106.798,4/4,0.322,459
Folk,Kina Grannis,For Now,69,0.926,0.397,198404,0.249,0.0,F,0.115,-10.484,Major,0.0394,79.614,4/4,0.329,626
Folk,Eric Carmen,Hungry Eyes,73,0.011,0.712,251067,0.549,0.0,F,0.118,-9.484,Major,0.0254,109.882,4/4,0.552,609
Folk,Yoke Lore,Beige,68,0.381,0.438,204209,0.677,0.0686,A#,0.119,-7.535,Major,0.135,167.989,4/4,0.214,561
Folk,Roy Orbison,"Oh, Pretty Woman",72,0.715,0.619,178933,0.603,0.0,A,0.0721,-9.481,Major,0.0342,127.432,4/4,0.958,458
Folk,Yoke Lore,Truly Madly Deeply - Recorded at Spotify Studios NYC,69,0.826,0.675,190393,0.368,0.0016,C,0.136,-14.072,Minor,0.0374,106.001,4/4,0.176,446
Folk,Andrew Bird,Sisyphus,63,0.23,0.631,247493,0.792,0.000317,C,0.0756,-4.364,Minor,0.0427,82.901,4/4,0.462,491
Folk,Quiet Arrows,Find a Way,62,0.924,0.698,167413,0.101,0.0215,G#,0.095,-15.266,Major,0.0427,119.908,4/4,0.254,577
Folk,Billie Marten,La Lune,62,0.878,0.337,188427,0.338,0.000934,D,0.116,-12.073,Major,0.0364,158.786,3/4,0.0958,596
Folk,Big Thief,Paul,62,0.199,0.483,183895,0.263,0.000306,B,0.109,-11.541,Major,0.0401,123.453,4/4,0.166,575
Folk,Mandolin Orange,The Wolves,62,0.856,0.54,245653,0.341,0.052,D,0.129,-14.208,Major,0.0386,156.7,4/4,0.351,646
Folk,Billie Marten,Mice,64,0.712,0.53,244267,0.2,1.07e-05,F,0.0859,-12.473,Major,0.0468,61.255,4/4,0.357,552
Folk,Maisie Peters,Feels Like This,68,0.958,0.384,223347,0.165,0.0,D,0.101,-9.601,Major,0.0446,68.469,4/4,0.333,597
Folk,Cream,Sunshine Of Your Love,72,0.475,0.684,250000,0.481,6.57e-05,D,0.118,-12.59,Major,0.0384,115.078,4/4,0.784,544
Folk,Eddie Money,Two Tickets to Paradise,67,0.0056,0.623,237093,0.68,0.000425,D,0.148,-13.255,Major,0.0282,129.713,4/4,0.737,525
Folk,The Beach Boys,God Only Knows - Remastered,69,0.253,0.521,173040,0.487,0.0,F#,0.0579,-7.525,Minor,0.0299,117.072,4/4,0.483,502
Folk,Norah Jones,Sunrise,70,0.941,0.526,200627,0.299,0.097,G#,0.106,-13.797,Major,0.031,156.848,4/4,0.679,565
Folk,Vance Joy,Take Your Time,63,0.4,0.638,217173,0.687,0.000114,G,0.166,-6.556,Major,0.0351,114.98,4/4,0.323,642
Folk,"Crosby, Stills & Nash",Southern Cross - Remastered,62,0.476,0.669,281000,0.446,3.04e-06,D,0.153,-11.125,Major,0.0312,81.558,4/4,0.587,634
Folk,Sly & The Family Stone,Everyday People,67,0.245,0.813,139507,0.619,0.0151,G,0.113,-8.203,Major,0.0294,114.58,4/4,0.774,494
Folk,Belle Mt,Hollow (Acoustic),63,0.822,0.499,236618,0.229,4.59e-06,B,0.0914,-9.642,Major,0.0361,178.461,3/4,0.239,529
Folk,The Civil Wars,Billie Jean,66,0.829,0.532,259920,0.203,0.0,A,0.108,-8.524,Minor,0.0668,89.646,4/4,0.543,510
Folk,Darlingside,Hold Your Head Up High,66,0.539,0.375,217360,0.261,0.0178,A,0.116,-11.312,Major,0.0288,132.094,4/4,0.139,558
Folk,Billie Marten,Cursive,63,0.935,0.494,240400,0.267,5.58e-05,C,0.128,-11.54,Major,0.0308,115.117,3/4,0.166,553
Folk,St. Vincent,Los Ageless,63,0.0698,0.527,281347,0.716,8.71e-05,F,0.0737,-6.029,Minor,0.0616,99.426,4/4,0.331,650
Folk,Ira Wolf,Sunscreen,62,0.884,0.582,178173,0.151,3.41e-05,G,0.0983,-13.845,Minor,0.0353,136.758,4/4,0.197,661
Folk,Amber Run,5AM,63,0.244,0.357,257907,0.434,0.00654,C,0.0808,-11.521,Major,0.0418,145.743,4/4,0.0907,541
Folk,Van Morrison,Have I Told You Lately,67,0.278,0.344,260387,0.477,0.0128,E,0.136,-10.266,Major,0.0338,143.78,4/4,0.182,482
Folk,First Aid Kit,My Silver Lining,65,0.026,0.477,215493,0.725,0.000133,D,0.214,-4.671,Major,0.0337,101.854,4/4,0.427,580
Folk,Aquilo,Thin,66,0.511,0.604,178477,0.406,0.0051,C,0.121,-9.732,Major,0.0569,97.021,4/4,0.203,571
Folk,Band of Horses,No One's Gonna Love You (Stockholm Version),67,0.953,0.599,228646,0.198,0.000127,C#,0.0994,-8.557,Major,0.0581,141.987,4/4,0.214,466
Folk,Death Cab for Cutie,Northern Lights,62,0.00575,0.514,236800,0.95,0.00238,E,0.134,-3.807,Minor,0.0298,137.975,4/4,0.665,462
Folk,Alexi Murdoch,Orange Sky,63,0.797,0.685,379520,0.15,0.0461,D,0.1,-20.543,Major,0.039,124.956,4/4,0.125,470
Folk,Declan J Donovan,Fallen so Young,67,0.852,0.552,232164,0.356,0.0,A#,0.173,-7.608,Major,0.027,109.763,4/4,0.196,628
Folk,Ben Howard,I Forget Where We Were,66,0.475,0.305,281213,0.462,0.122,C,0.0916,-9.57,Major,0.0338,113.47,4/4,0.181,457
Folk,Sonny & Cher,I Got You Babe,66,0.246,0.621,193840,0.708,2e-06,F#,0.143,-9.057,Major,0.0259,110.533,3/4,0.624,509
Folk,Beirut,When I Die,63,0.0305,0.423,196009,0.612,0.923,F,0.291,-7.24,Major,0.0342,112.757,4/4,0.575,648
Folk,Eagles,Peaceful Easy Feeling - Eagles 2013 Remaster,64,0.494,0.568,257963,0.634,0.00281,E,0.252,-12.336,Major,0.0282,142.686,4/4,0.866,443
Folk,The Doobie Brothers,China Grove,67,0.319,0.623,195307,0.91,0.000448,A,0.081,-8.448,Major,0.0384,145.624,4/4,0.745,546
Folk,Bon Iver,22 (OVER S∞∞N),62,0.972,0.298,168000,0.112,0.0823,C#,0.0935,-15.765,Major,0.0353,86.786,4/4,0.0972,539
Folk,Unknown Mortal Orchestra,So Good At Being in Trouble,65,0.0363,0.829,230147,0.435,0.878,C,0.119,-10.136,Major,0.0515,103.816,4/4,0.594,631
Folk,Bon Iver,33 “GOD”,62,0.83,0.52,213000,0.389,0.0265,E,0.0937,-10.476,Major,0.0403,133.113,4/4,0.326,594
Folk,Tom Petty and the Heartbreakers,Learning To Fly,69,0.206,0.651,242107,0.766,0.00103,C,0.362,-9.935,Major,0.0299,116.74,4/4,0.949,637
Folk,Bob Seger,Turn The Page - Live In Detroit/1975,63,0.155,0.535,301187,0.376,0.0,A,0.592,-10.004,Major,0.0331,78.827,4/4,0.285,477
Folk,Billy Joel,Just the Way You Are,67,0.703,0.589,290573,0.453,2.54e-05,G,0.134,-8.912,Major,0.0397,139.148,4/4,0.513,522
Folk,Faces,Ooh La La - 2015 Remastered Version,69,0.428,0.603,214960,0.494,0.000171,D,0.0894,-10.27,Major,0.0301,147.814,4/4,0.729,629
Folk,Dusty Springfield,Son Of A Preacher Man,71,0.538,0.404,148053,0.43,0.0,E,0.0802,-12.327,Major,0.224,180.061,4/4,0.641,599
Folk,Hollow Coves,Home,63,0.86,0.504,202440,0.497,0.00486,C#,0.117,-11.858,Major,0.0253,84.879,4/4,0.261,488
Folk,Seafret,Wildfire,62,0.252,0.587,224800,0.58,0.00243,F#,0.105,-7.867,Major,0.0329,131.953,4/4,0.193,572
Folk,The Beach Boys,Don't Worry Baby - Remastered 2001,63,0.0666,0.487,169933,0.464,0.00531,E,0.105,-9.821,Major,0.03,121.242,4/4,0.851,658
Folk,Phoebe Bridgers,Motion Sickness (Demo - Bonus Track),62,0.954,0.353,264452,0.239,3.68e-05,C#,0.131,-11.059,Major,0.0296,95.136,4/4,0.159,601
Folk,Lisa Loeb & Nine Stories,Stay,64,0.463,0.682,183716,0.596,0.0,C#,0.107,-6.941,Major,0.05,80.344,4/4,0.393,578
Folk,Leonard Cohen,Hallelujah,64,0.715,0.28,277160,0.344,0.00642,C,0.133,-12.577,Major,0.0293,171.143,3/4,0.232,474
Folk,John Mellencamp,Small Town,63,0.152,0.661,221627,0.909,0.00274,B,0.383,-2.705,Major,0.0338,123.149,4/4,0.681,656
Folk,The Ballroom Thieves,Only Lonely,62,0.898,0.412,217557,0.276,0.000372,G,0.0955,-11.711,Major,0.0296,90.781,4/4,0.214,654
Folk,SYML,Where's My Love - Alternate Version,63,0.904,0.376,248333,0.219,0.0194,C,0.108,-11.805,Minor,0.0319,103.719,4/4,0.159,500
Folk,Supertramp,Goodbye Stranger - 2010 Remastered,66,0.607,0.42,350573,0.668,0.016,C#,0.0585,-7.35,Major,0.0517,125.391,4/4,0.338,505
Folk,Real Estate,Had To Hear,62,0.135,0.556,290827,0.765,0.732,G,0.149,-7.474,Major,0.0319,125.72,4/4,0.499,507
Folk,The Beach Boys,I Get Around (Mono) - Mono,66,0.36,0.39,134387,0.625,0.0,A,0.0663,-7.813,Minor,0.0537,144.338,4/4,0.514,485
Folk,Fenne Lily,Top to Toe,63,0.908,0.569,216416,0.184,0.0,C#,0.114,-12.842,Major,0.0584,110.916,4/4,0.309,639
Folk,"10,000 Maniacs",Because The Night [MTV Unplugged Version],64,0.26,0.408,223373,0.79,0.00027,B,0.765,-8.138,Minor,0.103,122.624,4/4,0.347,603
Folk,Bad Company,Bad Company - 2015 Remaster,62,0.491,0.545,288053,0.467,0.175,G#,0.0805,-10.862,Major,0.0305,113.713,4/4,0.444,508
Folk,Maisie Peters,Stay Young,67,0.058,0.685,202140,0.691,5.62e-06,A,0.136,-4.673,Major,0.0864,92.95,4/4,0.302,467
Folk,Seafret,Atlantis,63,0.0529,0.4,229173,0.479,2.14e-06,G#,0.115,-7.989,Minor,0.0308,166.159,4/4,0.213,545
Folk,Eagles,"Hotel California - Live at the Los Angeles Forum, 10/20-22/76",69,0.0145,0.427,409520,0.665,0.00242,D,0.699,-8.515,Major,0.0405,142.702,4/4,0.442,672
Folk,Joe Walsh,A Life Of Illusion,64,0.0407,0.692,210533,0.613,0.0652,D,0.094,-10.735,Major,0.0282,120.901,4/4,0.93,469
Folk,Scott Helman,Hang Ups,62,0.408,0.82,175806,0.692,0.0,D#,0.0929,-6.164,Major,0.11,105.131,4/4,0.739,567
Folk,Meadowlark,About You Now,62,0.893,0.579,227065,0.278,0.0,E,0.0929,-9.255,Major,0.0325,127.439,4/4,0.286,562
Folk,The Monkees,Daydream Believer,68,0.256,0.51,179613,0.488,0.0,G,0.11,-10.304,Major,0.0304,125.683,4/4,0.649,652
Folk,The Paper Kites,On the Train Ride Home,63,0.805,0.611,227200,0.195,0.103,F#,0.112,-18.629,Major,0.0275,103.001,4/4,0.203,581
Folk,Xavier Rudd,Follow the Sun,67,0.532,0.613,255493,0.391,2.63e-05,C,0.109,-10.749,Major,0.0385,123.985,4/4,0.218,557
Folk,Juke Ross,Morning Breeze,67,0.585,0.636,194067,0.383,2.24e-06,B,0.122,-9.381,Major,0.0434,72.871,4/4,0.213,481
Folk,The Staves,Jolene - Live,63,0.932,0.47,253000,0.112,0.0,B,0.113,-15.147,Major,0.0377,125.496,4/4,0.183,608
Folk,Electric Light Orchestra,Turn to Stone,63,0.0686,0.548,229093,0.72,0.000232,C#,0.107,-9.777,Minor,0.0409,140.966,4/4,0.458,605
Folk,Tracy Chapman,Baby Can I Hold You,69,0.0811,0.692,193120,0.422,0.0,D,0.0848,-10.533,Major,0.0333,74.375,4/4,0.468,471
Folk,John Lennon,Watching The Wheels,65,0.313,0.669,211573,0.511,0.0,C,0.135,-11.016,Major,0.0291,82.865,4/4,0.398,556
Folk,Unknown Mortal Orchestra,Multi-Love,64,0.571,0.784,250800,0.506,0.0,D#,0.139,-5.243,Minor,0.0403,120.141,4/4,0.545,655
Folk,Rosie Carney,K.,62,0.962,0.348,269000,0.226,0.00483,D#,0.135,-10.918,Major,0.0386,129.251,3/4,0.173,542
Folk,Norah Jones,Carry On,65,0.924,0.547,168107,0.216,0.214,A#,0.109,-14.908,Major,0.0343,79.941,3/4,0.358,478
Folk,The Tallest Man On Earth,Love is All,62,0.931,0.624,255853,0.252,0.000423,D,0.104,-11.502,Major,0.03,107.0,4/4,0.367,464
Folk,Supertramp,Breakfast In America - Remastered,71,0.425,0.532,159347,0.663,1.07e-06,C,0.0734,-5.886,Minor,0.0292,75.14,4/4,0.756,442
Folk,Lykke Li,I Follow Rivers - The Magician Remix,73,0.0234,0.786,280070,0.696,0.0019,A,0.0839,-5.796,Minor,0.0428,121.974,4/4,0.306,454
Folk,Manfred Mann,Do Wah Diddy Diddy,65,0.262,0.661,143400,0.557,0.0,E,0.0557,-8.244,Major,0.049,125.445,4/4,0.957,610
Folk,Villagers,A Trick of the Light,62,0.513,0.563,248253,0.606,0.0391,B,0.132,-8.159,Major,0.0267,150.0,4/4,0.425,549
Folk,Sara Bareilles,Tightrope,62,0.908,0.514,218320,0.266,0.0107,A,0.0838,-13.021,Major,0.0331,97.007,4/4,0.0647,533
Folk,First Aid Kit,Perfect Places - Live From BBC Radio 2,64,0.278,0.454,218760,0.421,0.0,C#,0.141,-4.834,Minor,0.026,87.555,4/4,0.383,493
Folk,Joe Cocker,With A Little Help From My Friends,65,0.276,0.315,312173,0.447,0.00152,D,0.0923,-11.198,Major,0.0672,141.407,3/4,0.331,465
Folk,Bobby Vee,Take Good Care Of My Baby - 1990 Remastered,64,0.698,0.491,150867,0.431,0.0,C#,0.124,-12.257,Major,0.0609,82.443,4/4,0.661,538
Folk,The Supremes,Where Did Our Love Go,64,0.745,0.552,153333,0.481,3.43e-06,C,0.0825,-10.764,Major,0.0404,134.838,4/4,0.833,448
Folk,Joan Osborne,One Of Us,66,0.0136,0.474,321400,0.502,1.31e-05,A,0.119,-7.988,Major,0.0254,87.612,4/4,0.369,576
Folk,Leonard Cohen,You Want It Darker,62,0.613,0.674,284373,0.327,0.199,E,0.0756,-16.986,Minor,0.0574,108.995,4/4,0.494,671
Folk,Traveling Wilburys,Handle With Care,64,0.109,0.676,199587,0.771,0.0,G,0.247,-5.981,Major,0.0283,115.073,4/4,0.708,669
Folk,First Aid Kit,Fireworks,63,0.597,0.502,254547,0.483,1.37e-06,G#,0.108,-7.173,Major,0.0247,92.579,3/4,0.243,579
Folk,Carpenters,Yesterday Once More,63,0.7,0.253,233533,0.391,0.0,E,0.36,-13.662,Major,0.037,168.96,4/4,0.362,484
Folk,Ben Howard,Nica Libres At Dusk,62,0.76,0.453,394320,0.426,0.392,A,0.0976,-12.793,Major,0.031,148.063,4/4,0.356,647
Folk,Tom Odell,Magnetised - Acoustic,63,0.952,0.487,292187,0.0746,0.0,A#,0.108,-12.952,Minor,0.0327,106.328,4/4,0.123,517
Folk,Eva Cassidy,Fields Of Gold,63,0.974,0.461,282093,0.0859,1.12e-06,A,0.077,-14.676,Major,0.0309,79.817,4/4,0.31,445
Folk,Sly & The Family Stone,Everyday People - Single Version,62,0.306,0.807,141507,0.497,0.0323,G,0.043,-10.656,Major,0.0297,114.523,4/4,0.765,633
Folk,Annie Lennox,"No More ""I Love You's""",62,0.517,0.372,291333,0.57,2.57e-06,D#,0.141,-7.305,Major,0.0305,179.907,4/4,0.234,566
Folk,Styx,Babe,62,0.54,0.262,268733,0.223,0.0,D,0.0948,-13.604,Major,0.035,171.768,4/4,0.081,543
Folk,Annie Lennox,Why,62,0.28,0.531,293838,0.471,6.22e-05,C,0.133,-9.267,Major,0.0236,90.941,4/4,0.119,523
Folk,Bobby Vinton,Sealed with a Kiss,63,0.708,0.431,168867,0.379,1.74e-05,F,0.181,-9.59,Minor,0.0262,86.172,4/4,0.665,659
Folk,Paolo Nutini,New Shoes,68,0.47,0.748,203653,0.735,1.09e-05,G#,0.0851,-8.692,Major,0.0903,150.04,4/4,0.854,586
Folk,Sam Fender,Dead Boys,63,0.117,0.464,205045,0.839,8.63e-05,C,0.085,-3.558,Major,0.0388,168.135,4/4,0.221,592
Folk,the bird and the bee,How Deep Is Your Love,62,0.919,0.3,204653,0.303,3.35e-06,G#,0.0967,-12.089,Major,0.0796,201.242,4/4,0.119,521
Folk,Tom Speight,Old Flame,63,0.59,0.609,215773,0.378,0.0,G,0.083,-9.584,Major,0.031,74.535,4/4,0.399,582
Folk,Tom Odell,True Colours,62,0.942,0.518,143707,0.126,0.0,A#,0.105,-12.102,Major,0.0431,75.991,4/4,0.166,524
Folk,Tom Speight,Open Door,63,0.808,0.512,142507,0.272,0.000168,F#,0.121,-11.465,Major,0.0559,147.102,4/4,0.33,490
Blues,Lynyrd Skynyrd,Sweet Home Alabama,80,0.181,0.596,283800,0.605,0.000331,G,0.0863,-12.145,Major,0.0255,97.798,4/4,0.886,676
Blues,Thin Lizzy,The Boys Are Back In Town,73,0.234,0.445,266720,0.706,0.000252,G#,0.205,-9.803,Major,0.0461,80.823,4/4,0.768,673
Blues,Cage The Elephant,Cigarette Daydreams,68,0.0801,0.635,208760,0.675,0.0,D,0.0831,-3.445,Major,0.0263,113.946,4/4,0.273,690
Blues,Lynyrd Skynyrd,Free Bird,69,0.0765,0.252,547107,0.844,0.00018,C,0.084,-8.121,Major,0.0572,118.158,4/4,0.351,689
Blues,Santana,Smooth (feat. Rob Thomas),69,0.16,0.609,294987,0.923,4.73e-06,A,0.295,-3.908,Major,0.0338,115.996,4/4,0.961,675
Blues,Lynyrd Skynyrd,Simple Man,68,0.0465,0.43,356627,0.767,0.000112,F#,0.142,-8.561,Major,0.042,120.353,4/4,0.409,686
Blues,Greta Van Fleet,Highway Tune,68,0.0107,0.579,180640,0.957,0.158,E,0.263,-2.94,Major,0.0521,123.993,4/4,0.515,685
Blues,Eric Clapton,Wonderful Tonight,69,0.649,0.572,225027,0.214,0.129,G,0.125,-15.625,Major,0.0293,95.542,4/4,0.485,692
Blues,ZZ Top,La Grange - 2005 Remaster,71,0.00249,0.545,230480,0.64,0.0304,E,0.196,-9.937,Minor,0.224,80.544,4/4,0.606,682
Blues,Greta Van Fleet,Black Smoke Rising,66,0.187,0.372,259893,0.911,0.000199,G,0.0883,-3.949,Major,0.0694,200.012,4/4,0.536,693
Blues,Mungo Jerry,In the Summertime,66,0.724,0.754,211880,0.449,0.0,E,0.162,-14.013,Major,0.0615,82.751,4/4,0.973,688
Blues,Chuck Berry,Johnny B. Goode,70,0.741,0.534,161560,0.803,6.07e-05,A#,0.307,-9.129,Major,0.0743,167.983,4/4,0.969,691
Blues,Etta James,I'd Rather Go Blind,63,0.689,0.477,156653,0.433,0.000195,B,0.151,-6.473,Minor,0.0247,82.52,3/4,0.611,674
Blues,Greta Van Fleet,Safari Song,65,0.176,0.373,234600,0.931,9.12e-06,D,0.319,-4.043,Major,0.0506,175.92,4/4,0.74,695
Blues,Bobby Day,Rockin' Robin,62,0.298,0.541,160080,0.608,0.0,G,0.234,-13.083,Major,0.106,171.992,4/4,0.938,694
Blues,Aretha Franklin,I Say a Little Prayer,72,0.48,0.59,216773,0.355,0.0,A,0.0585,-14.051,Major,0.0352,133.03,4/4,0.499,677
Blues,George Thorogood & The Destroyers,Bad To The Bone,65,0.00614,0.459,292173,0.727,0.065,C,0.384,-11.777,Major,0.0303,149.229,1/4,0.954,678
Blues,The Marvelettes,Please Mr. Postman - Single Version,67,0.723,0.786,148040,0.783,0.0,D,0.195,-5.191,Major,0.0314,121.451,4/4,0.968,681
Blues,Santana,Black Magic Woman,62,0.676,0.489,196467,0.349,0.0789,D,0.0866,-14.295,Minor,0.0323,124.348,4/4,0.622,680
Blues,The Who,Who Are You,67,0.262,0.651,381627,0.648,0.0042,A,0.0655,-11.409,Major,0.0501,156.372,4/4,0.49,687
Blues,ZZ Top,Gimme All Your Lovin',65,0.00322,0.63,241080,0.788,0.0237,F,0.0883,-6.7,Major,0.0298,120.059,4/4,0.63,679
Blues,Alice Cooper,Poison,66,0.0327,0.28,270080,0.908,8.85e-06,D,0.18,-5.509,Minor,0.109,118.698,4/4,0.26,683
Blues,Ella Fitzgerald,Cheek To Cheek,62,0.706,0.663,354533,0.264,0.0,C,0.1,-14.571,Major,0.0914,122.482,4/4,0.657,684
R&B,Jorja Smith,Where Did I Go?,67,0.365,0.714,191992,0.59,0.167,F,0.0844,-9.849,Major,0.0812,97.048,4/4,0.357,1
R&B,The Weeknd,What You Need,65,0.525,0.657,196360,0.405,0.072,C,0.146,-8.637,Minor,0.0584,133.895,4/4,0.0673,70
R&B,JP Saxe,The Few Things,64,0.601,0.536,244355,0.322,2.26e-05,G,0.113,-12.834,Major,0.0621,135.5,4/4,0.236,26
R&B,Daniel Caesar,Neu Roses (Transgressor's Song),62,0.933,0.543,181908,0.327,1.22e-06,C,0.685,-12.749,Major,0.0625,68.974,4/4,0.291,77
R&B,The Weeknd,Prisoner,66,0.441,0.55,274960,0.404,0.00022,C,0.11,-12.755,Minor,0.0398,135.016,4/4,0.329,27
R&B,Bruno Major,Fair-Weather Friend,64,0.56,0.68,186713,0.34,0.0021,F#,0.0705,-6.985,Major,0.115,131.353,3/4,0.391,42
R&B,Roy Woods,Snow White,67,0.195,0.782,261835,0.559,2.11e-06,C,0.112,-7.955,Minor,0.046,88.038,4/4,0.199,63
R&B,DEAN,D (Half Moon),65,0.234,0.514,229360,0.764,0.0,G,0.0576,-5.161,Major,0.134,169.836,4/4,0.49,78
R&B,Jorja Smith,Carry Me Home,65,0.633,0.471,282329,0.352,2.75e-05,D,0.115,-9.699,Major,0.0391,118.333,3/4,0.102,69
R&B,John Legend,Tonight (Best You Ever Had),63,0.0496,0.693,239453,0.813,0.0,G,0.289,-4.361,Minor,0.066,90.008,4/4,0.515,13
R&B,Eric Bellinger,Valet (feat. Fetty Wap and 2 Chainz),62,0.0287,0.749,204324,0.53,0.0,C#,0.141,-5.251,Major,0.0386,93.869,4/4,0.332,74
R&B,702,Where My Girls At,65,0.0373,0.719,166693,0.736,0.0028,F#,0.193,-7.517,Major,0.052,92.179,4/4,0.757,17
R&B,Jorja Smith,The One,66,0.252,0.312,197575,0.661,0.000135,C,0.102,-8.508,Minor,0.092,82.39,4/4,0.443,16
R&B,HONNE,I Got You ◑,62,0.046,0.668,211712,0.515,0.0,G,0.17,-6.033,Minor,0.25,86.505,4/4,0.64,83
R&B,Bryson Tiller,Rambo,63,0.309,0.635,223480,0.562,2.01e-06,A#,0.11,-8.92,Minor,0.168,181.014,4/4,0.288,15
R&B,Rex Orange County,You've Got a Friend in Me,62,0.897,0.788,139522,0.45,3.07e-05,D#,0.3,-7.148,Major,0.0278,113.107,4/4,0.448,84
R&B,The Weeknd,As You Are,64,0.131,0.371,340493,0.329,0.00625,C,0.279,-9.667,Minor,0.0574,173.661,4/4,0.0539,38
R&B,Jorja Smith,Don't Watch Me Cry,70,0.887,0.559,190430,0.157,0.0,C#,0.107,-10.132,Major,0.0414,130.877,4/4,0.348,39
R&B,James Vickery,Until Morning,62,0.125,0.549,196625,0.414,0.0,C#,0.112,-9.55,Minor,0.0556,85.968,4/4,0.491,65
R&B,Tory Lanez,I Sip,65,0.245,0.625,196436,0.548,0.0,F,0.111,-11.189,Minor,0.365,100.11,4/4,0.517,43
R&B,Roy Woods,Down Girl,64,0.308,0.797,169604,0.507,0.0,C#,0.108,-9.214,Major,0.0694,102.069,4/4,0.447,35
R&B,The Weeknd,Twenty Eight,63,0.574,0.639,258453,0.633,0.000218,D#,0.111,-7.338,Minor,0.0352,129.996,4/4,0.243,57
R&B,Tom Misch,Disco Yes,66,0.42,0.927,280878,0.551,0.0346,A,0.298,-6.624,Minor,0.0921,123.042,4/4,0.665,33
R&B,Tom Misch,South of the River,63,0.0957,0.845,269815,0.57,0.414,C,0.0813,-8.441,Major,0.0802,113.003,4/4,0.466,21
R&B,Beyoncé,1+1,62,0.381,0.303,273880,0.384,5.14e-06,F#,0.0661,-7.342,Major,0.0339,63.345,5/4,0.261,10
R&B,Big Sean,Sacrifices,63,0.284,0.77,287320,0.565,0.0,A#,0.257,-7.641,Minor,0.272,141.999,4/4,0.394,66
R&B,Cosmo Pyke,Chronic Sunshine,62,0.0264,0.431,270927,0.773,0.0,D,0.348,-5.002,Major,0.0636,111.387,4/4,0.504,75
R&B,Tom Misch,Beautiful Escape,66,0.0684,0.944,276785,0.514,0.00209,F,0.103,-7.895,Major,0.195,120.004,4/4,0.331,7
R&B,Elder Island,Bamboo,66,0.404,0.554,262651,0.573,6.11e-05,C#,0.137,-8.266,Minor,0.0662,114.972,4/4,0.298,8
R&B,ROSALÍA,DI MI NOMBRE - Cap.8: Éxtasis,72,0.885,0.794,162377,0.534,5.18e-05,G#,0.314,-6.47,Minor,0.131,91.871,4/4,0.547,31
R&B,Golden Vessel,Shoulders,62,0.108,0.746,200387,0.571,0.00143,B,0.178,-5.276,Minor,0.0984,82.001,4/4,0.45,5
R&B,The Weeknd,Often - Kygo Remix,66,0.123,0.523,234400,0.491,0.0,G,0.331,-9.876,Minor,0.0491,80.156,4/4,0.408,82
R&B,Mase,What You Want (feat. Total),66,0.0312,0.838,242947,0.72,1.11e-05,A#,0.422,-6.593,Minor,0.384,93.76,4/4,0.845,64
R&B,Tory Lanez,ThE RUn oFF,62,0.0184,0.693,170543,0.791,0.0,D,0.345,-5.463,Major,0.161,152.859,4/4,0.827,85
R&B,Greeicy,Jacuzzi,72,0.0927,0.821,184107,0.736,0.0,C,0.0542,-4.484,Minor,0.0669,93.009,4/4,0.94,71
R&B,Tory Lanez,CuT me oFF (feat. NAV),62,0.266,0.705,124154,0.675,0.0,C#,0.31,-4.433,Major,0.184,139.91,4/4,0.118,89
R&B,All-4-One,I Can Love You Like That,66,0.0811,0.635,257960,0.712,0.0,G#,0.322,-4.998,Major,0.0283,91.024,4/4,0.423,61
R&B,Ms. Lauryn Hill,Nothing Even Matters,63,0.701,0.539,350533,0.363,3.18e-06,A#,0.14,-13.888,Minor,0.166,136.422,4/4,0.549,0
R&B,Beyoncé,Broken-Hearted Girl,63,0.503,0.336,277627,0.424,0.0,F,0.273,-7.203,Major,0.0353,82.149,4/4,0.159,40
R&B,Mariah Carey,My All,62,0.732,0.4,230933,0.317,5.03e-05,G,0.086,-10.249,Minor,0.0317,107.845,4/4,0.108,2
R&B,Zico,SoulMate (feat. IU),64,0.234,0.855,219391,0.58,0.0,F,0.0965,-6.951,Major,0.141,96.998,4/4,0.518,80
R&B,Crush,Beautiful,66,0.842,0.524,227584,0.405,0.0,A#,0.107,-6.145,Major,0.028,109.984,4/4,0.237,32
R&B,Klyne,Your Touch,62,0.0525,0.805,208265,0.635,0.000166,C#,0.0994,-5.596,Major,0.0414,116.982,4/4,0.467,11
R&B,John Legend,All of Me (Tiësto's Birthday Treatment Remix) - Radio Edit,65,0.000151,0.606,251613,0.72,0.00165,F,0.0745,-6.253,Minor,0.0283,127.986,4/4,0.179,25
R&B,Angie Stone,Wish I Didn't Miss You,63,0.355,0.856,270893,0.755,0.000621,A#,0.145,-5.691,Major,0.0331,123.883,4/4,0.842,87
R&B,LL Cool J,Hey Lover,62,0.349,0.707,284693,0.438,0.0,F,0.106,-12.195,Minor,0.0656,88.119,4/4,0.53,91
R&B,Tory Lanez,LUV - Remix,63,0.0278,0.677,166800,0.558,0.0,B,0.873,-7.622,Minor,0.252,95.032,4/4,0.564,73
R&B,Sisqo,Incomplete,62,0.282,0.75,274227,0.446,0.0,C#,0.119,-8.059,Minor,0.0759,119.489,4/4,0.291,29
R&B,Greeicy,Más Fuerte,70,0.101,0.83,184627,0.801,9.98e-05,B,0.136,-4.413,Minor,0.0761,92.002,4/4,0.492,6
R&B,Loyle Carner,Loose Ends,67,0.166,0.79,256198,0.675,1.36e-05,B,0.103,-6.952,Minor,0.319,90.961,4/4,0.363,94
R&B,Loco,Say Yes,62,0.353,0.685,218897,0.777,0.0,C#,0.329,-4.654,Minor,0.063,95.049,4/4,0.417,23
R&B,ROSALÍA,A NINGÚN HOMBRE - Cap.11: Poder,62,0.942,0.555,94224,0.149,0.0,C,0.135,-6.599,Major,0.0413,107.785,5/4,0.408,56
R&B,Rels B,A Mí,73,0.241,0.846,209680,0.548,0.0713,C#,0.0419,-6.397,Major,0.256,94.925,4/4,0.516,55
Folk,Tom Grennan,Barbed Wire,62,0.118,0.705,185520,0.803,0.0,E,0.0898,-3.291,Major,0.0332,99.053,4/4,0.875,520
Folk,Supertramp,School,62,0.526,0.355,335286,0.494,0.041,E,0.0652,-14.545,Minor,0.0885,87.96,4/4,0.0542,503
Hip-Hop,Kodak Black,ZEZE (feat. Travis Scott & Offset),93,0.0521,0.861,228760,0.603,0.0,G#,0.0924,-5.788,Minor,0.176,98.043,4/4,0.504,1310
Hip-Hop,Logic,Keanu Reeves,87,0.0591,0.71,225987,0.888,0.0,D,0.134,-6.457,Major,0.235,170.193,4/4,0.816,1286
Hip-Hop,Ski Mask The Slump God,Nuketown (feat. Juice WRLD),85,0.113,0.808,166400,0.617,0.0,A#,0.734,-9.32,Minor,0.442,149.962,4/4,0.632,1072
Hip-Hop,Future,Fine China,85,0.0484,0.656,141587,0.542,0.0,G,0.126,-7.358,Major,0.323,166.111,4/4,0.551,1397
Hip-Hop,J. Cole,No Role Modelz,84,0.302,0.696,292987,0.521,0.0,A#,0.0565,-8.465,Minor,0.332,100.0,4/4,0.458,1261
Hip-Hop,Metro Boomin,10 Freaky Girls (with 21 Savage),85,0.588,0.81,208293,0.353,0.0,F#,0.102,-9.931,Minor,0.31,88.031,4/4,0.0727,1109
Hip-Hop,XXXTENTACION,Everybody Dies In Their Nightmares,86,0.847,0.734,95467,0.57,2.14e-05,G,0.112,-7.066,Minor,0.133,129.953,4/4,0.689,873
Hip-Hop,Future,Crushed Up,84,0.0415,0.781,149949,0.597,0.0,A#,0.152,-6.794,Minor,0.23,158.043,4/4,0.544,1186
Hip-Hop,Aminé,REEL IT IN,83,0.073,0.754,121347,0.342,0.0,A#,0.193,-8.677,Minor,0.0991,128.981,4/4,0.423,814
Hip-Hop,21 Savage,Bank Account,84,0.0151,0.884,220307,0.346,7.04e-06,G#,0.0871,-8.228,Minor,0.351,75.016,4/4,0.376,970
Hip-Hop,XXXTENTACION,Hope,83,0.661,0.592,110886,0.457,0.000331,A,0.146,-6.081,Minor,0.0603,146.04,4/4,0.225,967
Hip-Hop,XXXTENTACION,BAD!,83,0.0643,0.78,94246,0.492,0.0313,F,0.174,-3.4,Minor,0.0671,143.983,4/4,0.374,1013
Hip-Hop,21 Savage,monster,85,0.158,0.89,233040,0.607,0.000228,A,0.118,-6.916,Minor,0.124,134.022,4/4,0.224,738
Hip-Hop,Russ,Missin You Crazy,82,0.0991,0.716,226693,0.729,0.0,F,0.0842,-6.313,Major,0.117,131.975,4/4,0.276,1379
Hip-Hop,Eminem,'Till I Collapse,85,0.0757,0.572,297893,0.853,0.0,C#,0.0798,-3.203,Major,0.217,171.297,4/4,0.102,1351
Hip-Hop,Lil Peep,I've Been Waiting (w/ ILoveMakonnen & Fall Out Boy),84,0.15,0.741,233613,0.845,0.0,F,0.174,-3.568,Minor,0.0381,129.939,4/4,0.926,1221
Hip-Hop,Logic,Everyday,84,0.041,0.67,204747,0.752,0.0,C#,0.0749,-4.146,Major,0.0374,149.961,4/4,0.442,968
Hip-Hop,Eminem,Killshot,82,0.0989,0.892,253580,0.651,0.0,C,0.371,-8.645,Minor,0.378,105.814,4/4,0.599,901
Hip-Hop,Ski Mask The Slump God,Foot Fungus,81,0.257,0.881,129547,0.623,1.5e-06,C#,0.0964,-9.662,Major,0.119,88.953,4/4,0.745,993
Hip-Hop,Russ,Losin Control,79,0.515,0.759,237507,0.245,0.000154,F#,0.102,-6.545,Major,0.138,96.992,4/4,0.209,1350
Hip-Hop,Lil Baby,Close Friends (Lil Baby & Gunna),82,0.044,0.665,203881,0.585,0.0,A#,0.0789,-5.077,Minor,0.366,158.953,4/4,0.658,996
Hip-Hop,2 Chainz,Momma I Hit A Lick (feat. Kendrick Lamar),76,0.202,0.796,173760,0.467,3.32e-05,B,0.206,-6.293,Major,0.34,179.974,3/4,0.4,1079
Hip-Hop,Kendrick Lamar,All The Stars (with SZA),84,0.0605,0.698,232187,0.633,0.000194,G#,0.0926,-4.946,Major,0.0597,96.924,4/4,0.552,1404
Hip-Hop,Kendrick Lamar,DNA.,82,0.00454,0.638,185947,0.523,0.0,C#,0.0842,-6.664,Major,0.357,139.913,4/4,0.422,1045
Hip-Hop,Young Thug,Chanel (Go Get It) [feat. Gunna & Lil Baby],79,0.00183,0.938,201707,0.5,0.0,E,0.077,-10.08,Minor,0.144,140.011,4/4,0.462,1335
Hip-Hop,Migos,Walk It Talk It,84,0.0739,0.909,276147,0.628,0.0,D,0.108,-5.456,Major,0.201,145.905,4/4,0.406,908
Hip-Hop,Big Sean,Bounce Back,79,0.105,0.77,222360,0.567,0.0,D,0.125,-5.698,Major,0.175,81.477,4/4,0.26,1239
Hip-Hop,Gunna,Speed It Up,80,0.0394,0.912,179022,0.587,0.01,G,0.111,-7.395,Major,0.0582,143.027,4/4,0.435,823
Hip-Hop,Bryson Tiller,Exchange,81,0.108,0.53,194613,0.433,0.0,F#,0.135,-10.598,Major,0.185,160.14,4/4,0.274,1314
Hip-Hop,NAV,Champion (feat. Travis Scott),80,0.381,0.642,195053,0.782,0.0,F,0.108,-3.395,Minor,0.0477,162.005,4/4,0.396,1049
Hip-Hop,Wiz Khalifa,Hopeless Romantic (feat. Swae Lee),79,0.307,0.877,226743,0.477,0.0,A,0.0929,-7.379,Minor,0.0587,127.023,4/4,0.552,775
Hip-Hop,Bas,Tribe (with J. Cole),78,0.241,0.755,238053,0.594,0.0,G,0.107,-5.906,Major,0.216,178.929,4/4,0.237,1321
Hip-Hop,2 Chainz,"2 Dollar Bill (feat. Lil Wayne, E-40)",71,0.37,0.852,240347,0.739,0.0,A#,0.0429,-4.692,Minor,0.182,101.019,4/4,0.668,1167
Hip-Hop,Logic,44 More,78,0.0635,0.829,188600,0.589,0.0,C#,0.113,-7.055,Major,0.202,139.971,4/4,0.233,1195
Hip-Hop,2 Chainz,Forgiven (feat. Marsha Ambrosius),70,0.155,0.491,323307,0.523,0.0,G,0.405,-9.417,Major,0.592,73.79,4/4,0.243,1316
Hip-Hop,Kodak Black,Pimpin Ain't Eazy,74,0.311,0.644,177000,0.501,0.0,C,0.106,-8.959,Major,0.492,129.828,4/4,0.173,975
Hip-Hop,21 Savage,can't leave without it,80,0.111,0.872,205352,0.591,0.0,F#,0.144,-6.952,Minor,0.359,131.982,4/4,0.696,1125
Hip-Hop,Migos,MotorSport,82,0.0338,0.896,303077,0.515,0.0,D,0.317,-5.395,Major,0.183,138.016,4/4,0.174,795
Hip-Hop,"Tyler, The Creator",See You Again,78,0.371,0.558,180387,0.559,7.49e-06,F#,0.109,-9.222,Major,0.0959,78.558,4/4,0.62,1108
Hip-Hop,SZA,Love Galore (feat. Travis Scott),80,0.111,0.795,275080,0.594,0.0,C,0.162,-6.2,Major,0.0747,135.002,4/4,0.409,948
Hip-Hop,Tyga,SWISH,83,0.0831,0.884,194936,0.541,0.0,B,0.118,-5.608,Major,0.221,105.009,4/4,0.274,1004
Hip-Hop,ScHoolboy Q,X (with 2 Chainz & Saudi),77,0.0201,0.768,267427,0.471,0.0,D,0.268,-8.406,Major,0.259,131.023,4/4,0.405,1386
Hip-Hop,Lil Wayne,Mona Lisa (feat. Kendrick Lamar),78,0.371,0.855,324189,0.694,0.0,D,0.109,-4.393,Major,0.169,122.078,4/4,0.49,959
Hip-Hop,Eminem,Love The Way You Lie,82,0.241,0.749,263373,0.925,0.0,A#,0.52,-5.034,Major,0.227,86.989,4/4,0.641,1085
Hip-Hop,Rob $tone,Chill Bill,79,0.0312,0.886,177184,0.427,0.00099,F#,0.0906,-10.028,Major,0.145,108.034,4/4,0.23,736
Hip-Hop,NF,If You Want Love,77,0.624,0.681,199387,0.397,0.0,C,0.113,-10.271,Major,0.12,70.129,4/4,0.251,1192
Hip-Hop,XXXTENTACION,I don’t let go,77,0.591,0.797,121630,0.293,0.0724,F,0.148,-7.479,Major,0.08,80.035,4/4,0.478,1142
Hip-Hop,The Notorious B.I.G.,Juicy,78,0.472,0.889,302693,0.816,0.0,A,0.204,-4.67,Major,0.247,96.056,4/4,0.777,1160
Hip-Hop,XXXTENTACION,Guardian angel,77,0.795,0.712,108035,0.374,0.0,C,0.187,-10.215,Minor,0.511,133.952,4/4,0.779,813
Hip-Hop,Lil Yachty,Get Dripped (feat. Playboi Carti),76,0.105,0.95,158769,0.489,0.0,G#,0.411,-8.411,Major,0.462,130.021,4/4,0.919,1147
Hip-Hop,JAY Z,Ni**as In Paris,74,0.0763,0.757,219320,0.882,0.0,C#,0.251,-6.125,Major,0.248,140.047,4/4,0.684,1246
Hip-Hop,Tee Grizzley,From The D To The A (feat. Lil Yachty),75,0.195,0.851,158684,0.625,0.0,A#,0.266,-5.417,Minor,0.303,99.061,4/4,0.668,765
Hip-Hop,Young Thug,Relationship (feat. Future),76,0.00252,0.842,215307,0.597,0.0,D,0.124,-6.336,Major,0.0627,145.992,4/4,0.298,1116
Hip-Hop,Lil Pump,Be Like Me (feat. Lil Wayne),81,0.00335,0.948,240000,0.396,0.0,F,0.192,-8.08,Minor,0.173,104.006,4/4,0.593,878
Hip-Hop,Offset,Lick,79,0.172,0.959,204516,0.539,0.0,E,0.108,-6.611,Minor,0.0958,103.0,4/4,0.657,1370
Hip-Hop,A$AP Rocky,Sundress,77,0.176,0.721,158206,0.704,3.71e-06,F#,0.143,-6.364,Major,0.0606,125.004,4/4,0.735,879
Hip-Hop,Lil Wayne,Scared of the Dark (feat. XXXTENTACION),79,0.0468,0.443,233000,0.623,0.0,C,0.247,-6.717,Minor,0.0718,79.365,4/4,0.156,1190
Hip-Hop,Eminem,Rap God,79,0.397,0.708,363521,0.843,0.0,G,0.799,-2.66,Major,0.314,148.14,4/4,0.625,1362
Hip-Hop,YBN Cordae,Kung Fu,79,0.0227,0.876,199680,0.608,1.16e-05,G#,0.107,-6.019,Major,0.109,124.983,4/4,0.258,1382
Hip-Hop,Eminem,Fall,79,0.227,0.83,262494,0.546,0.0,C#,0.112,-5.716,Major,0.295,182.973,4/4,0.535,949
Hip-Hop,Lil Pump,Racks on Racks,80,0.0311,0.822,129778,0.484,6.22e-06,C#,0.31,-7.166,Major,0.0865,150.061,4/4,0.0934,807
Hip-Hop,Drake,Marvins Room,75,0.646,0.492,347227,0.26,0.00178,A,0.0705,-17.341,Minor,0.0921,111.519,5/4,0.312,856
Hip-Hop,Aminé,Invincible,76,0.141,0.724,196387,0.6,0.000218,A#,0.104,-4.391,Minor,0.29,86.984,4/4,0.466,1062
Hip-Hop,J. Cole,Motiv8,74,0.135,0.869,133922,0.385,0.0,E,0.0931,-7.801,Major,0.297,149.897,4/4,0.596,876
Hip-Hop,Drake,Teenage Fever,75,0.11,0.768,219692,0.282,0.0208,G#,0.113,-10.348,Minor,0.0863,97.043,4/4,0.175,1090
Hip-Hop,Meek Mill,On Me (feat. Cardi B),76,0.0482,0.864,225008,0.666,0.0,C#,0.134,-5.525,Major,0.234,132.12,4/4,0.538,1040
Hip-Hop,Mac Miller,Hurt Feelings,76,0.343,0.69,245640,0.462,0.00218,G#,0.113,-8.054,Major,0.13,157.655,4/4,0.325,846
Hip-Hop,NF,WHY,74,0.368,0.737,188990,0.77,0.0,A#,0.306,-7.753,Minor,0.51,158.351,4/4,0.431,1226
Hip-Hop,Drake,Headlines,74,0.365,0.636,235987,0.566,0.000353,F#,0.0917,-7.16,Minor,0.106,151.894,4/4,0.425,1106
Hip-Hop,NAV,Myself,75,0.664,0.654,226040,0.393,0.0,F,0.114,-7.621,Minor,0.284,159.741,4/4,0.105,1130
Hip-Hop,Offset,Clout (feat. Cardi B),77,0.228,0.919,205803,0.622,4.24e-06,C#,0.122,-7.384,Major,0.0997,140.022,4/4,0.424,877
Hip-Hop,"Tyler, The Creator",Potato Salad,76,0.308,0.538,182493,0.612,0.0,D,0.213,-6.02,Major,0.424,168.197,4/4,0.684,710
Hip-Hop,Future,Low Life,76,0.337,0.722,313547,0.331,0.283,G#,0.146,-7.789,Major,0.0725,143.974,4/4,0.102,992
Hip-Hop,XXXTENTACION,going down!,75,0.0216,0.873,115194,0.663,0.000356,C#,0.0867,-4.086,Major,0.15,135.499,4/4,0.525,743
Hip-Hop,The Notorious B.I.G.,Hypnotize - 2014 Remastered Version,77,0.145,0.901,229827,0.697,0.0,A,0.287,-3.439,Major,0.28,93.941,4/4,0.67,817
Hip-Hop,Offset,Wild Wild West (feat. Gunna),77,0.0841,0.902,236300,0.621,0.0,A,0.138,-5.315,Major,0.199,114.007,4/4,0.497,772
Hip-Hop,Gucci Mane,Both (feat. Drake),75,0.119,0.85,190312,0.405,0.000118,G,0.0707,-7.509,Minor,0.225,139.976,4/4,0.344,870
Hip-Hop,A$AP Rocky,"F**kin' Problems (feat. Drake, 2 Chainz & Kendrick Lamar)",76,0.024,0.852,233787,0.693,0.0,C#,0.11,-6.87,Major,0.274,95.967,4/4,0.66,889
Hip-Hop,Smokepurpp,Do Not Disturb (feat. Lil Yachty & Offset),74,0.203,0.878,157557,0.647,0.00185,A#,0.335,-4.566,Minor,0.0659,131.027,4/4,0.212,1390
Hip-Hop,J. Cole,Deja Vu,74,0.361,0.653,264747,0.409,0.00012,A,0.189,-11.446,Major,0.421,174.324,4/4,0.187,897
Hip-Hop,OutKast,Hey Ya! - Radio Mix / Club Mix,78,0.103,0.728,235213,0.974,0.000532,E,0.175,-2.261,Minor,0.0665,79.526,4/4,0.965,1303
Hip-Hop,Kid Cudi,Pursuit Of Happiness (Nightmare),71,0.511,0.629,295293,0.622,0.000174,C,0.383,-8.906,Major,0.0404,115.293,4/4,0.264,1409
Hip-Hop,XXXTENTACION,Gassed Up!,74,0.293,0.843,225051,0.56,6.72e-06,F#,0.0984,-6.122,Major,0.284,130.032,4/4,0.477,1205
Hip-Hop,A$AP Rocky,L$D,76,0.193,0.598,238307,0.252,0.138,D,0.0992,-15.086,Major,0.0647,120.06,4/4,0.0352,924
Hip-Hop,Logic,Everybody,74,0.158,0.885,162347,0.94,0.0,C#,0.0675,-5.908,Major,0.0909,110.005,4/4,0.77,1170
Hip-Hop,Rich The Kid,Lost It (feat. Quavo & Offset),74,0.00905,0.827,272153,0.642,1.5e-06,C#,0.0865,-4.29,Minor,0.242,145.004,4/4,0.181,844
Hip-Hop,21 Savage,ball w/o you,76,0.0467,0.892,195047,0.633,0.000189,G#,0.139,-7.471,Major,0.0902,137.994,4/4,0.459,1196
Hip-Hop,A$AP Ferg,Work REMIX,73,0.0246,0.841,283693,0.733,0.0,C#,0.174,-5.077,Major,0.142,130.009,4/4,0.284,1212
Hip-Hop,Childish Gambino,Summertime Magic,74,0.0129,0.76,213600,0.579,0.00351,C,0.106,-7.374,Major,0.0569,100.01,4/4,0.125,1274
Hip-Hop,Fetty Wap,Trap Queen,74,0.0244,0.746,222093,0.873,0.0,G,0.354,-3.803,Major,0.128,148.075,4/4,0.817,1117
Hip-Hop,Joyner Lucas,Stranger Things,75,0.443,0.867,219733,0.663,0.0,A#,0.117,-5.838,Minor,0.178,121.978,4/4,0.481,1052
Hip-Hop,Gunna,Who You Foolin,75,0.0942,0.916,151539,0.756,0.0,C,0.23,-7.653,Major,0.188,115.69,4/4,0.756,1021
Hip-Hop,Lil Peep,Beamer Boy,76,0.0509,0.743,203373,0.732,1.77e-05,G#,0.227,-4.511,Major,0.104,123.994,4/4,0.339,867
Hip-Hop,Meek Mill,Dangerous (feat. Jeremih and PnB Rock),74,0.0581,0.763,234589,0.441,0.0,C,0.0458,-8.211,Major,0.256,86.093,4/4,0.538,1237
Hip-Hop,XXXTENTACION,RIP Roach (feat. $ki Mask The Slump God),74,0.398,0.727,169979,0.62,0.0,G#,0.0926,-6.443,Major,0.306,105.003,4/4,0.555,1152
Hip-Hop,Meek Mill,Dreams and Nightmares,73,0.468,0.631,230693,0.774,0.0,B,0.281,-2.459,Major,0.3,79.745,4/4,0.44,1033
Hip-Hop,J. Cole,Love Yourz,73,0.609,0.502,211680,0.623,0.0,G#,0.119,-8.812,Major,0.441,75.555,1/4,0.399,1094
Hip-Hop,Young Thug,pick up the phone,75,0.114,0.711,252256,0.739,0.0,G,0.226,-3.804,Minor,0.129,136.919,4/4,0.43,1312
Hip-Hop,Bass Santana,Make Eem Run!,75,0.747,0.936,192000,0.514,0.0,D,0.11,-8.908,Minor,0.271,129.997,4/4,0.812,1273
Hip-Hop,G-Eazy,1942,76,0.0152,0.817,213080,0.646,0.0,E,0.125,-5.12,Minor,0.249,162.898,4/4,0.835,1133
Hip-Hop,$uicideBoy$,Kill Yourself (Part III),78,0.324,0.753,145078,0.679,4.21e-05,F,0.423,-7.092,Minor,0.0349,105.977,4/4,0.19,1375
Hip-Hop,50 Cent,In Da Club,73,0.283,0.865,193467,0.73,0.0,F#,0.0753,-2.813,Minor,0.373,90.096,4/4,0.808,1270
Hip-Hop,Fetty Wap,679 (feat. Remy Boyz),76,0.00256,0.618,196693,0.717,0.0,G,0.625,-5.738,Major,0.318,190.05,4/4,0.603,1291
Hip-Hop,Migos,Notice Me,76,0.104,0.796,233880,0.338,1.12e-06,F,0.165,-9.754,Minor,0.315,166.0,4/4,0.474,1311
Hip-Hop,Lil Pump,Gucci Gang,78,0.239,0.936,124056,0.523,0.0,F,0.117,-6.71,Major,0.0597,119.889,4/4,0.699,983
Hip-Hop,PnB Rock,Selfish,74,0.114,0.638,245604,0.6,0.0,C#,0.187,-5.84,Minor,0.0438,101.981,4/4,0.0399,1162
Hip-Hop,Playboi Carti,Love Hurts (feat. Travis Scott),71,0.0315,0.724,180560,0.45,1.36e-05,E,0.111,-5.763,Minor,0.0496,140.981,4/4,0.464,954
Hip-Hop,Ski Mask The Slump God,Unbothered,73,0.222,0.884,138427,0.445,0.0,C#,0.112,-10.58,Minor,0.418,125.008,4/4,0.851,934
Hip-Hop,Russ,Ride Slow,72,0.632,0.737,185400,0.429,0.0,E,0.104,-10.252,Minor,0.0785,99.955,4/4,0.147,882
Hip-Hop,Gunna,Wit It,74,0.197,0.868,139644,0.657,0.0,G,0.105,-5.318,Minor,0.0745,125.905,4/4,0.508,1271
Hip-Hop,Joey Bada$$,DEVASTATED,73,0.0634,0.812,207059,0.628,0.0,A#,0.254,-6.164,Minor,0.0682,123.004,4/4,0.485,780
Hip-Hop,Drake,Back To Back,72,0.00898,0.635,170638,0.472,0.0,G#,0.117,-3.869,Minor,0.511,174.008,4/4,0.373,923
Hip-Hop,G-Eazy,"Me, Myself & I",79,0.0186,0.757,251467,0.672,0.0,C,0.158,-6.524,Minor,0.0955,111.996,4/4,0.382,1208
Hip-Hop,21 Savage,Ghostface Killers,76,0.331,0.782,268933,0.436,1.3e-05,D,0.342,-7.033,Major,0.155,82.994,4/4,0.243,945
Hip-Hop,Lil Wayne,A Milli,75,0.0527,0.679,221840,0.684,0.000895,F#,0.177,-8.559,Major,0.278,151.748,4/4,0.755,1183
Hip-Hop,Gunna,Richard Millie Plain,74,0.356,0.744,200135,0.674,0.0,C#,0.128,-7.518,Minor,0.0641,134.021,4/4,0.316,728
Hip-Hop,The Notorious B.I.G.,Mo Money Mo Problems (feat. Mase & Puff Daddy) - 2014 Remastered Version,75,0.0128,0.845,257400,0.884,2.1e-06,F#,0.203,-4.506,Minor,0.0759,104.536,4/4,0.904,1105
Hip-Hop,Ski Mask The Slump God,LA LA,73,0.0585,0.765,147413,0.574,0.0,F,0.22,-8.456,Major,0.31,140.017,4/4,0.606,1233
Hip-Hop,J. Cole,Crooked Smile,71,0.433,0.607,278573,0.784,0.0,G,0.689,-6.293,Major,0.268,81.004,4/4,0.482,1366
Hip-Hop,Denzel Curry,CLOUT COBAIN | CLOUT CO13A1N,72,0.591,0.794,231333,0.448,0.0,A#,0.109,-4.771,Minor,0.0539,120.055,4/4,0.588,1400
Hip-Hop,NAV,Held Me Down,73,0.482,0.826,228107,0.422,0.0,D#,0.108,-8.217,Minor,0.11,119.994,4/4,0.218,1297
Hip-Hop,Tee Grizzley,Fuck It Off (feat. Chris Brown),74,0.0728,0.801,147600,0.578,0.0,C#,0.185,-7.148,Major,0.201,100.032,4/4,0.126,1136
Hip-Hop,KIDS SEE GHOSTS,4th Dimension,72,0.278,0.765,153351,0.542,1.87e-05,C#,0.609,-6.755,Major,0.39,171.945,4/4,0.734,947
Hip-Hop,G-Eazy,I Mean It,75,0.125,0.712,236480,0.562,0.0,A#,0.136,-6.008,Major,0.129,140.0,4/4,0.142,781
Hip-Hop,ScHoolboy Q,Man Of The Year,72,0.00536,0.749,216013,0.865,0.0,D#,0.198,-5.228,Major,0.0413,111.914,4/4,0.371,1141
Hip-Hop,Kendrick Lamar,King Kunta,76,0.00589,0.884,234693,0.657,0.0,F#,0.154,-4.569,Minor,0.0977,107.059,4/4,0.489,1043
Hip-Hop,XXXTENTACION,"I don’t even speak spanish lol - feat. Rio Santana, Judah, Carlos Andrez",74,0.118,0.767,192229,0.561,0.0,D,0.0737,-7.418,Minor,0.0509,90.021,4/4,0.542,1059
Hip-Hop,Wisin & Yandel,Aullando,84,0.184,0.8,226200,0.74,0.0,A#,0.0558,-4.52,Minor,0.0479,90.035,4/4,0.775,1289
Hip-Hop,Wu-Tang Clan,C.R.E.A.M.,74,0.57,0.479,252187,0.549,0.0239,B,0.127,-10.551,Minor,0.373,180.985,4/4,0.576,886
Hip-Hop,Gunna,Baby Birkin,73,0.232,0.848,181948,0.649,0.0,D,0.101,-6.083,Major,0.315,118.04,4/4,0.629,857
Hip-Hop,Rae Sremmurd,No Type,76,0.013,0.888,200080,0.483,4.85e-06,F#,0.0926,-7.797,Major,0.154,125.008,4/4,0.226,980
Hip-Hop,Future,Realer N Realer,72,0.0117,0.73,170920,0.465,0.0,C#,0.28,-6.29,Major,0.278,148.028,4/4,0.367,1193
Hip-Hop,Drake,Legend,72,0.024,0.715,241853,0.561,0.0,C#,0.0769,-7.605,Major,0.0721,100.076,4/4,0.297,956
Hip-Hop,Offset,Quarter Milli (feat. Gucci Mane),75,0.0688,0.909,194875,0.55,8.97e-05,A,0.11,-7.795,Major,0.0728,130.036,4/4,0.189,1216
Hip-Hop,Bryson Tiller,Right My Wrongs,73,0.344,0.538,249320,0.449,0.0,C#,0.157,-8.078,Major,0.0463,132.639,4/4,0.27,1143
Hip-Hop,Shoreline Mafia,Whuss The Deal,71,0.155,0.837,195636,0.403,0.000511,D,0.225,-10.053,Major,0.33,82.517,4/4,0.2,1313
Hip-Hop,Eminem,My Name Is,75,0.0416,0.869,268400,0.68,1.12e-06,C#,0.0914,-6.233,Major,0.318,85.519,4/4,0.815,1416
Hip-Hop,Jacquees,You,77,0.413,0.735,217387,0.453,0.0,G#,0.104,-8.264,Minor,0.0602,115.002,4/4,0.335,806
Hip-Hop,Lil Peep,Benz Truck (гелик),76,0.0498,0.602,159987,0.762,0.00819,D,0.121,-6.149,Minor,0.0347,92.02,4/4,0.112,711
Hip-Hop,KIDS SEE GHOSTS,Feel The Love,72,0.126,0.58,165053,0.469,7.32e-05,C,0.099,-5.946,Minor,0.104,110.573,4/4,0.369,1131
Hip-Hop,Drake,HYFR (Hell Ya Fucking Right),69,0.123,0.444,206627,0.627,0.0,G,0.0795,-8.744,Minor,0.252,98.21,3/4,0.359,1073
Hip-Hop,Drake,Too Good,76,0.0662,0.82,263373,0.641,5.07e-05,E,0.102,-7.811,Minor,0.116,117.974,4/4,0.395,744
Hip-Hop,Lil Yachty,NBAYOUNGBOAT,71,0.0515,0.769,139845,0.807,0.0,B,0.111,-2.966,Major,0.306,82.422,4/4,0.364,1001
Hip-Hop,Ski Mask The Slump God,He Diddy!,72,0.581,0.885,74344,0.408,1.23e-05,G#,0.117,-12.923,Major,0.116,129.894,4/4,0.263,808
Hip-Hop,Meek Mill,R.I.C.O. (feat. Drake),73,0.317,0.727,197133,0.599,0.0,C#,0.219,-6.941,Major,0.327,167.909,3/4,0.386,770
Hip-Hop,50 Cent,Candy Shop,78,0.0253,0.614,209107,0.574,3.2e-05,B,0.38,-7.961,Major,0.466,125.173,5/4,0.755,995
Hip-Hop,Machine Gun Kelly,RAP DEVIL,73,0.217,0.895,286117,0.839,3e-06,C,0.239,-4.512,Major,0.227,149.951,4/4,0.756,708
Hip-Hop,Gunna,Derek Fisher (feat. Lil Baby),73,0.293,0.759,189443,0.562,0.0,A,0.0979,-6.228,Minor,0.149,145.139,4/4,0.706,763
Hip-Hop,Warren G,Regulate,74,0.29,0.845,248867,0.51,2.39e-06,B,0.114,-13.064,Minor,0.224,95.265,4/4,0.74,880
Hip-Hop,Kap G,Marvelous Day (feat. Lil Uzi Vert & Gunna),71,0.634,0.846,223921,0.651,0.0,G,0.125,-5.481,Minor,0.128,140.048,4/4,0.581,790
Hip-Hop,Mac Miller,Dang! (feat. Anderson .Paak),74,0.00826,0.836,305350,0.67,0.000355,F,0.0837,-6.907,Minor,0.23,107.018,4/4,0.556,1114
Hip-Hop,J. Cole,Window Pain - Outro,70,0.0607,0.72,286730,0.626,0.0,G#,0.0728,-9.351,Major,0.397,75.032,4/4,0.182,1099
Hip-Hop,$uicideBoy$,Paris,76,0.0725,0.849,111020,0.648,0.00592,G,0.0984,-6.188,Major,0.0832,106.075,4/4,0.196,895
Hip-Hop,2Pac,Ambitionz Az A Ridah,79,0.00253,0.801,278387,0.908,0.000655,D,0.0698,-6.554,Major,0.221,87.279,4/4,0.805,835
Hip-Hop,Quality Control,Movin’ Up,72,0.197,0.938,167298,0.377,3.05e-05,C,0.178,-6.253,Major,0.127,108.985,4/4,0.598,969
Hip-Hop,Nicky Jam,X - Remix,79,0.0561,0.663,235747,0.696,3.77e-05,A,0.0778,-4.957,Minor,0.103,180.113,4/4,0.738,1011
Hip-Hop,OutKast,Roses,72,0.0481,0.751,369573,0.708,1.83e-05,C,0.107,-5.645,Major,0.0545,108.97,4/4,0.509,922
Hip-Hop,Playboi Carti,R.I.P.,69,0.0119,0.725,192027,0.723,0.0,G#,0.086,-6.067,Minor,0.16,140.003,4/4,0.509,719
Hip-Hop,Takeoff,She Gon Wink,70,0.102,0.753,216214,0.736,0.0,C#,0.189,-6.157,Minor,0.0865,140.994,4/4,0.272,1345
Hip-Hop,Yung Bans,Ridin (feat. Landon Cube & YBN Nahmir),71,0.606,0.832,225103,0.439,5.45e-06,E,0.11,-9.594,Minor,0.0996,145.004,4/4,0.53,997
Hip-Hop,Rae Sremmurd,This Could Be Us,72,0.275,0.718,206307,0.692,0.0,F,0.118,-5.06,Minor,0.148,142.992,4/4,0.721,871
Hip-Hop,Famous Dex,"Nervous (feat. Lil Baby, Jay Critch & Rich the Kid)",70,0.235,0.68,230408,0.732,0.000174,A#,0.0705,-7.108,Minor,0.27,75.422,4/4,0.864,1357
Hip-Hop,Lupe Fiasco,Battle Scars,71,0.186,0.517,250320,0.811,0.0,F,0.105,-4.526,Minor,0.286,168.269,4/4,0.494,1391
Hip-Hop,A$AP Rocky,A$AP Forever,73,0.224,0.469,233061,0.78,0.0,A#,0.13,-6.49,Minor,0.122,125.999,4/4,0.444,762
Hip-Hop,Lil Baby,Off White VLONE (Lil Baby & Gunna feat. Lil Durk & NAV),72,0.0912,0.855,187465,0.516,0.0,A#,0.114,-8.116,Minor,0.44,140.955,4/4,0.153,1124
Hip-Hop,Eminem,Normal,73,0.261,0.907,222477,0.64,0.0,F#,0.0785,-6.542,Major,0.354,120.995,4/4,0.803,1157
Hip-Hop,Lil Peep,Runaway,74,0.44,0.399,192760,0.591,0.0616,F#,0.446,-8.792,Minor,0.052,79.892,3/4,0.175,1251
Hip-Hop,Lupe Fiasco,The Show Goes On,69,0.0189,0.591,239613,0.889,0.0,G,0.155,-3.839,Major,0.115,143.067,4/4,0.65,1288
Hip-Hop,JID,NEVER,70,0.0276,0.593,241682,0.647,1.47e-05,C#,0.0673,-7.49,Major,0.313,103.951,4/4,0.23,1134
Hip-Hop,Drake,Houstatlantavegas,70,0.393,0.683,290791,0.695,0.00124,C#,0.124,-6.798,Minor,0.0574,135.337,4/4,0.406,1374
Hip-Hop,J. Cole,Fire Squad,70,0.279,0.516,288200,0.738,0.0,B,0.621,-7.21,Major,0.415,175.432,4/4,0.595,748
Hip-Hop,J. Cole,The Cut Off (feat. kiLL edward),69,0.185,0.74,237295,0.543,0.0,C#,0.372,-7.979,Major,0.399,78.198,4/4,0.337,1110
Hip-Hop,Drake,Signs,73,0.0853,0.79,234373,0.734,0.00409,C,0.112,-4.66,Major,0.0524,107.369,4/4,0.223,1174
Hip-Hop,Huncho Jack,Saint,73,0.00823,0.857,140793,0.642,0.0,C,0.106,-3.656,Major,0.0588,150.06,4/4,0.0658,1242
Hip-Hop,Mike WiLL Made-It,Aries (YuGo) Part 2 (with Rae Sremmurd & Big Sean feat. Quavo & Pharrell),72,0.128,0.871,273087,0.552,0.0,E,0.272,-4.953,Minor,0.0509,141.973,4/4,0.27,913
Hip-Hop,Kodak Black,Identity Theft,72,0.0416,0.938,127346,0.696,0.0,C#,0.126,-5.837,Major,0.384,97.988,4/4,0.756,802
Hip-Hop,Machine Gun Kelly,"Home (with Machine Gun Kelly, X Ambassadors & Bebe Rexha)",75,0.00413,0.653,202805,0.718,0.0,D#,0.0537,-5.232,Minor,0.213,82.034,4/4,0.216,1367
Hip-Hop,Key Glock,Russian Cream,70,0.11,0.867,142498,0.774,0.0,B,0.157,-5.791,Minor,0.315,130.007,4/4,0.549,1401
Hip-Hop,Drake,Uptown (feat. Bun B & Lil Wayne),69,0.00391,0.416,382262,0.824,0.0,C#,0.104,-3.075,Major,0.343,85.433,5/4,0.417,1342
Hip-Hop,Fugees,Killing Me Softly With His Song,68,0.0279,0.765,298773,0.29,1.02e-06,E,0.571,-17.117,Minor,0.139,92.409,4/4,0.506,1202
Hip-Hop,Future,Never Stop,71,0.0662,0.571,291334,0.556,0.000149,C#,0.137,-5.857,Major,0.223,155.465,4/4,0.0762,1272
Hip-Hop,A$AP Rocky,Lord Pretty Flacko Jodye 2 (LPFJ2),70,0.0122,0.489,126960,0.718,0.0,F#,0.0546,-5.989,Major,0.11,207.986,4/4,0.0568,1334
Hip-Hop,Lil Peep,Sex with My Ex,73,0.0472,0.497,213640,0.77,0.0,F#,0.102,-4.298,Major,0.0757,167.892,4/4,0.47,754
Hip-Hop,Drake,Final Fantasy,70,0.422,0.5,219960,0.448,8.03e-06,C,0.115,-10.977,Major,0.442,144.204,1/4,0.104,852
Hip-Hop,ScHoolboy Q,Studio,69,0.0507,0.709,278067,0.589,0.0,G#,0.0585,-7.776,Minor,0.0433,133.922,3/4,0.58,1365
Hip-Hop,Gunna,Out The Hood,72,0.375,0.84,155873,0.427,2.55e-05,F,0.111,-9.777,Minor,0.376,147.931,4/4,0.445,1371
Hip-Hop,Eminem,Stepping Stone,73,0.0305,0.616,309638,0.684,0.0,G,0.376,-6.032,Major,0.311,179.503,4/4,0.312,1177
Hip-Hop,Lil Pump,ION (feat. Smokepurpp),72,0.00837,0.899,141538,0.593,0.0,C#,0.213,-7.143,Major,0.294,155.881,4/4,0.904,920
Hip-Hop,Jaden Smith,SOHO,72,0.342,0.547,208493,0.596,0.335,G#,0.148,-7.744,Minor,0.192,159.985,4/4,0.368,1122
Hip-Hop,Bryson Tiller,Canceled,73,0.157,0.767,183960,0.611,0.0116,F,0.0836,-5.173,Minor,0.0983,94.034,4/4,0.11,1078
Hip-Hop,Lil Xan,Lies (feat. Lil Skies),72,0.0262,0.779,206387,0.626,0.00488,A#,0.114,-7.73,Minor,0.067,140.078,4/4,0.419,1098
Hip-Hop,Drake,Summer Games,71,0.477,0.775,247893,0.482,0.0456,C#,0.11,-11.269,Major,0.0357,136.016,4/4,0.134,1373
Hip-Hop,Drake,Crew Love,70,0.227,0.418,208813,0.546,0.0,C,0.229,-9.057,Minor,0.238,160.152,4/4,0.294,1329
Hip-Hop,Future,Astronauts,70,0.0402,0.732,169920,0.586,2.66e-06,C#,0.121,-7.868,Major,0.232,76.48,4/4,0.73,1181
Hip-Hop,21 Savage,a&t,72,0.00169,0.924,211588,0.567,0.0,F,0.0898,-5.009,Major,0.0964,146.975,4/4,0.827,1225
Hip-Hop,JID,Workin Out,69,0.384,0.818,226859,0.57,0.000102,A#,0.19,-8.067,Minor,0.285,126.938,4/4,0.561,777
Hip-Hop,Nas,If I Ruled the World (Imagine That),71,0.0474,0.879,282373,0.564,9.43e-06,A#,0.0519,-7.682,Minor,0.247,93.908,4/4,0.523,1179
Hip-Hop,HoodRich Pablo Juan,We Don't Luv Em (Remix),69,0.293,0.896,193776,0.615,0.0,F#,0.122,-9.326,Minor,0.326,140.04,4/4,0.89,1294
Hip-Hop,KYLE,Hey Julie! (feat. Lil Yachty),71,0.0446,0.801,156443,0.505,9.52e-06,B,0.122,-5.829,Major,0.293,161.059,4/4,0.757,834
Hip-Hop,Ski Mask The Slump God,COOLEST MONKEY IN THE JUNGLE,70,0.324,0.893,152213,0.676,0.0,A,0.0968,-4.867,Minor,0.227,125.923,4/4,0.804,1145
Hip-Hop,Meek Mill,All Eyes on You (feat. Chris Brown & Nicki Minaj),72,0.0242,0.589,223973,0.658,0.0,B,0.118,-5.288,Minor,0.203,77.521,4/4,0.251,1087
Hip-Hop,Daddy Yankee,Dura,81,0.183,0.791,200480,0.848,0.0,C#,0.409,-3.456,Major,0.0506,95.0,4/4,0.828,1140
Hip-Hop,Aminé,SHINE,69,0.314,0.704,150000,0.517,6.36e-06,F,0.174,-7.999,Minor,0.312,139.857,4/4,0.443,1005
Hip-Hop,Russ,Me You,70,0.00196,0.702,164200,0.762,0.000451,G#,0.142,-2.733,Major,0.0328,95.019,4/4,0.233,1279
Hip-Hop,88GLAM,Lil Boat,71,0.0166,0.764,180813,0.672,1.06e-06,F#,0.103,-4.274,Minor,0.0655,150.021,4/4,0.594,1091
Hip-Hop,Tee Grizzley,Jettski Grizzley (feat. Lil Pump),69,0.0966,0.875,163200,0.878,0.0,G#,0.333,-5.358,Major,0.179,100.042,4/4,0.381,1155
Hip-Hop,Russ,Serious,70,0.132,0.69,188947,0.635,0.0,C#,0.362,-7.624,Major,0.34,144.065,4/4,0.569,849
Hip-Hop,KIDS SEE GHOSTS,Cudi Montage,69,0.401,0.729,197001,0.504,1.44e-06,G#,0.121,-6.784,Minor,0.0321,110.011,4/4,0.305,1064
Hip-Hop,Russ,Cherry Hill,68,0.161,0.681,222453,0.469,0.403,D,0.108,-10.803,Minor,0.0366,130.022,4/4,0.0373,884
Hip-Hop,Meek Mill,Wit The Shits (W.T.S) [feat. Melii],70,0.00735,0.756,170539,0.814,0.0,C,0.143,-5.398,Major,0.0416,146.99,4/4,0.709,730
Hip-Hop,Drake,8 Out Of 10,70,0.161,0.529,195720,0.69,0.0,D,0.498,-7.87,Major,0.74,170.54,4/4,0.311,893
Hip-Hop,Offset,After Dark,72,0.25,0.8,172881,0.696,1.4e-06,F#,0.0894,-7.004,Minor,0.228,100.003,4/4,0.189,1075
Hip-Hop,Big Sean,Living Single,68,0.214,0.717,276347,0.618,0.0,B,0.108,-5.419,Major,0.315,79.862,4/4,0.719,1318
Hip-Hop,Future,Call the Coroner,69,0.146,0.853,131756,0.805,0.0515,B,0.204,-3.331,Minor,0.202,134.55,4/4,0.879,714
Hip-Hop,Drake,Let’s Call It Off (feat. Peter Bjorn and John),69,0.00427,0.79,234176,0.731,0.29,A,0.157,-4.607,Minor,0.0327,127.403,4/4,0.938,1057
Hip-Hop,ScHoolboy Q,THat Part,69,0.0855,0.927,313573,0.535,0.0,F#,0.136,-7.59,Minor,0.0911,112.96,4/4,0.336,712
Hip-Hop,Gucci Mane,Kept Back (feat. Lil Pump) - Bonus Track,70,0.0713,0.907,177652,0.637,0.0,A#,0.0816,-5.498,Major,0.117,130.012,4/4,0.496,973
Hip-Hop,Meek Mill,"That's My N**** (with Meek Mill, YG & Snoop Dogg)",74,0.11,0.723,199747,0.732,0.0,B,0.484,-5.514,Major,0.0864,104.991,4/4,0.503,732
Hip-Hop,Lil Wayne,Dedicate,70,0.033,0.879,189909,0.662,0.0,D,0.716,-6.162,Major,0.309,117.975,4/4,0.723,1051
Hip-Hop,Pusha T,If You Know You Know,69,0.0186,0.46,202120,0.697,0.0,F#,0.362,-5.954,Minor,0.325,153.426,4/4,0.701,789
Hip-Hop,XXXTENTACION,Off the Wall!,69,0.123,0.834,203494,0.374,0.0,C#,0.134,-10.173,Major,0.333,140.001,4/4,0.545,1228
Hip-Hop,OutKast,The Way You Move (feat. Sleepy Brown) - Club Mix,68,0.126,0.871,234000,0.597,0.000115,F,0.0638,-4.932,Minor,0.0464,125.999,4/4,0.635,1240
Hip-Hop,CeeLo Green,Fuck You,67,0.129,0.69,222933,0.834,0.0,C,0.136,-5.79,Major,0.0566,127.43,4/4,0.738,1275
Hip-Hop,JAY Z,Numb / Encore,75,0.0603,0.687,205733,0.793,0.0,D,0.582,-4.254,Major,0.166,107.045,4/4,0.751,1002
Hip-Hop,Juicy J,Let Me See (feat. Kevin Gates & Lil Skies),69,0.00229,0.871,248387,0.798,0.0,B,0.234,-3.775,Major,0.203,140.049,4/4,0.527,1182
Hip-Hop,Mac Miller,Cinderella (feat. Ty Dolla $ign),70,0.235,0.545,480187,0.534,0.0,G#,0.345,-6.874,Minor,0.047,140.021,4/4,0.24,1207
Hip-Hop,"Tyler, The Creator",OKRA,69,0.0456,0.589,151027,0.57,1.51e-06,C#,0.137,-9.54,Major,0.361,136.203,4/4,0.441,958
Hip-Hop,Kodak Black,Take One,71,0.114,0.66,165517,0.615,0.0,C#,0.315,-7.2,Major,0.47,174.034,4/4,0.501,1213
Hip-Hop,Drake,Sandra’s Rose,70,0.0481,0.487,216333,0.849,0.0,C#,0.143,-5.432,Major,0.246,152.093,4/4,0.52,1381
Hip-Hop,Isaiah Rashad,Wat's Wrong (feat. Zacari & Kendrick Lamar),69,0.151,0.706,330783,0.688,0.0,C#,0.466,-6.357,Major,0.269,125.966,4/4,0.313,1290
Hip-Hop,Ski Mask The Slump God,So High,69,0.122,0.7,149813,0.435,0.000549,C,0.114,-12.597,Major,0.0428,141.914,4/4,0.21,1169
Hip-Hop,Drake,Is There More,69,0.727,0.698,226907,0.547,0.0,C#,0.159,-7.607,Major,0.315,83.801,4/4,0.548,784
Hip-Hop,Lil Peep,Broken Smile (My All),72,0.0459,0.545,280520,0.517,0.00724,C,0.15,-8.681,Minor,0.0359,120.044,4/4,0.115,1296
Hip-Hop,Belly,Might Not,68,0.283,0.792,224213,0.563,0.0,C#,0.128,-4.838,Major,0.0793,133.996,4/4,0.288,749
Hip-Hop,Gucci Mane,I'm Not Goin' (feat. Kevin Gates),68,0.156,0.835,196087,0.527,0.0,D,0.121,-5.48,Major,0.295,131.02,4/4,0.292,1405
Hip-Hop,Russ,The Flute Song,71,0.212,0.789,147600,0.524,0.0,C#,0.221,-7.942,Minor,0.273,138.064,4/4,0.343,1187
Hip-Hop,BROCKHAMPTON,FACE,69,0.591,0.945,259000,0.702,0.000538,B,0.0788,-5.016,Minor,0.12,119.887,4/4,0.678,1148
Hip-Hop,Quality Control,My Dawg,68,0.0253,0.911,317701,0.643,0.0,C#,0.103,-7.408,Major,0.117,133.029,4/4,0.605,1257
Hip-Hop,Ramz,Barking,80,0.185,0.45,202827,0.465,0.0,G,0.0782,-7.867,Minor,0.268,70.231,3/4,0.788,946
Hip-Hop,NF,My Life,68,0.273,0.707,215600,0.555,0.0,F,0.1,-7.981,Major,0.0595,131.893,4/4,0.208,751
Hip-Hop,Boogie,Silent Ride,68,0.333,0.676,170507,0.619,0.0,F#,0.165,-6.89,Major,0.0633,96.045,4/4,0.309,1025
Hip-Hop,Ms. Lauryn Hill,Doo Wop (That Thing),74,0.0393,0.535,320267,0.505,0.0,D,0.0923,-8.926,Minor,0.245,99.935,4/4,0.495,1112
Hip-Hop,Playboi Carti,New Choppa,67,0.174,0.772,126043,0.605,0.0,C,0.329,-4.223,Minor,0.0579,128.162,4/4,0.425,921
Hip-Hop,Jaden Smith,GHOST,72,0.145,0.782,129733,0.531,0.0501,C#,0.238,-6.636,Major,0.168,148.046,4/4,0.247,1058
Hip-Hop,50 Cent,P.I.M.P.,69,0.0485,0.673,249467,0.785,3.65e-06,A#,0.0397,-2.894,Minor,0.351,84.607,4/4,0.85,1322
Hip-Hop,Chief Keef,Hate Bein' Sober,66,0.00469,0.821,280173,0.469,0.0,G#,0.141,-7.152,Major,0.0473,132.002,4/4,0.321,1276
Hip-Hop,Lil Baby,Word On The Street,69,0.0562,0.888,172986,0.432,0.0,A#,0.112,-9.275,Minor,0.0934,99.965,4/4,0.173,1071
Hip-Hop,NF,Real,67,0.245,0.71,263040,0.862,0.0,C#,0.214,-6.086,Major,0.187,135.044,4/4,0.165,825
Hip-Hop,Lil Baby,All Of A Sudden,69,0.000142,0.759,169187,0.732,0.0016,C#,0.0626,-5.546,Major,0.118,140.005,4/4,0.379,764
Hip-Hop,D12,My Band,69,0.497,0.851,298773,0.849,2.05e-06,C#,0.116,-3.383,Minor,0.0828,120.014,4/4,0.844,1018
Hip-Hop,Logic,Ballin,70,0.0475,0.737,166080,0.854,0.0,D#,0.0905,-6.414,Minor,0.221,150.621,4/4,0.65,942
Hip-Hop,A$AP Mob,RAF,68,0.523,0.848,255413,0.663,0.0,G#,0.108,-5.606,Minor,0.245,133.993,4/4,0.333,700
Hip-Hop,Big Pun,Still Not a Player (feat. Joe) - Radio Version,68,0.203,0.9,236800,0.619,0.00156,E,0.0647,-6.518,Minor,0.312,94.121,4/4,0.864,1385
Hip-Hop,Lil Baby,I Am (Lil Baby & Gunna),69,0.348,0.819,145060,0.481,0.0,C#,0.122,-6.67,Major,0.415,129.97,4/4,0.279,1014
Hip-Hop,Lil Peep,White Wine,70,0.0121,0.675,155693,0.574,1.11e-05,F#,0.108,-8.066,Major,0.0559,135.037,4/4,0.482,1364
Hip-Hop,Petey Pablo,Freek-A-Leek,66,0.0744,0.756,235187,0.691,0.0,D,0.364,-3.718,Major,0.178,104.999,4/4,0.632,1102
Hip-Hop,NF,Green Lights,67,0.139,0.725,181867,0.659,0.0,A,0.106,-4.537,Major,0.246,160.062,4/4,0.56,821
Hip-Hop,Big Sean,Blessings,67,0.315,0.789,252040,0.621,0.0,A#,0.136,-7.685,Minor,0.283,118.891,4/4,0.158,1278
Hip-Hop,Eminem,Beautiful,72,0.266,0.724,392827,0.685,0.0,F,0.0771,-4.413,Minor,0.0768,132.09,4/4,0.524,756
Hip-Hop,Mac Miller,Perfecto,69,0.748,0.599,215413,0.317,0.0,C#,0.111,-11.212,Major,0.174,148.09,4/4,0.203,848
Hip-Hop,Nipsey Hussle,Racks In The Middle (feat. Roddy Ricch and Hit-Boy),69,0.0825,0.671,233278,0.833,0.0,F,0.0726,-5.152,Minor,0.395,79.351,4/4,0.702,1302
Hip-Hop,NAV,Up,69,0.0314,0.705,199520,0.492,0.0,G#,0.106,-6.762,Minor,0.0905,77.114,4/4,0.36,977
Hip-Hop,Logic,Contra,67,0.102,0.805,217147,0.824,0.0,C#,0.198,-5.844,Major,0.0534,126.012,4/4,0.649,793
Hip-Hop,XXXTENTACION,Floor 555,70,0.000424,0.695,93447,0.686,0.0023,A,0.365,-8.147,Minor,0.0478,105.219,4/4,0.354,1056
Hip-Hop,Fetty Wap,My Way (feat. Monty),68,0.00419,0.748,213053,0.741,0.0,F#,0.147,-3.103,Major,0.0531,128.077,4/4,0.537,936
Hip-Hop,Darell,Caliente,79,0.156,0.894,240307,0.796,0.000106,B,0.118,-3.119,Minor,0.0807,99.993,4/4,0.408,1103
Hip-Hop,A$AP Ferg,Plain Jane REMIX,70,0.0588,0.791,202636,0.839,6.26e-05,B,0.259,-4.284,Major,0.266,170.113,4/4,0.383,1263
Hip-Hop,Ty Dolla $ign,Love U Better (feat. Lil Wayne & The-Dream),71,0.0802,0.645,181880,0.541,0.0,A#,0.325,-6.312,Minor,0.0385,95.061,4/4,0.411,810
Hip-Hop,Zion & Lennox,La Player (Bandolera),83,0.16,0.769,249609,0.838,0.0,D,0.0935,-5.238,Major,0.0633,93.996,4/4,0.602,1300
Hip-Hop,A$AP Rocky,Tony Tone,69,0.139,0.534,208373,0.783,0.0,C#,0.0831,-4.013,Major,0.261,69.716,4/4,0.334,1037
Hip-Hop,A$AP Rocky,Canal St.,68,0.308,0.696,227427,0.583,0.0,D#,0.0964,-9.351,Minor,0.301,137.079,4/4,0.524,862
Hip-Hop,Joey Trap,Sesame Street (Extended Version),71,0.142,0.835,108927,0.852,0.0,G#,0.377,-4.574,Minor,0.0757,130.109,4/4,0.697,1084
Hip-Hop,Paris,Po'ed Up (feat. Gunna),70,0.0258,0.753,163907,0.78,0.0,A,0.0694,-5.835,Major,0.0826,163.962,4/4,0.534,941
Hip-Hop,J. Cole,In The Morning,66,0.764,0.44,234387,0.671,0.0,D#,0.212,-10.598,Minor,0.477,83.078,4/4,0.479,1046
Hip-Hop,NF,Dreams,67,0.394,0.49,221573,0.351,7.78e-06,B,0.111,-12.918,Minor,0.194,82.127,1/4,0.316,1283
Hip-Hop,Eazy-E,Real Muthaphuckkin' G's,71,0.0164,0.724,332733,0.853,0.0,B,0.65,-3.895,Minor,0.283,170.51,4/4,0.775,904
Hip-Hop,N.W.A.,Fuck Tha Police,69,0.0184,0.865,345717,0.751,0.0,G#,0.0529,-8.363,Minor,0.304,98.647,4/4,0.851,1153
Hip-Hop,Bone Thugs-N-Harmony,1st of Tha Month,66,0.0777,0.729,314680,0.581,3.81e-06,F,0.696,-8.235,Minor,0.18,74.038,4/4,0.508,986
Hip-Hop,NF,Lost In The Moment,67,0.41,0.505,242680,0.628,0.0,C,0.167,-7.744,Major,0.171,129.977,4/4,0.0398,786
Hip-Hop,Ice Cube,You Know How We Do It - Remastered,70,0.0977,0.747,232773,0.52,0.0537,A#,0.142,-10.523,Minor,0.0357,92.869,4/4,0.601,1097
Hip-Hop,Drake,Over,64,0.0113,0.337,233560,0.853,0.0,G,0.14,-5.611,Major,0.278,101.034,5/4,0.427,1048
Hip-Hop,Meek Mill,Millidelphia (feat. Swizz Beatz),68,0.0854,0.851,215839,0.702,0.0,C#,0.374,-4.172,Major,0.268,126.94,4/4,0.179,1346
Hip-Hop,Russ,Wife You Up,66,0.198,0.787,183253,0.508,0.0,F#,0.0834,-7.786,Minor,0.137,83.975,4/4,0.457,1171
Hip-Hop,Ski Mask The Slump God,Save Me Pt 2 (feat. Austin Lam),67,0.371,0.769,188707,0.368,0.0,C,0.12,-10.934,Major,0.0988,123.078,4/4,0.482,1328
Hip-Hop,KILLY,No Sad No Bad,72,0.0123,0.755,131500,0.569,0.0,C#,0.103,-7.996,Major,0.05,75.068,4/4,0.435,1307
Hip-Hop,J. Cole,Rich Niggaz,66,0.472,0.586,276093,0.717,0.00236,G#,0.104,-8.543,Minor,0.197,125.007,4/4,0.306,1224
Hip-Hop,Shoreline Mafia,Pressure (feat. OhGeesy & Fenix Flexin),66,0.164,0.749,164400,0.755,1.22e-05,C,0.176,-5.875,Major,0.141,102.973,4/4,0.323,1363
Hip-Hop,Future,Where Ya At,68,0.0933,0.813,208027,0.453,0.0,C#,0.14,-6.941,Major,0.338,161.997,4/4,0.191,816
Hip-Hop,Drake,Unstoppable (feat. Santigold & Lil Wayne),67,0.165,0.774,209957,0.912,0.0,D,0.745,-2.787,Minor,0.347,150.083,4/4,0.821,1293
Hip-Hop,Bone Thugs-N-Harmony,Thuggish Ruggish Bone,64,0.00228,0.683,281773,0.74,0.0,B,0.238,-6.041,Minor,0.0462,129.515,4/4,0.65,1129
Hip-Hop,Denzel Curry,Ultimate,69,0.095,0.493,189974,0.826,3.42e-06,A,0.252,-3.106,Major,0.311,112.865,4/4,0.75,828
Hip-Hop,Lil Wayne,She Will,64,0.000402,0.364,305840,0.841,0.0,G#,0.242,-4.831,Major,0.119,100.14,5/4,0.0837,853
Hip-Hop,Future,Krazy but True,67,0.0545,0.738,185117,0.499,0.0,F,0.14,-7.456,Major,0.428,73.152,4/4,0.314,855
Hip-Hop,Lil Wayne,Love Me,67,0.0119,0.674,253440,0.608,0.0,G#,0.103,-6.628,Minor,0.0334,124.952,4/4,0.464,1232
Hip-Hop,BlocBoy JB,Rover 2.0,67,0.189,0.914,275872,0.781,0.0,A,0.126,-5.467,Minor,0.302,140.09,4/4,0.806,1003
Hip-Hop,Rick Ross,Aston Martin Music,67,0.0125,0.57,270627,0.58,0.0,A#,0.0497,-5.547,Minor,0.209,171.917,4/4,0.405,815
Hip-Hop,Bankroll Fresh,Walked In,66,0.0361,0.969,198095,0.491,0.0,D,0.118,-9.859,Major,0.233,126.048,4/4,0.768,896
Hip-Hop,OutKast,ATLiens,67,0.0294,0.918,230693,0.734,7.9e-06,B,0.191,-2.832,Minor,0.269,97.044,4/4,0.608,1308
Hip-Hop,50 Cent,Many Men (Wish Death),66,0.0153,0.574,256227,0.841,0.000797,B,0.121,-2.92,Minor,0.43,108.095,5/4,0.402,1369
Hip-Hop,Meek Mill,Championships,67,0.0786,0.488,261743,0.803,0.0,F#,0.215,-4.165,Minor,0.205,167.329,4/4,0.319,1164
Hip-Hop,Wisin & Yandel,Reggaetón en lo Oscuro,82,0.0613,0.747,208947,0.898,1.66e-06,C#,0.0886,-3.683,Major,0.0709,91.97,4/4,0.689,1034
Hip-Hop,Cooliecut,Nothing,69,0.65,0.722,128000,0.654,0.00213,A,0.137,-7.115,Major,0.0279,119.93,4/4,0.55,1306
Hip-Hop,Pouya,1000 Rounds,71,0.0111,0.825,163371,0.761,0.00359,G#,0.334,-5.389,Major,0.104,149.97,4/4,0.161,1349
Hip-Hop,Lil Wayne,Right Above It,67,0.0435,0.376,271947,0.841,0.0,D#,0.578,-4.348,Minor,0.356,76.052,4/4,0.463,1180
Hip-Hop,Rick Ross,Hustlin',69,0.0898,0.505,254093,0.657,0.0,A,0.0606,-7.254,Major,0.288,135.995,4/4,0.666,1161
Hip-Hop,Lil Peep,Sunlight On Your Skin - Bonus Track,69,0.0122,0.68,200000,0.597,0.000599,E,0.114,-7.198,Minor,0.0304,120.052,4/4,0.3,1388
Hip-Hop,Tech N9ne,Hood Go Crazy,65,0.00714,0.912,225040,0.644,0.0,B,0.107,-6.632,Major,0.287,96.0,4/4,0.492,1258
Hip-Hop,Makaveli,Hail Mary,68,0.158,0.654,309800,0.637,1.28e-05,A#,0.338,-6.915,Minor,0.293,81.947,4/4,0.364,1042
Hip-Hop,Mr. Probz,Waves - Robin Schulz Radio Edit,75,0.00821,0.829,208133,0.51,0.0014,F,0.0829,-9.334,Minor,0.0369,119.993,4/4,0.45,1231
Hip-Hop,TK Kravitz,Ocean (feat. Jacquees),70,0.268,0.709,219437,0.264,0.0,C#,0.24,-17.696,Minor,0.186,133.858,4/4,0.341,1255
Hip-Hop,Logic,Under Pressure,66,0.239,0.701,559533,0.856,0.0,B,0.106,-5.465,Major,0.219,83.982,4/4,0.563,1360
Hip-Hop,Flyboy Tarantino,"Love Hard, Fall Fast",68,0.425,0.751,182691,0.719,0.0,D#,0.0721,-4.78,Minor,0.0433,142.153,4/4,0.859,979
Hip-Hop,Drake,Ratchet Happy Birthday,67,0.106,0.657,207307,0.571,0.00121,D,0.0735,-12.519,Major,0.14,167.961,4/4,0.626,1326
Hip-Hop,Kevin Roldan,PPP,85,0.363,0.786,129040,0.65,8.17e-05,E,0.122,-6.839,Major,0.109,92.975,4/4,0.712,837
Hip-Hop,Drake,Bria's Interlude (feat. Omarion),66,0.209,0.49,139575,0.507,0.00104,D,0.119,-6.205,Minor,0.0849,147.037,3/4,0.237,952
Hip-Hop,A$AP Rocky,Excuse Me,66,0.33,0.653,238053,0.71,0.0,G#,0.143,-8.444,Major,0.0554,122.044,4/4,0.409,1027
Hip-Hop,NF,Can You Hold Me,67,0.196,0.571,221200,0.646,6.67e-05,E,0.0637,-6.286,Minor,0.0487,132.105,3/4,0.0725,1086
Hip-Hop,Lil Wayne,Famous (feat. Reginae Carter),68,0.0301,0.624,242050,0.568,0.0,A,0.25,-5.664,Major,0.143,149.857,4/4,0.115,1252
Hip-Hop,ILoveMakonnen,Tuesday (feat. Drake),65,0.215,0.77,321987,0.664,0.000118,C,0.105,-5.604,Major,0.211,140.163,4/4,0.472,1285
Hip-Hop,21 Savage,pad lock,68,0.0187,0.96,191360,0.55,0.0,F,0.112,-8.012,Minor,0.197,130.022,4/4,0.798,965
Hip-Hop,Meek Mill,Almost Slipped,67,0.246,0.49,246793,0.651,0.0,G#,0.233,-6.24,Major,0.251,164.213,4/4,0.46,1015
Hip-Hop,Chamillionaire,Ridin',71,0.181,0.788,302000,0.808,0.0,G#,0.517,-4.77,Minor,0.101,143.04,4/4,0.844,839
Hip-Hop,Nicky Jam,Hasta el Amanecer,74,0.282,0.832,198707,0.608,0.0,F#,0.0761,-6.042,Minor,0.0385,94.013,4/4,0.589,1339
Hip-Hop,Mike WiLL Made-It,"Perfect Pint (feat. Kendrick Lamar, Gucci Mane & Rae Sremmurd)",66,0.172,0.741,240926,0.562,0.0,E,0.0751,-5.474,Minor,0.165,180.068,4/4,0.292,888
Hip-Hop,Mac Miller,Knock Knock,67,0.0353,0.667,202807,0.922,0.0,E,0.364,-4.857,Minor,0.128,108.952,4/4,0.509,909
Hip-Hop,"Tyler, The Creator",Yonkers,63,0.016,0.712,249333,0.759,0.0808,B,0.217,-5.397,Major,0.334,79.103,4/4,0.738,1123
Hip-Hop,21 Savage,Numb,70,0.0438,0.839,271307,0.437,2.75e-06,F,0.131,-11.344,Minor,0.285,82.008,4/4,0.464,938
Hip-Hop,YG,My Nigga,70,0.0933,0.673,235600,0.464,0.0,A#,0.21,-6.864,Minor,0.201,171.043,4/4,0.762,1077
Hip-Hop,Logic,Everybody Dies,66,0.134,0.777,250213,0.923,1.34e-06,D,0.372,-3.904,Major,0.177,94.009,4/4,0.822,1250
Hip-Hop,Comethazine,DeMar DeRozan,66,0.289,0.689,85714,0.777,0.0,G#,0.104,-5.465,Major,0.289,139.723,4/4,0.492,841
Hip-Hop,Mac Miller,Conversation Pt. 1,67,0.64,0.787,210253,0.472,5.22e-05,F#,0.11,-10.032,Minor,0.113,144.998,4/4,0.264,1403
Hip-Hop,Tech N9ne,Caribou Lou,63,0.127,0.784,271813,0.815,0.0,C#,0.0758,-2.703,Major,0.298,178.119,4/4,0.559,894
Hip-Hop,50 Cent,Just A Lil Bit,74,0.0322,0.489,237707,0.692,0.00608,C#,0.315,-6.672,Major,0.41,96.946,4/4,0.527,1406
Hip-Hop,Jay Rock,Tap Out (feat. Jeremih),65,0.105,0.676,199960,0.62,0.0,F,0.211,-6.343,Minor,0.0562,100.06,4/4,0.607,1280
Hip-Hop,Logic,Till The End,66,0.216,0.587,312360,0.726,0.0,C#,0.0868,-6.263,Major,0.214,151.882,4/4,0.248,1244
Hip-Hop,NF,Destiny,65,0.413,0.796,239480,0.722,0.0,A#,0.0888,-5.978,Minor,0.255,112.045,4/4,0.212,1118
Hip-Hop,Roy Jones Jr.,Can't Be Touched (feat. Mr. Magic & Trouble),72,0.00323,0.642,214400,0.777,0.0,E,0.227,-4.809,Minor,0.094,96.986,4/4,0.413,746
Hip-Hop,YG,BULLETPROOF (feat. Jay 305),66,0.137,0.776,153707,0.515,0.0,A#,0.321,-7.415,Minor,0.411,162.488,3/4,0.448,940
Hip-Hop,OutKast,Rosa Parks,65,0.104,0.792,324373,0.701,0.0,F#,0.761,-7.198,Minor,0.283,103.888,4/4,0.251,776
Hip-Hop,Shy Glizzy,Do You Understand? (feat. Gunna & Tory Lanez),69,0.0583,0.878,279257,0.527,0.0,E,0.0976,-5.194,Minor,0.111,129.964,4/4,0.178,774
Hip-Hop,Future,Baptiize,66,0.108,0.648,218479,0.581,0.0,G#,0.496,-6.958,Major,0.315,153.947,4/4,0.235,866
Hip-Hop,NF,Outcast,65,0.16,0.789,325720,0.755,0.0,D,0.0565,-7.245,Major,0.307,130.025,4/4,0.31,727
Hip-Hop,Juicy J,Bandz A Make Her Dance,65,0.00212,0.871,278827,0.743,0.0,D,0.141,-5.442,Major,0.277,130.977,4/4,0.576,827
Hip-Hop,DMX,Where The Hood At,64,0.158,0.536,286267,0.946,0.0,F,0.368,-3.002,Minor,0.36,185.967,4/4,0.779,766
Hip-Hop,Danny Ocean,Epa Wei,80,0.233,0.688,208254,0.82,0.0,F#,0.091,-4.715,Minor,0.155,107.833,4/4,0.804,1415
Hip-Hop,DaBaby,Baby Sitter (feat. Offset),62,0.0219,0.852,157693,0.73,0.0,C#,0.336,-5.803,Major,0.0579,92.506,4/4,0.394,1269
Hip-Hop,The Game,How We Do,73,0.0496,0.578,235533,0.666,0.0,G,0.0335,-7.1,Major,0.435,195.13,4/4,0.591,1119
Hip-Hop,Bryson Tiller,Run Me Dry,70,0.393,0.646,169267,0.756,3.23e-05,A,0.202,-9.017,Minor,0.487,193.881,4/4,0.596,1384
Hip-Hop,Drake,Still Here,63,0.0235,0.835,189853,0.436,0.0,C,0.635,-9.602,Major,0.176,133.942,3/4,0.234,1330
Hip-Hop,G-Eazy,Calm Down,69,0.000175,0.537,127427,0.624,2.2e-06,B,0.116,-8.794,Major,0.325,102.315,4/4,0.409,916
Hip-Hop,Eminem,Survival,70,0.0038,0.459,272417,0.899,0.0,D,0.126,-2.978,Major,0.21,176.384,4/4,0.437,931
Hip-Hop,A$AP Rocky,Goldie,66,0.225,0.697,192067,0.848,4.61e-05,A#,0.493,-4.953,Minor,0.249,81.956,4/4,0.733,1100
Hip-Hop,Drake,Get It Together,69,0.0896,0.78,250337,0.729,0.422,F,0.104,-9.138,Minor,0.0493,123.009,4/4,0.844,833
Hip-Hop,Russ,Begging You,66,0.282,0.847,252267,0.55,0.000266,A#,0.113,-9.285,Major,0.3,88.017,4/4,0.529,885
Hip-Hop,Migos,Kelly Price (feat. Travis Scott),68,0.53,0.745,363934,0.685,0.0,E,0.176,-5.7,Minor,0.0313,121.977,4/4,0.437,1154
Hip-Hop,XXXTENTACION,UP LIKE AN INSOMNIAC - Freestyle,65,0.076,0.978,151249,0.407,0.00509,G,0.0646,-7.379,Major,0.387,120.0,4/4,0.415,761
Hip-Hop,Metro Boomin,No Complaints,66,0.0855,0.914,261733,0.507,0.0254,D,0.0797,-10.784,Major,0.164,123.956,4/4,0.199,1203
Hip-Hop,Yella Beezy,"That's On Me (Remix) (feat. 2 Chainz, T.I., Rich The Kid, Jeezy, Boosie Badazz & Trapboy Freddy)",66,0.0193,0.827,352977,0.623,0.0,E,0.0589,-6.199,Minor,0.35,131.904,4/4,0.357,966
Hip-Hop,Yung Pinch,20 Years Later,66,0.234,0.76,215189,0.517,1.12e-06,A,0.113,-7.283,Minor,0.11,144.972,4/4,0.545,1387
Hip-Hop,A$AP Mob,Telephone Calls,64,0.194,0.732,230920,0.772,1.54e-06,D,0.242,-6.142,Minor,0.267,123.009,4/4,0.493,1399
Hip-Hop,J. Cole,Lost Ones,64,0.103,0.727,263720,0.781,0.0,F,0.0537,-8.614,Major,0.29,81.076,4/4,0.682,1368
Hip-Hop,Tay-K,M.... She Wrote,66,0.28,0.777,112000,0.707,0.0,A,0.0749,-4.85,Minor,0.286,159.662,4/4,0.614,907
Hip-Hop,K$upreme,Gucci Cologne,64,0.0992,0.944,134428,0.444,0.0,C#,0.17,-10.367,Major,0.922,129.888,4/4,0.312,1230
Hip-Hop,Ali Gatie,Can't Lie,65,0.872,0.802,195066,0.414,0.0,G,0.0863,-10.635,Major,0.0776,131.952,4/4,0.377,1319
Hip-Hop,Cypress Hill,Insane in the Brain,71,0.0297,0.897,208267,0.612,0.186,B,0.0894,-10.489,Major,0.211,102.305,4/4,0.767,1068
Hip-Hop,Drake,Come Thru,62,0.159,0.558,236360,0.468,0.0,D#,0.586,-5.812,Major,0.173,81.977,4/4,0.405,830
Hip-Hop,Playboi Carti,Let It Go,63,0.0036,0.685,150410,0.53,0.0,B,0.573,-5.298,Major,0.286,157.012,4/4,0.55,943
Hip-Hop,Future,Selfish,68,0.0303,0.415,251423,0.369,7.64e-06,G#,0.383,-10.044,Major,0.0741,95.746,4/4,0.0913,731
Hip-Hop,Shordie Shordie,Bitchuary,63,0.0627,0.745,132223,0.344,0.0,C#,0.125,-14.002,Major,0.103,93.007,4/4,0.322,932
Hip-Hop,Drake,Congratulations,66,0.0185,0.333,332530,0.859,0.0,F#,0.22,-2.286,Major,0.148,86.882,5/4,0.125,791
Hip-Hop,Playboi Carti,Flex,62,0.48,0.75,240460,0.594,0.0,C,0.166,-5.619,Minor,0.282,130.104,4/4,0.255,1372
Hip-Hop,Russ,Fix This,65,0.234,0.666,178421,0.352,0.0523,C,0.0986,-9.967,Major,0.0746,152.082,4/4,0.0384,1010
Hip-Hop,Joey Bada$$,Love Is Only a Feeling,64,0.53,0.629,152041,0.676,0.000325,C#,0.701,-7.088,Minor,0.191,90.377,4/4,0.497,1417
Hip-Hop,Eminem,White America,69,0.0141,0.649,324569,0.613,0.0,C#,0.169,-5.571,Major,0.196,75.018,4/4,0.165,739
Hip-Hop,Yung Bans,Round (feat. Juice WRLD),65,0.00669,0.877,152798,0.528,0.0,G#,0.0813,-10.981,Major,0.476,144.046,4/4,0.184,1088
Hip-Hop,Rich Brian,Attention (feat. Offset),65,0.0438,0.884,170200,0.547,0.0,B,0.124,-7.492,Major,0.387,158.019,4/4,0.425,1200
Hip-Hop,Hopsin,Ill Mind of Hopsin 5,65,0.514,0.737,289004,0.707,0.0,C#,0.393,-11.113,Major,0.448,98.121,4/4,0.561,760
Hip-Hop,Styles P,Good Times,66,0.18,0.676,211493,0.762,0.0,D,0.784,-7.483,Major,0.313,81.745,4/4,0.648,1214
Hip-Hop,Playboi Carti,Mileage (feat. Chief Keef),62,0.0623,0.742,149760,0.616,0.0,C#,0.111,-6.285,Major,0.179,150.855,4/4,0.396,1035
Hip-Hop,"Tyler, The Creator",Foreword,66,0.118,0.734,194080,0.671,0.00317,C#,0.352,-7.107,Major,0.0315,94.025,4/4,0.113,1044
Hip-Hop,A$AP Ferg,New Level,64,0.0566,0.526,267212,0.655,0.0,C#,0.116,-4.208,Minor,0.326,121.127,4/4,0.156,824
Hip-Hop,Drake,No Tellin',65,0.535,0.827,310933,0.477,0.0,G,0.136,-10.408,Minor,0.275,95.03,4/4,0.558,1356
Hip-Hop,Frank Ocean,Godspeed,65,0.931,0.421,177922,0.0952,0.000201,F#,0.126,-12.561,Major,0.0479,109.698,4/4,0.0773,961
Hip-Hop,Digital Underground,The Humpty Dance,63,0.0341,0.813,391693,0.693,0.0,A#,0.121,-8.0,Minor,0.266,103.508,4/4,0.618,1055
Hip-Hop,Lil Durk,Home Body,65,0.256,0.66,203158,0.609,0.0,C,0.131,-6.616,Major,0.663,84.529,4/4,0.36,1247
Hip-Hop,Comethazine,DEMAR DEROZAN,65,0.289,0.689,85714,0.777,0.0,G#,0.104,-5.465,Major,0.289,139.723,4/4,0.492,782
Hip-Hop,Drake,Brand New,65,0.631,0.399,213492,0.491,0.0,F#,0.171,-8.992,Major,0.0714,94.542,3/4,0.356,1254
Hip-Hop,J. Cole,St. Tropez,64,0.054,0.561,257920,0.541,0.0371,A,0.0627,-9.818,Minor,0.0711,84.241,4/4,0.324,1398
Hip-Hop,Wisin & Yandel,Dame Algo,73,0.176,0.829,237907,0.723,0.0,G#,0.0877,-3.743,Minor,0.105,92.956,4/4,0.721,906
Hip-Hop,$uicideBoy$,Nicotine Patches,67,0.0174,0.743,156034,0.569,0.000736,C,0.264,-9.703,Minor,0.131,145.905,4/4,0.384,1287
Hip-Hop,Shoreline Mafia,Break A Bitch Bacc - Bonus,63,0.0111,0.899,144453,0.682,0.0,A#,0.0768,-4.738,Minor,0.236,98.025,4/4,0.234,724
Hip-Hop,Gucci Mane,Father's Day,64,0.145,0.824,111459,0.617,0.0,C#,0.571,-5.847,Minor,0.132,118.054,4/4,0.26,1066
Hip-Hop,Russ,Do It Myself,65,0.018,0.831,167333,0.558,0.0,C#,0.094,-3.551,Major,0.242,141.974,4/4,0.338,978
Hip-Hop,Andy Mineo,I Ain't Done,64,0.0074,0.762,215061,0.533,0.00173,C#,0.186,-9.154,Major,0.0677,114.971,5/4,0.416,1412
Hip-Hop,mysticphonk,Haunt U,69,0.393,0.463,100260,0.632,0.0,G,0.127,-9.577,Major,0.0525,163.71,4/4,0.0894,718
Hip-Hop,Eminem,Bitch Please II,68,0.0734,0.924,288200,0.596,0.0,C#,0.14,-3.287,Major,0.113,95.502,4/4,0.788,1024
Hip-Hop,Playboi Carti,Old Money,62,0.0271,0.716,135547,0.618,0.0,D,0.342,-10.227,Major,0.338,162.957,4/4,0.584,829
Hip-Hop,KYLE,Moment (feat. Wiz Khalifa),66,0.0468,0.708,188497,0.666,0.0,B,0.118,-6.438,Major,0.0956,144.004,4/4,0.326,858
Hip-Hop,Nas,N.Y. State of Mind,66,0.0394,0.665,293973,0.91,0.0,F#,0.227,-4.682,Minor,0.223,84.099,4/4,0.887,890
Hip-Hop,Lil' Troy,Wanna Be A Baller,64,0.276,0.869,355067,0.649,0.0,A#,0.209,-7.954,Minor,0.275,92.296,4/4,0.66,705
Hip-Hop,Lil Baby,Chastised,66,0.0912,0.778,123429,0.646,0.0,G,0.166,-4.657,Major,0.0345,140.04,4/4,0.177,706
Hip-Hop,Lil Peep,Kiss,67,0.00829,0.346,250267,0.769,0.0,E,0.0815,-7.224,Major,0.109,150.589,4/4,0.163,1028
Hip-Hop,Lil Baby,My Dawg,66,0.0424,0.942,215423,0.559,0.0,A#,0.0938,-6.406,Minor,0.0638,133.01,4/4,0.582,800
Hip-Hop,Drake,Over My Dead Body,63,0.759,0.489,272573,0.57,2.1e-06,C#,0.179,-10.291,Major,0.306,185.516,4/4,0.584,971
Hip-Hop,Joyner Lucas,Winter Blues,65,0.843,0.643,275298,0.766,3.14e-06,C,0.228,-6.141,Minor,0.425,131.001,4/4,0.54,1063
Hip-Hop,Logic,Lord Willin',63,0.123,0.648,208667,0.85,0.000347,F#,0.0529,-4.248,Minor,0.0561,170.061,4/4,0.567,779
Hip-Hop,Naughty By Nature,Feel Me Flow,66,0.0468,0.805,212560,0.754,1.79e-06,G#,0.0855,-6.679,Minor,0.156,90.214,4/4,0.844,1101
Hip-Hop,Kodak Black,Transgression,66,0.625,0.57,135441,0.639,0.0,G,0.121,-4.892,Minor,0.293,81.465,4/4,0.85,713
Hip-Hop,MadeinTYO,Good Gas,63,0.355,0.895,212122,0.49,0.0,E,0.315,-6.441,Minor,0.113,124.954,4/4,0.374,788
Hip-Hop,Kevin Gates,Therapy Shit 4,62,0.252,0.793,248163,0.627,0.0,G#,0.126,-4.862,Minor,0.322,148.007,4/4,0.598,847
Hip-Hop,Lil Peep,Girls,68,0.56,0.644,240440,0.697,0.0,C,0.111,-6.069,Minor,0.0542,120.044,4/4,0.244,811
Hip-Hop,Ice Cube,No Vaseline,67,0.174,0.558,313053,0.959,0.0,B,0.422,-3.193,Minor,0.386,104.733,4/4,0.522,1315
Hip-Hop,Fugees,Ready or Not,66,0.21,0.601,226987,0.422,0.0,A#,0.0839,-13.364,Minor,0.518,132.456,3/4,0.563,1198
Hip-Hop,Mike WiLL Made-It,"Gucci On My (feat. 21 Savage, YG & Migos)",64,0.173,0.934,274847,0.359,8.11e-06,C#,0.152,-5.133,Major,0.23,140.004,4/4,0.0886,937
Hip-Hop,Young M.A,OOOUUU,67,0.533,0.64,234526,0.819,0.0,G,0.156,-4.108,Major,0.455,166.012,4/4,0.623,1218
Hip-Hop,DJ Esco,Too Much Sauce,64,0.0496,0.96,223093,0.547,0.0,F#,0.216,-6.992,Minor,0.0786,121.01,4/4,0.186,1120
Hip-Hop,Kendrick Lamar,LUST.,66,0.193,0.678,307880,0.562,0.0,D#,0.104,-9.197,Minor,0.508,94.241,4/4,0.566,1284
Hip-Hop,Drake,Hype,64,0.0244,0.789,209413,0.608,0.0,G,0.368,-8.288,Major,0.189,129.958,4/4,0.271,1402
Hip-Hop,Jez Dior,Lucky Enough,65,0.0123,0.68,197665,0.668,0.0,A,0.105,-4.217,Major,0.0379,113.113,4/4,0.212,1083
Hip-Hop,Future,Thought It Was a Drought,65,0.00761,0.861,265213,0.448,0.000408,D,0.0902,-8.256,Major,0.111,125.022,4/4,0.0487,1041
Hip-Hop,Huncho Jack,Where U From,66,0.0467,0.76,251969,0.763,0.0,C#,0.198,-2.964,Major,0.0787,140.044,4/4,0.321,1209
Hip-Hop,Lil Baby,Anyway (feat. 2 Chainz & Gucci Mane),66,0.0555,0.874,226647,0.552,0.0,D,0.279,-5.997,Major,0.383,140.098,4/4,0.231,1238
Hip-Hop,88GLAM,Baby Bro,65,0.0952,0.753,243200,0.663,3.45e-06,B,0.274,-5.803,Minor,0.0654,149.92,4/4,0.328,1359
Hip-Hop,Flatbush Zombies,Bounce,64,0.0113,0.628,241520,0.618,0.0,F,0.109,-8.4,Minor,0.313,110.007,4/4,0.362,1407
Hip-Hop,Maxo Kream,Meet Again,64,0.34,0.799,320615,0.563,0.0,C,0.144,-8.648,Major,0.132,149.964,4/4,0.606,773
Hip-Hop,21 Savage,good day,66,0.00359,0.966,242448,0.519,0.0,C#,0.254,-5.682,Major,0.306,122.195,4/4,0.119,985
Hip-Hop,Dr. Dre,I Need A Doctor,73,0.0996,0.591,283733,0.934,1.81e-06,D#,0.348,-4.389,Major,0.437,155.968,4/4,0.452,1206
Hip-Hop,BROCKHAMPTON,NEW ORLEANS,66,0.232,0.639,243280,0.815,0.0,B,0.299,-4.962,Minor,0.252,159.903,4/4,0.4,898
Hip-Hop,Jaden Smith,Plastic,67,0.201,0.759,136760,0.733,0.0,A#,0.13,-7.015,Minor,0.165,144.96,4/4,0.411,721
Hip-Hop,"quickly, quickly",Getsomerest/sleepwell,68,0.605,0.637,332173,0.394,0.305,G,0.0968,-13.536,Major,0.286,132.015,4/4,0.361,1348
Hip-Hop,D12,Purple Pills,68,0.0192,0.777,304507,0.645,7.59e-06,C#,0.34,-6.078,Major,0.198,125.216,4/4,0.7,720
Hip-Hop,A.CHAL,000000,69,0.494,0.734,165214,0.472,0.00293,C#,0.102,-8.192,Minor,0.306,190.011,4/4,0.387,1256
Hip-Hop,Lil Baby,Deep End (Lil Baby & Gunna),65,0.269,0.669,174662,0.54,0.0,B,0.0982,-8.118,Major,0.5,150.18,4/4,0.415,1323
Hip-Hop,Logic,Like Woah,63,0.035,0.717,232693,0.907,0.00696,E,0.594,-4.457,Minor,0.0389,107.051,4/4,0.401,1389
Hip-Hop,Wifisfuneral,Wya? (feat. Ugly God) - Remix,64,0.35,0.856,214680,0.302,0.0,B,0.0626,-15.745,Minor,0.449,84.999,4/4,0.28,1111
Hip-Hop,Lil Baby,No Friends (feat. Rylo Rodriguez),65,0.00112,0.645,192009,0.595,0.0,G,0.084,-6.876,Major,0.258,159.929,4/4,0.461,987
Hip-Hop,Young Nudy,Zone 6 (Remix) (feat. Future & 6LACK),64,0.128,0.858,236947,0.406,0.0,A,0.375,-9.404,Major,0.649,155.918,4/4,0.596,1317
Hip-Hop,Kid Cudi,Baptized In Fire,63,0.596,0.669,285520,0.599,0.0366,E,0.116,-8.347,Minor,0.222,152.05,4/4,0.762,1146
Hip-Hop,Young Money,Steady Mobbin,63,0.0252,0.681,310733,0.694,0.0,C,0.541,-8.123,Minor,0.258,156.149,4/4,0.659,1227
Hip-Hop,Ugly God,Water,64,0.66,0.8,139674,0.297,0.000111,C,0.105,-13.1,Minor,0.407,140.051,4/4,0.213,951
Hip-Hop,A$AP Rocky,OG Beeper,64,0.121,0.91,155893,0.477,0.0,D,0.305,-5.259,Major,0.418,145.994,4/4,0.313,984
Hip-Hop,PARTYNEXTDOOR,Recognize (feat. Drake),68,0.0102,0.643,311197,0.541,0.0,D,0.102,-5.801,Major,0.0426,119.501,4/4,0.165,1197
Hip-Hop,CeeLo Green,Forget You,62,0.134,0.696,222733,0.875,0.0,C,0.159,-3.682,Major,0.0649,127.39,4/4,0.772,974
Hip-Hop,Drake,Company,63,0.0347,0.654,252640,0.555,0.0,G,0.17,-8.24,Major,0.052,107.535,4/4,0.11,755
Hip-Hop,Hopsin,The Old Us,62,0.428,0.435,274282,0.719,0.0,E,0.102,-6.82,Minor,0.149,93.132,4/4,0.137,1219
Hip-Hop,Skizzy Mars,Girl On A Train,64,0.219,0.711,182548,0.678,0.0,A,0.176,-6.398,Major,0.0476,94.04,4/4,0.615,926
Hip-Hop,Tyga,Sip A Lil (feat. Gucci Mane),68,0.118,0.792,278601,0.686,0.0,F,0.188,-5.599,Major,0.0537,142.994,4/4,0.47,757
Hip-Hop,Ski Mask The Slump God,DoIHaveTheSause?,65,0.55,0.606,178840,0.621,0.000117,G#,0.333,-5.914,Major,0.0871,75.048,4/4,0.37,1113
Hip-Hop,Travis Porter,Ayy Ladies,63,0.096,0.905,211293,0.782,0.0,A#,0.0623,-3.604,Minor,0.164,96.055,4/4,0.798,929
Hip-Hop,Tee Grizzley,Lost and Found (feat. YNW Melly),62,0.0684,0.907,159833,0.683,7.18e-06,F,0.0834,-8.079,Major,0.349,89.983,4/4,0.342,994
Hip-Hop,Quavo,RERUN (feat. Travis Scott),67,0.0939,0.684,236948,0.791,0.0,F,0.359,-4.435,Major,0.309,153.992,4/4,0.529,1163
Hip-Hop,"Tyler, The Creator",I Ain't Got Time!,65,0.0539,0.549,206267,0.725,3.52e-05,C#,0.148,-7.239,Major,0.397,108.822,4/4,0.547,771
Hip-Hop,Terror Squad,Lean Back,66,0.129,0.698,247427,0.922,0.0,C#,0.106,-3.359,Major,0.517,126.594,5/4,0.691,1017
Hip-Hop,Lil Pump,Vroom Vroom Vroom,68,0.522,0.826,113684,0.492,0.0,F#,0.107,-8.271,Major,0.354,151.962,4/4,0.633,1223
Hip-Hop,Global Dan,Moving On,64,0.354,0.464,207700,0.545,3.28e-05,C#,0.179,-7.684,Major,0.24,100.349,5/4,0.401,704
Hip-Hop,JID,Skrawberries (feat. BJ The Chicago Kid),63,0.0951,0.613,218892,0.77,0.0,F#,0.076,-4.197,Minor,0.209,80.969,4/4,0.505,741
Hip-Hop,Drake,Scholarships,62,0.0966,0.556,209288,0.416,1.19e-05,C,0.1,-9.319,Minor,0.369,83.726,3/4,0.256,1338
Hip-Hop,G Herbo,Never Scared (feat. Juice WRLD),66,0.0607,0.517,200490,0.742,1.53e-06,C#,0.107,-5.941,Major,0.216,81.969,4/4,0.145,1235
Hip-Hop,Naughty By Nature,Hip Hop Hooray,67,0.102,0.862,267267,0.642,0.0,F#,0.272,-13.652,Minor,0.101,99.201,4/4,0.765,1248
Hip-Hop,Future,Patek Water,65,0.274,0.86,189480,0.561,0.0,F#,0.108,-5.757,Minor,0.185,152.984,4/4,0.354,1151
Hip-Hop,Lil Peep,Fingers,67,0.0123,0.546,182893,0.835,0.326,C,0.103,-6.399,Major,0.0501,133.986,4/4,0.423,1222
Hip-Hop,Moneybagg Yo,Pleading The Fifth (feat. Quavo),62,0.372,0.601,193734,0.621,0.0,G#,0.126,-6.821,Minor,0.265,159.892,4/4,0.622,831
Hip-Hop,Pusha T,What Would Meek Do?,63,0.0064,0.678,153267,0.636,8.38e-06,C#,0.177,-3.155,Major,0.0782,83.071,4/4,0.0636,1215
Hip-Hop,Drake,Under Ground Kings,62,5.2e-05,0.487,212613,0.712,0.0,G#,0.198,-7.323,Major,0.27,156.209,4/4,0.397,1298
Hip-Hop,Lil Baby,Belly (Lil Baby & Gunna),65,0.192,0.766,191724,0.692,0.0,F,0.0846,-5.312,Minor,0.0915,120.011,4/4,0.446,1166
Hip-Hop,YG,TOO COCKY,64,0.0137,0.925,172773,0.354,0.0,F,0.334,-8.163,Major,0.13,100.026,4/4,0.405,1414
Hip-Hop,YFN Lucci,Double Up (feat. Rich The Kid),63,0.0495,0.878,191239,0.486,0.0,D,0.107,-7.923,Minor,0.31,142.076,4/4,0.522,1065
Hip-Hop,Machine Gun Kelly,The Break Up,63,0.00254,0.771,200259,0.718,1.16e-06,A,0.105,-6.854,Minor,0.0834,130.088,4/4,0.232,769
Hip-Hop,Kodak Black,Could Of Been Different,65,0.232,0.883,192000,0.823,0.0,C,0.0817,-4.53,Major,0.246,104.955,4/4,0.35,1305
Hip-Hop,Oliver Francis,Aahhyeahh,66,0.0223,0.631,185491,0.67,0.138,D#,0.358,-9.829,Major,0.0622,144.983,4/4,0.0611,1259
Hip-Hop,Wifisfuneral,EA,64,0.108,0.527,160000,0.902,0.0,F,0.121,-4.423,Minor,0.443,179.928,4/4,0.658,1019
Hip-Hop,"Tyler, The Creator",Pothole,64,0.51,0.543,237000,0.572,7.23e-06,B,0.28,-8.974,Major,0.338,89.386,4/4,0.569,911
Hip-Hop,A$AP Mob,Frat Rules,62,0.181,0.635,218947,0.777,0.0,C#,0.357,-6.018,Major,0.231,128.09,4/4,0.177,703
Hip-Hop,Logic,Young Jesus,63,0.0889,0.736,211573,0.903,0.0,A#,0.129,-3.235,Minor,0.127,95.047,4/4,0.457,875
Hip-Hop,Kodak Black,Don't Wanna Breathe,65,0.282,0.709,196672,0.6,0.0,G#,0.134,-7.079,Minor,0.102,142.02,4/4,0.345,1336
Hip-Hop,Lil Peep,Avoid,66,0.396,0.56,240253,0.531,0.0,G#,0.103,-6.14,Minor,0.0484,79.789,4/4,0.289,1241
Hip-Hop,Lil Jon & The East Side Boyz,Lovers And Friends,64,0.0541,0.675,260600,0.501,0.0,A#,0.429,-6.183,Major,0.22,139.861,4/4,0.532,1309
Hip-Hop,2 Chainz,PROUD,62,0.738,0.781,234667,0.81,0.0,A#,0.144,-4.301,Minor,0.356,173.949,4/4,0.908,1281
Hip-Hop,T.I.,What You Know,63,0.0155,0.551,274333,0.81,0.0,B,0.169,-4.365,Major,0.0344,73.464,4/4,0.332,1211
Hip-Hop,NF,Intro,62,0.78,0.646,199400,0.843,0.0,C,0.0882,-4.872,Minor,0.129,112.37,3/4,0.072,799
Hip-Hop,Token,Code Red,63,0.326,0.801,218673,0.781,0.0,A#,0.191,-6.175,Minor,0.346,113.775,4/4,0.667,1032
Hip-Hop,Logic,Wrist,62,0.00793,0.851,205733,0.694,2.87e-06,A,0.0589,-5.642,Minor,0.256,139.978,4/4,0.503,1266
Hip-Hop,Takeoff,Vacation,64,0.0326,0.847,169072,0.563,0.0,F#,0.146,-7.964,Minor,0.422,168.095,4/4,0.437,1009
Hip-Hop,A$AP Rocky,Buck Shots,64,0.325,0.433,167813,0.85,0.0,A#,0.356,-5.79,Minor,0.416,159.956,4/4,0.58,1022
Hip-Hop,"Tyler, The Creator",IFHY,63,0.2,0.36,319253,0.716,0.0,G,0.581,-6.181,Major,0.34,86.001,4/4,0.274,1023
Hip-Hop,Hopsin,Low-Key,65,0.221,0.645,212701,0.833,0.0,B,0.134,-3.715,Major,0.32,83.534,4/4,0.721,1411
Hip-Hop,Kodak Black,Fuck with You (feat. Tory Lanez),64,0.121,0.697,215167,0.593,0.0,C,0.0835,-5.927,Major,0.0914,140.017,4/4,0.243,1030
Hip-Hop,Gucci Mane,Off the Boat,63,0.0764,0.865,225584,0.557,0.0,D#,0.0952,-6.295,Minor,0.0827,127.985,4/4,0.64,860
Hip-Hop,Drake,Jorja Interlude,64,0.755,0.719,107673,0.354,0.00969,B,0.349,-10.461,Major,0.104,123.152,4/4,0.205,709
Hip-Hop,Eminem,Just Don't Give A Fuck,65,0.000713,0.539,242573,0.931,0.0,E,0.204,-1.803,Minor,0.262,85.571,4/4,0.685,1095
Hip-Hop,Jaden Smith,GOKU,67,0.195,0.471,192880,0.887,0.0,C#,0.116,-2.445,Major,0.274,139.999,5/4,0.268,1144
Hip-Hop,Russ,Tell Me Why,63,0.0984,0.611,142013,0.449,0.0,D,0.226,-8.938,Minor,0.294,166.179,4/4,0.224,939
Hip-Hop,Cooliecut,Red Pills (Love in the Matrix),65,0.384,0.522,143622,0.553,0.0113,C,0.13,-8.088,Major,0.043,125.356,4/4,0.084,758
Hip-Hop,Global Dan,Off-White (feat. Mongo),63,0.307,0.656,165183,0.518,0.0,C#,0.231,-7.722,Major,0.0998,155.079,4/4,0.503,1343
Hip-Hop,Pusha T,Come Back Baby,63,0.0487,0.874,206707,0.485,0.0,C,0.299,-3.026,Major,0.171,92.001,4/4,0.322,851
Hip-Hop,Aminé,Wedding Crashers,63,0.0261,0.852,229800,0.498,0.0,B,0.0421,-7.983,Minor,0.246,135.99,4/4,0.934,783
Hip-Hop,G-Eazy,"No Limit REMIX (feat. A$AP Rocky, French Montana, Juicy J & Belly)",67,0.0129,0.84,278105,0.736,0.0,C#,0.0849,-3.757,Major,0.289,176.051,4/4,0.415,1361
Hip-Hop,A$AP Rocky,Hun43rd,63,0.444,0.584,242747,0.546,0.0,D,0.355,-9.321,Major,0.0762,136.336,4/4,0.355,1320
Hip-Hop,Comethazine,WINE & DINE,63,0.114,0.786,105243,0.925,0.0,C#,0.142,-5.17,Major,0.379,140.958,4/4,0.434,933
Hip-Hop,Lil Wayne,Open Safe,64,0.00705,0.929,223939,0.598,0.0,C#,0.0549,-5.373,Major,0.156,96.012,4/4,0.501,1184
Hip-Hop,Lil Yachty,Forever World (feat. Trippie Redd),63,0.589,0.578,301395,0.523,5.23e-05,B,0.378,-8.522,Minor,0.213,172.067,5/4,0.476,1029
Hip-Hop,Drake,Preach,63,0.208,0.563,236973,0.501,7.89e-05,B,0.104,-8.041,Minor,0.426,130.288,4/4,0.398,1301
Hip-Hop,Tay-K,The Race - Remix,65,0.00619,0.75,211875,0.548,0.0,A,0.156,-6.288,Major,0.358,160.084,4/4,0.377,960
Hip-Hop,Rich The Kid,Too Gone (feat. Khalid),62,0.154,0.686,184905,0.694,0.0,F#,0.193,-6.213,Minor,0.193,146.01,4/4,0.441,753
Hip-Hop,Bryson Tiller,Been That Way,65,0.0303,0.528,199320,0.759,0.0,F#,0.103,-6.476,Major,0.284,183.276,5/4,0.801,1159
Hip-Hop,Pouya,Superman Is Dead,63,0.163,0.902,196766,0.609,0.0,E,0.0636,-8.454,Minor,0.092,125.041,4/4,0.388,725
Hip-Hop,Traviezoz de la Zierra,Mi Pasado y Mi Presente,66,0.494,0.796,220080,0.555,0.0,G,0.317,-7.295,Minor,0.0583,114.855,4/4,0.889,903
Hip-Hop,Mac Miller,Buttons,63,0.437,0.578,228440,0.714,0.0,G,0.277,-4.853,Major,0.19,75.064,4/4,0.524,1217
Hip-Hop,Carnage,"WDYW (feat. Lil Uzi Vert, A$AP Ferg & Rich The Kid)",63,0.207,0.72,233000,0.816,0.0,F,0.813,-3.313,Major,0.143,125.074,4/4,0.487,702
Hip-Hop,Wiz Khalifa,Getting Loose (feat. Problem),66,0.111,0.9,181844,0.439,0.0,C#,0.0964,-6.505,Major,0.241,101.982,4/4,0.21,1353
Hip-Hop,Smooky MarGielaa,Vlone Flex,64,0.0416,0.746,133407,0.622,0.0,A,0.0933,-5.976,Major,0.0533,108.015,4/4,0.361,1173
Hip-Hop,Nicky Jam,Satisfacción,67,0.282,0.622,256493,0.503,0.0,F,0.112,-6.724,Minor,0.201,136.048,4/4,0.314,737
Hip-Hop,2Pac,Keep Ya Head Up,68,0.162,0.636,262507,0.731,0.0,E,0.455,-7.037,Major,0.421,86.15,4/4,0.61,1012
Hip-Hop,KILLY,Killamonjaro,67,0.122,0.66,178227,0.708,0.000113,E,0.117,-5.353,Minor,0.0399,145.092,4/4,0.146,1107
Hip-Hop,Kid Cudi,By Design,62,0.0599,0.756,257053,0.853,0.000562,A,0.115,-5.92,Minor,0.0525,100.004,4/4,0.419,742
Hip-Hop,Logic,Soul Food,62,0.0573,0.52,292933,0.869,0.0,C#,0.332,-4.546,Minor,0.28,167.771,4/4,0.259,698
Hip-Hop,Wiz Khalifa,On My Level (feat. Too $hort),65,0.146,0.72,272160,0.514,0.00713,C#,0.107,-7.108,Major,0.132,142.98,4/4,0.212,950
Hip-Hop,6 Dogs,Buttcheeks,64,0.163,0.713,187681,0.366,0.00022,B,0.107,-13.424,Major,0.251,145.963,4/4,0.415,944
Hip-Hop,Nicky Jam,Si Tú La Ves (feat. Wisin),73,0.204,0.685,221027,0.731,0.0,F,0.0722,-5.119,Minor,0.093,177.912,4/4,0.786,1089
Hip-Hop,Logic,State Of Emergency,62,0.0855,0.686,154373,0.67,0.0,C,0.12,-7.626,Major,0.225,173.915,4/4,0.636,1292
Hip-Hop,Tay-K,Megaman,64,0.0651,0.744,133000,0.314,0.0,G#,0.134,-8.871,Major,0.0864,134.388,4/4,0.0438,1185
Hip-Hop,$uicideBoy$,Scrape,66,0.00962,0.671,103837,0.727,0.00168,C#,0.156,-6.143,Major,0.189,148.005,4/4,0.302,1229
Hip-Hop,A$AP Rocky,1Train,63,0.351,0.489,372173,0.878,0.0,D,0.698,-3.36,Major,0.368,81.497,4/4,0.775,726
Hip-Hop,$uicideBoy$,FUCKTHEPOPULATION,65,0.29,0.818,150187,0.576,0.0,C,0.105,-7.588,Minor,0.162,96.189,3/4,0.285,778
Hip-Hop,BROCKHAMPTON,J'OUVERT,65,0.0377,0.721,234347,0.703,0.000136,G#,0.361,-4.114,Major,0.252,83.985,4/4,0.501,1149
Hip-Hop,Lil Yachty,Minnesota,62,0.093,0.808,268115,0.647,0.0,D,0.117,-4.973,Major,0.0843,130.034,4/4,0.278,809
Hip-Hop,Maxo Kream,Roaches,62,0.593,0.795,261410,0.582,0.0,F#,0.142,-6.442,Major,0.336,82.016,4/4,0.329,1175
Hip-Hop,Huncho Jack,How U Feel,64,0.0516,0.855,205682,0.79,1.75e-05,D,0.379,-2.565,Major,0.151,140.016,4/4,0.435,1076
Hip-Hop,Mobb Deep,Quiet Storm,64,0.366,0.79,265493,0.728,0.0,D,0.112,-9.221,Major,0.391,96.978,4/4,0.403,1408
Hip-Hop,Lil Pump,Designer,66,0.205,0.864,144560,0.484,0.0,F#,0.248,-9.159,Minor,0.344,160.052,4/4,0.534,842
Hip-Hop,Night Lovell,BAD KID,65,0.0987,0.886,142222,0.316,0.0166,C#,0.108,-8.683,Major,0.0677,135.006,4/4,0.0389,1038
Hip-Hop,Danny Ocean,Dembow,79,0.0807,0.802,215083,0.744,0.0,F#,0.0917,-5.968,Major,0.078,99.983,4/4,0.45,836
Hip-Hop,Lil Wayne,Took His Time,63,0.144,0.752,262400,0.703,0.0,F,0.325,-3.417,Minor,0.213,149.988,4/4,0.641,1121
Hip-Hop,Wu-Tang Clan,Bring Da Ruckus,63,0.234,0.794,251467,0.627,0.0,B,0.35,-9.431,Major,0.36,87.554,4/4,0.518,735
Hip-Hop,Machine Gun Kelly,Alpha Omega,63,0.103,0.771,212560,0.736,0.0,C#,0.217,-6.396,Minor,0.181,124.057,4/4,0.213,1253
Hip-Hop,OutKast,B.O.B.,62,0.0555,0.746,304227,0.978,4.02e-05,A,0.026,-5.324,Major,0.0978,153.897,4/4,0.652,785
Hip-Hop,Lil Pump,Flex Like Ouu,67,0.189,0.858,108213,0.435,0.0,F#,0.0925,-11.286,Major,0.0661,141.993,4/4,0.704,1199
Hip-Hop,Mac Miller,Nike's on My Feet,65,0.537,0.823,164411,0.438,0.0,A,0.105,-8.728,Minor,0.279,92.047,4/4,0.59,905
Hip-Hop,Future,Stick Talk,62,0.0265,0.729,171333,0.672,0.0,G,0.244,-6.749,Major,0.282,159.903,4/4,0.595,1080
Hip-Hop,Bryson Tiller,Self-Made,63,0.00304,0.932,167853,0.702,1.87e-05,G,0.267,-3.459,Minor,0.0903,143.001,4/4,0.53,874
Hip-Hop,Reykon,Domingo (feat. Cosculluela),79,0.124,0.816,222483,0.733,0.0,C,0.0812,-6.587,Major,0.0448,93.022,4/4,0.571,927
Hip-Hop,Comethazine,GUSHER GUTS,62,0.0398,0.708,110000,0.802,0.0,C#,0.118,-4.189,Major,0.129,140.281,4/4,0.653,1249
Hip-Hop,Justin Quiles,No Quiero Amarte (feat. Zion & Lennox),75,0.128,0.734,235315,0.793,0.0,F#,0.0658,-4.731,Major,0.0454,89.961,4/4,0.511,1020
Hip-Hop,Dr. Dre,What's The Difference,66,0.238,0.792,244200,0.825,0.0,B,0.186,-0.362,Minor,0.23,91.907,4/4,0.696,822
Hip-Hop,Migos,Versace (Remix),65,0.0218,0.845,246047,0.705,0.0,F#,0.339,-4.271,Minor,0.243,132.05,4/4,0.334,1413
Hip-Hop,Lil Yachty,she ready,63,0.0572,0.825,185987,0.718,0.0,C,0.104,-3.482,Major,0.0838,145.028,4/4,0.69,805
Hip-Hop,A$AP Rocky,Changes,63,0.47,0.478,314653,0.326,0.000218,D#,0.323,-10.992,Major,0.0693,137.029,4/4,0.34,883
Hip-Hop,Jacquees,Come Thru,67,0.15,0.725,291500,0.552,0.0,B,0.214,-7.369,Minor,0.0475,111.996,4/4,0.582,768
Hip-Hop,Flipp Dinero,Time Goes Down,63,0.0991,0.758,195789,0.707,3.66e-05,D,0.0987,-6.677,Minor,0.249,151.942,4/4,0.482,1138
Hip-Hop,Lil Baby,First Class,63,0.00503,0.832,201085,0.291,0.0,F,0.0796,-9.272,Minor,0.31,134.063,4/4,0.289,865
Hip-Hop,Lil Yachty,Forever Young,63,0.548,0.685,177720,0.615,5.06e-06,F#,0.169,-7.983,Major,0.0387,137.932,4/4,0.717,869
Hip-Hop,Logic,One Day (feat. Ryan Tedder),63,0.118,0.529,199867,0.871,0.000164,A#,0.115,-5.831,Major,0.155,189.837,4/4,0.272,750
Hip-Hop,Paulo Londra,Chica Paranormal,80,0.216,0.84,221214,0.596,0.0,F#,0.0897,-4.319,Minor,0.0918,139.937,4/4,0.71,1392
Hip-Hop,Nas,The World Is Yours,62,0.274,0.678,290573,0.794,1.68e-06,A#,0.124,-6.186,Minor,0.14,87.374,4/4,0.54,1031
Hip-Hop,Erykah Badu,On & On,67,0.061,0.765,226133,0.403,0.00559,B,0.204,-10.946,Minor,0.167,80.386,4/4,0.295,1135
Hip-Hop,Chance the Rapper,"Finish Line / Drown (feat. T-Pain, Kirk Franklin, Eryn Allen Kane & Noname)",62,0.617,0.456,406983,0.609,0.0,G,0.0724,-6.439,Minor,0.377,86.368,4/4,0.41,864
Hip-Hop,Pouya,Terminal Sex,63,0.504,0.917,204965,0.418,0.021,F#,0.0974,-8.884,Minor,0.0667,117.976,4/4,0.486,1189
Hip-Hop,NAV,Faith (feat. Quavo),63,0.758,0.527,199973,0.61,0.0,C#,0.0882,-6.903,Minor,0.107,157.1,4/4,0.549,955
Hip-Hop,Future,PIE,65,0.144,0.755,211240,0.6,0.0,F,0.117,-6.431,Minor,0.309,155.982,4/4,0.652,1333
Hip-Hop,Eminem,Kings Never Die,66,0.0275,0.771,296133,0.896,0.0,E,0.204,-5.289,Minor,0.129,112.505,3/4,0.0593,796
Hip-Hop,"quickly, quickly",Swingtheory,66,0.582,0.484,228571,0.576,0.0301,C#,0.306,-8.431,Minor,0.663,78.303,1/4,0.317,962
Hip-Hop,Drake,Nothings Into Somethings,62,0.379,0.76,153725,0.227,0.0017,B,0.355,-8.327,Minor,0.15,96.912,4/4,0.279,1267
Hip-Hop,Tyga,Ice Cream Man,68,0.167,0.902,186672,0.67,0.0,A#,0.107,-4.074,Major,0.19,144.07,4/4,0.39,1331
Hip-Hop,Young Thug,Daddy's Birthday,62,0.203,0.845,208920,0.37,0.0,E,0.104,-7.333,Minor,0.519,152.949,4/4,0.269,981
Hip-Hop,Busta Rhymes,I Know What You Want,67,0.0142,0.648,324307,0.759,0.0,F#,0.648,-4.315,Major,0.306,85.996,4/4,0.518,1150
Hip-Hop,Migos,Handsome And Wealthy,62,0.00348,0.858,210557,0.665,0.0,D,0.094,-2.907,Major,0.101,146.031,4/4,0.237,832
Hip-Hop,Yung Pinch,Look Like,65,0.0249,0.806,226154,0.523,0.00698,E,0.11,-7.623,Major,0.0972,130.075,4/4,0.62,976
Hip-Hop,ScHoolboy Q,Hell Of A Night,63,0.377,0.652,272453,0.836,0.0,D,0.138,-7.179,Minor,0.153,123.946,4/4,0.162,891
Hip-Hop,Mac Miller,Rush Hour,62,0.262,0.602,201840,0.472,0.0,F#,0.172,-5.375,Minor,0.265,163.817,4/4,0.304,1092
Hip-Hop,$uicideBoy$,Do You Believe In God?,65,0.0388,0.794,118073,0.534,1e-05,C,0.555,-5.698,Major,0.0509,120.069,4/4,0.0487,999
Hip-Hop,Danger Incorporated,Graveyard,65,0.0115,0.555,167852,0.662,0.0,G#,0.637,-7.247,Major,0.0951,91.014,3/4,0.286,1096
Hip-Hop,Drake,Weston Road Flows,62,0.0819,0.613,253533,0.738,0.0,F#,0.32,-6.926,Major,0.311,82.833,4/4,0.341,1201
Hip-Hop,Wifisfuneral,Juveniles (feat. YBN Nahmir),62,0.0562,0.625,161698,0.479,0.0,C#,0.0715,-8.768,Major,0.272,98.027,4/4,0.555,820
Hip-Hop,Aminé,Turf,62,0.564,0.655,265840,0.413,1.84e-06,A,0.113,-9.247,Minor,0.281,148.008,4/4,0.439,1355
Hip-Hop,Eminem,Won't Back Down,64,0.0133,0.478,265907,0.951,2.21e-06,D,0.0533,-2.347,Major,0.19,179.978,3/4,0.338,1383
Hip-Hop,Aventura,El Perdedor,69,0.327,0.782,215213,0.589,0.0,D,0.121,-10.647,Minor,0.0341,127.975,4/4,0.886,1341
Hip-Hop,Afroman,Because I Got High,67,0.166,0.8,197760,0.339,0.0,G,0.0791,-8.531,Major,0.483,165.982,4/4,0.844,1234
Hip-Hop,Lil Wayne,Perfect Strangers,63,0.4,0.746,249751,0.644,0.0,G,0.095,-2.605,Major,0.232,146.178,4/4,0.542,707
Hip-Hop,Mike WiLL Made-It,The Mantra (with Pharrell & Kendrick Lamar),64,0.284,0.698,247688,0.707,0.0,A,0.177,-3.778,Minor,0.114,155.009,4/4,0.413,804
Hip-Hop,Mike WiLL Made-It,Nothing Is Promised (with Rihanna),65,0.0108,0.735,170752,0.494,1.05e-06,G#,0.108,-7.607,Minor,0.115,135.159,4/4,0.143,900
Hip-Hop,Eminem,In Your Head,66,0.00164,0.647,182640,0.778,0.0,C#,0.389,-5.257,Major,0.224,82.918,4/4,0.252,740
Hip-Hop,Kevin Roldan,PPP - Remix,80,0.287,0.803,214600,0.749,0.0,E,0.369,-4.358,Major,0.143,93.005,4/4,0.67,1325
Hip-Hop,Rich The Kid,No Question (feat Future),62,0.00176,0.885,251057,0.559,0.0,F#,0.0973,-7.085,Major,0.322,76.472,4/4,0.565,989
Hip-Hop,Bass Santana,Jahseh on my Wrist,63,0.13,0.826,217056,0.732,0.0,G,0.183,-7.176,Major,0.341,144.032,4/4,0.648,863
Hip-Hop,Migos,Gang Gang,66,0.272,0.635,181319,0.601,0.0,D,0.112,-9.837,Major,0.144,180.046,4/4,0.515,1327
Hip-Hop,Desiigner,Outlet,66,0.109,0.643,268813,0.813,0.000348,F,0.355,-2.147,Minor,0.0828,124.178,4/4,0.36,1069
Hip-Hop,Rick James,Super Freak,70,0.246,0.832,205467,0.797,0.0,A,0.0545,-8.194,Minor,0.0487,132.431,4/4,0.961,1006
Hip-Hop,Nas,The Message,65,0.00776,0.614,234093,0.543,3.28e-05,F,0.383,-7.178,Major,0.374,178.422,4/4,0.485,1115
Hip-Hop,N.E.R.D,Lemon - Edit,63,0.000881,0.805,146907,0.71,2.64e-05,C#,0.358,-6.642,Major,0.309,190.044,4/4,0.147,1210
Hip-Hop,A$AP Rocky,PMW (All I Really Need) (feat. ScHoolboy Q),62,0.000361,0.705,234773,0.747,0.0,C#,0.311,-4.542,Major,0.0484,129.973,4/4,0.29,1047
Hip-Hop,Sheck Wes,Chippi Chippi,62,0.0734,0.677,229400,0.549,0.0,G#,0.0916,-7.165,Major,0.211,77.523,4/4,0.262,1104
Hip-Hop,Meek Mill,1942 Flows,62,0.0515,0.63,282667,0.628,0.0,D,0.091,-4.016,Major,0.327,121.307,5/4,0.266,759
Hip-Hop,BROCKHAMPTON,TOKYO,63,0.0644,0.632,192126,0.625,0.0,D,0.689,-5.781,Major,0.291,139.981,4/4,0.535,1008
Hip-Hop,Hopsin,Hell's Carol,62,0.174,0.558,164405,0.794,0.0,G,0.157,-5.947,Minor,0.304,184.545,3/4,0.431,1070
Hip-Hop,Eminem,Bad Guy,64,0.064,0.612,434077,0.797,0.0,C#,0.257,-3.648,Major,0.448,81.086,4/4,0.358,787
Hip-Hop,BROCKHAMPTON,HOTTIE,62,0.163,0.856,197148,0.712,0.0312,C#,0.123,-6.355,Minor,0.0621,128.994,4/4,0.774,899
Hip-Hop,Lil Yachty,COUNT ME IN,62,0.432,0.787,137356,0.639,0.0,C#,0.142,-7.835,Major,0.319,81.482,4/4,0.758,797
Hip-Hop,Rich The Kid,Dead Friends,62,0.0138,0.656,171287,0.457,0.0,A,0.104,-7.328,Major,0.374,179.897,4/4,0.111,881
Hip-Hop,Cartel De Santa,Si Te Vienen a Contar,72,0.342,0.734,219573,0.663,0.0,A#,0.649,-6.279,Major,0.309,166.846,4/4,0.845,850
Hip-Hop,Ghostemane,Venom,67,0.0332,0.909,134271,0.573,0.0163,F,0.657,-6.856,Major,0.181,144.946,4/4,0.392,826
Hip-Hop,$uicideBoy$,Either Hated Or Ignored,64,0.0349,0.738,153783,0.749,0.0,C#,0.0794,-5.727,Minor,0.0838,113.027,4/4,0.583,1007
Hip-Hop,Migos,White Sand,64,0.0317,0.833,202835,0.58,0.0,F,0.272,-7.57,Minor,0.0824,142.104,4/4,0.419,1354
Hip-Hop,88GLAM,Purple Baguettes,62,0.303,0.699,168493,0.43,0.0,A#,0.11,-8.641,Minor,0.111,120.025,5/4,0.39,1396
Hip-Hop,Nas,Adam and Eve,63,0.0453,0.624,250760,0.803,0.0,A,0.318,-5.107,Minor,0.218,92.401,4/4,0.172,861
Hip-Hop,Russ,Parkstone Drive,62,0.0348,0.857,205720,0.616,4.37e-06,G#,0.0709,-3.287,Minor,0.206,94.032,4/4,0.152,1178
Hip-Hop,G-Eazy,Drifting,64,0.00199,0.523,273253,0.757,0.0,F#,0.3,-6.772,Minor,0.138,134.828,4/4,0.375,868
Hip-Hop,SAINt JHN,Reflex,66,0.134,0.692,241842,0.497,0.000207,C#,0.111,-7.252,Minor,0.108,135.027,4/4,0.309,1410
Hip-Hop,Daddy Yankee,Limbo,73,0.0838,0.806,224693,0.875,0.00192,G,0.065,-3.817,Major,0.088,125.063,4/4,0.917,1158
Hip-Hop,De La Ghetto,Caliente (feat. J Balvin),63,0.318,0.837,206560,0.847,0.0,E,0.261,-4.395,Major,0.0982,90.996,4/4,0.73,1376
Hip-Hop,Wiz Khalifa,Promises,62,0.0265,0.565,210467,0.585,0.0,C#,0.274,-5.723,Minor,0.0536,140.8,5/4,0.259,1268
Hip-Hop,Jaden Smith,A Calabasas Freestyle,64,0.141,0.707,179333,0.746,0.0141,C,0.145,-5.448,Major,0.172,82.477,4/4,0.381,1026
Hip-Hop,Lil Xan,Slingshot,65,0.0562,0.928,89973,0.778,6.27e-06,G,0.129,-6.962,Minor,0.252,122.998,4/4,0.668,1128
Hip-Hop,Daddy Yankee,Rompe,65,0.0793,0.701,188627,0.866,1.53e-06,C#,0.0617,-5.179,Minor,0.108,176.041,4/4,0.569,1220
Hip-Hop,Dr. Dre,Xxplosive,65,0.201,0.78,215200,0.882,1.07e-05,C#,0.15,-4.368,Major,0.134,168.955,4/4,0.926,1282
Hip-Hop,G-Eazy,Everything Will Be OK,63,0.122,0.567,311373,0.539,0.0,C,0.11,-11.203,Minor,0.169,91.205,4/4,0.429,1191
Hip-Hop,Lil Peep,Honestly,62,7.26e-05,0.544,128680,0.771,8.47e-06,A,0.101,-6.411,Major,0.0469,158.274,4/4,0.357,843
Hip-Hop,bbno$,bad girl,62,0.14,0.716,141176,0.558,1.2e-05,G#,0.0712,-9.013,Major,0.392,169.741,4/4,0.661,803
Hip-Hop,Ghostemane,Nihil,66,0.161,0.665,147305,0.905,0.0669,G,0.907,-5.785,Major,0.253,114.938,4/4,0.288,696
Hip-Hop,Mike Stud,Mirrors on the Ceiling,63,0.447,0.735,214805,0.334,1.37e-06,F,0.0956,-11.59,Minor,0.191,148.09,4/4,0.594,729
Hip-Hop,Wiz Khalifa,Penthouse (feat. Snoop Dogg),64,0.145,0.878,200438,0.723,0.0,A#,0.708,-6.66,Minor,0.0598,119.038,4/4,0.534,838
Hip-Hop,Eminem,Soldier,63,0.0353,0.857,226427,0.917,0.000234,G#,0.167,-3.163,Major,0.208,94.528,4/4,0.533,1054
Hip-Hop,2Pac,All About U,67,0.065,0.859,276813,0.792,0.0,D,0.3,-4.007,Major,0.141,103.201,4/4,0.766,715
Hip-Hop,Eminem,Phenomenal,63,0.153,0.64,282547,0.841,0.0,C#,0.0457,-2.426,Minor,0.0466,121.075,4/4,0.0471,1126
Hip-Hop,Migos,Supastars,63,0.25,0.781,293138,0.676,0.0,C#,0.0783,-4.387,Major,0.0596,75.944,4/4,0.328,1380
Hip-Hop,Nicky Jam,Travesuras,70,0.139,0.77,195453,0.79,0.0,A#,0.0829,-5.453,Minor,0.0814,93.97,4/4,0.872,953
Hip-Hop,Onyx,Slam,62,0.0706,0.879,218507,0.692,0.00426,E,0.915,-12.958,Major,0.352,98.329,4/4,0.804,1393
Hip-Hop,Wisin & Yandel,Pam Pam,71,0.119,0.879,227280,0.689,0.0,A#,0.249,-6.43,Major,0.108,95.034,4/4,0.736,919
Hip-Hop,Mike Stud,Frio,64,0.294,0.738,178887,0.541,2.15e-05,B,0.126,-4.991,Minor,0.214,90.082,4/4,0.396,745
Hip-Hop,"nothing,nowhere.",Ornament,62,0.00151,0.535,250464,0.842,0.0,G,0.0807,-5.133,Major,0.154,126.215,4/4,0.287,1332
Hip-Hop,Migos,Cocoon,63,0.191,0.58,297800,0.824,0.0,G,0.0879,-3.695,Major,0.255,120.033,4/4,0.364,812
Hip-Hop,Lil' Flip,Sunshine - Explicit Album Version,62,0.0248,0.814,225173,0.387,0.0,C,0.131,-9.867,Major,0.0945,93.961,4/4,0.792,912
Hip-Hop,Busta Rhymes,Gimme Some More,62,0.00832,0.591,158467,0.855,5.87e-05,B,0.771,-8.339,Minor,0.339,136.734,4/4,0.78,1168
Hip-Hop,Yung Pinch,When I Was Yung,63,0.172,0.838,223385,0.564,0.000249,C#,0.0615,-12.498,Minor,0.0677,129.983,4/4,0.836,972
Hip-Hop,Don Omar,Dutty Love,62,0.232,0.742,285333,0.873,1.17e-05,C#,0.114,-3.373,Major,0.082,90.004,4/4,0.899,1395
Hip-Hop,Mack 10,Foe Life,63,0.0816,0.917,253800,0.665,0.0,G#,0.196,-6.053,Major,0.0924,91.082,4/4,0.808,801
Hip-Hop,$uicideBoy$,Gloss Of Blood,62,0.262,0.685,104211,0.416,0.0348,C,0.395,-8.008,Minor,0.0812,119.967,4/4,0.107,918
Hip-Hop,Lloyd Banks,On Fire,63,0.104,0.69,187280,0.827,0.00083,G#,0.274,-4.264,Major,0.232,94.859,4/4,0.445,1304
Hip-Hop,Ghostemane,Squeeze,64,0.000997,0.787,140038,0.727,0.0017,C#,0.376,-7.194,Major,0.265,141.52,4/4,0.21,1082
Hip-Hop,G-Eazy,Pray For Me,62,0.0614,0.77,207907,0.502,0.0,F,0.069,-9.604,Minor,0.13,127.946,4/4,0.305,697
Hip-Hop,Eminem,My Dad's Gone Crazy,62,0.111,0.741,266907,0.693,0.0,G,0.324,-4.991,Major,0.495,175.913,4/4,0.771,1243
Hip-Hop,Ice Cube,You Can Do It - Feat. Mack 10 And Ms Toi,63,0.000917,0.946,259160,0.857,0.0,C#,0.0525,-4.498,Minor,0.159,99.88,4/4,0.882,1165
Hip-Hop,"Héctor ""El Father""",El Telefono,65,0.188,0.809,235627,0.689,0.0,D,0.469,-7.098,Major,0.135,90.004,4/4,0.498,1340
Hip-Hop,Eminem,So Bad,62,0.304,0.773,325347,0.811,0.0,C#,0.174,0.496,Major,0.0882,81.037,4/4,0.774,840
Hip-Hop,Justin Stone,Cannot Stop Me,62,0.0648,0.72,235714,0.615,3.62e-05,D,0.176,-8.899,Minor,0.0542,112.048,4/4,0.293,722
Hip-Hop,Casper Magico,Te Boté,67,0.401,0.918,275693,0.602,7.28e-06,E,0.0805,-3.986,Minor,0.115,96.518,4/4,0.158,991
Hip-Hop,2Pac,Can't C Me,66,0.0432,0.797,330760,0.852,3.97e-06,C,0.409,-2.234,Major,0.172,95.416,4/4,0.674,1418
Hip-Hop,Nicky Jam,El Amante - Remix,66,0.311,0.803,225520,0.767,0.0,G#,0.073,-5.377,Major,0.0535,89.968,4/4,0.598,1245
Hip-Hop,Mike WiLL Made-It,Amen (Pre Fight Prayer) (with Lil Wayne),63,0.287,0.647,121171,0.609,0.000282,A,0.837,-5.02,Minor,0.16,163.957,4/4,0.291,752
Hip-Hop,KRS-One,Sound of da Police,64,0.124,0.794,258507,0.95,7.71e-05,C#,0.133,-8.78,Major,0.294,94.984,4/4,0.324,872
Hip-Hop,Lil Wayne,"Scared of the Dark (Remix) [with Ty Dolla $ign and Ozuna, feat. XXXTENTACION] - Remix",64,0.0444,0.346,305040,0.652,0.0,C,0.219,-5.425,Minor,0.112,80.045,4/4,0.191,915
Hip-Hop,Rae Sremmurd,Hurt To Look - From Swaecation,62,0.179,0.671,256000,0.702,3.53e-05,F,0.117,-5.642,Major,0.0833,104.983,4/4,0.235,1050
Hip-Hop,Rick James,Mary Jane,62,0.266,0.529,297347,0.823,1.82e-06,B,0.44,-7.01,Minor,0.129,94.712,4/4,0.86,1093
Hip-Hop,Nio Garcia,Quiere Fumar - Remix,66,0.168,0.871,386880,0.687,1.36e-06,G#,0.0448,-5.19,Major,0.174,94.996,4/4,0.592,1344
Hip-Hop,WizKid,Come Closer,63,0.127,0.825,211293,0.453,3.82e-06,E,0.0838,-7.429,Minor,0.227,99.974,4/4,0.496,1156
Hip-Hop,Cartel De Santa,Culón Culito,69,0.371,0.763,223560,0.862,0.0,F#,0.836,-3.706,Major,0.0996,102.842,4/4,0.95,990
Hip-Hop,cupcakKe,Deepthroat,62,0.184,0.93,199296,0.65,4.92e-05,C,0.198,-6.896,Major,0.259,98.023,4/4,0.403,1264
Hip-Hop,Killstation,Extinction,63,0.00436,0.549,84558,0.497,0.0,D#,0.0698,-8.645,Minor,0.22,65.919,3/4,0.113,1377
Hip-Hop,Neha Kakkar,"Aankh Marey (From ""Simmba"")",63,0.289,0.796,212741,0.978,0.00254,F,0.346,-1.266,Minor,0.0955,129.999,4/4,0.8,734
Hip-Hop,M.O.P.,Ante Up (Robbin Hoodz Theory),64,0.00514,0.699,248693,0.793,2.75e-06,C#,0.7,-4.856,Major,0.268,94.138,4/4,0.929,1016
Hip-Hop,N.W.A.,Chin Check,63,0.0831,0.906,221373,0.775,2.74e-05,D,0.15,-5.775,Major,0.268,100.054,4/4,0.838,845
Hip-Hop,Nio Garcia,Mírame,68,0.0613,0.775,317440,0.787,0.000159,C#,0.0916,-4.488,Major,0.11,175.993,4/4,0.665,1137
Hip-Hop,Noriel,Me Usaste,67,0.393,0.808,364733,0.536,0.0,F#,0.0975,-5.855,Minor,0.228,131.963,4/4,0.599,794
Hip-Hop,Don Omar,Taboo,65,0.0449,0.43,292160,0.886,0.0,C,0.0879,-5.811,Major,0.0828,187.38,3/4,0.808,1347
Hip-Hop,Justin Quiles,Crecia,63,0.524,0.718,270000,0.702,2.99e-06,F#,0.149,-6.079,Minor,0.137,120.053,4/4,0.525,717
Hip-Hop,Darell,Si Tu Quieres,62,0.454,0.819,284182,0.471,0.000922,F#,0.173,-9.288,Minor,0.0753,109.987,4/4,0.554,930
Hip-Hop,Wu-Tang Clan,Gravel Pit,63,0.222,0.787,253467,0.72,0.0,G,0.633,-7.569,Major,0.251,121.003,4/4,0.538,1172
Hip-Hop,Don Omar,Te Quiero Pa´Mi,68,0.125,0.758,211627,0.815,3.06e-05,C#,0.181,-3.983,Major,0.0598,89.005,4/4,0.624,701
Hip-Hop,KILLY,Doomsday,62,0.0495,0.496,184258,0.529,1.78e-06,B,0.098,-9.243,Minor,0.0303,155.057,4/4,0.223,1262
Hip-Hop,Lil Pump,What U Sayin' (feat. Smokepurpp),62,0.238,0.949,140488,0.524,2.22e-05,G,0.108,-7.283,Major,0.0504,122.959,4/4,0.685,1236
Hip-Hop,French Montana,Famous,62,0.0234,0.722,244975,0.598,1.64e-05,F#,0.121,-6.755,Major,0.162,99.948,4/4,0.569,1260
Hip-Hop,Jhay Cortez,Se Supone - RMX,63,0.231,0.765,352640,0.613,0.0,B,0.381,-5.614,Major,0.202,155.971,4/4,0.671,998
R&B,Loyle Carner,Ain't Nothing Changed,62,0.505,0.753,194427,0.663,0.0598,G#,0.115,-8.073,Major,0.176,90.011,4/4,0.149,47
R&B,Rels B,Reina de Pikas,65,0.378,0.891,191771,0.385,0.125,A#,0.0905,-8.821,Minor,0.27,93.007,4/4,0.417,34
R&B,Gaab,Tem Café,69,0.0346,0.694,262687,0.506,0.0,E,0.0774,-10.272,Minor,0.29,169.866,4/4,0.263,95
R&B,Rels B,Vamos a Mirarnos,64,0.367,0.778,243291,0.514,3.61e-06,D,0.108,-10.663,Minor,0.478,159.969,4/4,0.148,45
Rap,Post Malone,Wow.,99,0.163,0.833,149520,0.539,2.1e-06,B,0.101,-7.399,Minor,0.178,99.947,4/4,0.385,1439
Rap,Blueface,Thotiana,93,0.18,0.906,129264,0.382,0.0,A#,0.113,-12.89,Minor,0.269,104.025,4/4,0.391,1551
Rap,Juice WRLD,Robbery,91,0.342,0.708,240527,0.691,0.0,D,0.222,-5.179,Major,0.0442,79.99,4/4,0.535,1545
Rap,Post Malone,Better Now,93,0.354,0.68,231267,0.563,0.0,A#,0.136,-5.843,Major,0.0454,145.028,4/4,0.374,1426
Rap,A Boogie Wit da Hoodie,Look Back At It,91,0.407,0.791,179449,0.587,0.0,D#,0.148,-5.075,Minor,0.0413,96.057,4/4,0.536,1441
Rap,Lil Mosey,Noticed,87,0.462,0.699,165000,0.558,0.0,B,0.116,-7.622,Major,0.0603,79.992,4/4,0.493,1489
Rap,Post Malone,I Fall Apart,88,0.0689,0.556,223347,0.538,0.0,G#,0.196,-5.408,Minor,0.0382,143.95,4/4,0.291,1548
Rap,Cardi B,I Like It,90,0.099,0.816,253390,0.726,0.0,F,0.372,-3.998,Minor,0.129,136.048,4/4,0.65,1525
Rap,Juice WRLD,All Girls Are The Same,86,0.0769,0.671,165820,0.529,0.000335,C,0.0856,-7.226,Major,0.307,161.989,4/4,0.203,1453
Rap,Post Malone,Psycho (feat. Ty Dolla $ign),89,0.58,0.739,221440,0.559,0.0,G#,0.112,-8.011,Major,0.117,140.124,4/4,0.439,1492
Rap,XXXTENTACION,changes,88,0.883,0.669,121887,0.308,0.0,B,0.0984,-10.068,Major,0.029,64.934,4/4,0.52,1514
Rap,Travis Scott,goosebumps,86,0.0847,0.841,243837,0.728,0.0,G,0.149,-3.37,Major,0.0484,130.049,4/4,0.43,1524
Rap,6ix9ine,KIKA (feat. Tory Lanez),88,0.128,0.745,136032,0.715,0.0,C#,0.182,-3.368,Minor,0.245,94.513,4/4,0.342,1502
Rap,Juice WRLD,Fast,79,0.427,0.613,208518,0.607,0.0,C#,0.156,-5.93,Minor,0.0476,84.994,4/4,0.304,1557
Rap,6ix9ine,"FEFE (feat. Nicki Minaj, Murda Beatz)",86,0.088,0.931,179405,0.387,0.0,C#,0.136,-9.127,Major,0.412,125.978,4/4,0.376,1447
Rap,Juice WRLD,Empty,76,0.081,0.725,248431,0.556,0.0,A,0.133,-4.825,Minor,0.0705,155.027,4/4,0.482,1529
Rap,Travis Scott,STARGAZING,84,0.00947,0.487,270715,0.789,4.05e-06,G#,0.189,-3.69,Major,0.044,150.007,4/4,0.0564,1421
Rap,Trippie Redd,Topanga,83,0.00587,0.755,215364,0.615,1.75e-06,E,0.109,-8.245,Major,0.0454,105.955,4/4,0.039,1454
Rap,Juice WRLD,Flaws And Sins,72,0.0128,0.707,218349,0.682,0.0,G#,0.108,-4.505,Major,0.0909,150.003,4/4,0.427,1506
Rap,Travis Scott,BUTTERFLY EFFECT,84,0.0531,0.763,190557,0.628,0.0,B,0.114,-5.85,Major,0.05,140.958,4/4,0.193,1547
Rap,Juice WRLD,Big,72,0.0727,0.762,224063,0.64,0.0,B,0.0936,-6.115,Minor,0.124,144.976,4/4,0.231,1516
Rap,Juice WRLD,Out My Way,69,0.111,0.674,156621,0.833,0.0,A#,0.76,-3.192,Minor,0.286,164.138,4/4,0.508,1419
Rap,Juice WRLD,The Bees Knees,69,0.152,0.431,325810,0.711,0.0,C,0.787,-4.656,Major,0.0602,140.022,4/4,0.319,1495
Rap,Juice WRLD,10 Feet,69,0.501,0.674,212312,0.676,0.00135,F#,0.373,-7.677,Minor,0.233,103.997,4/4,0.549,1521
Rap,Travis Scott,CAN'T SAY,82,0.201,0.702,198408,0.708,0.0,A#,0.118,-5.366,Minor,0.0547,147.98,4/4,0.713,1553
Rap,Lil Uzi Vert,The Way Life Goes (feat. Oh Wonder),80,0.617,0.703,221747,0.757,0.0,C#,0.106,-3.612,Major,0.05,82.008,4/4,0.696,1420
Rap,Cardi B,Bodak Yellow,81,0.0659,0.926,223713,0.703,0.0,B,0.231,-6.337,Minor,0.103,125.022,4/4,0.485,1526
Rap,Post Malone,Stay,82,0.414,0.479,204427,0.468,0.0,F,0.148,-5.396,Major,0.0274,85.913,4/4,0.35,1456
Rap,Post Malone,Go Flex,83,0.228,0.665,179613,0.498,0.0,F,0.0757,-8.185,Major,0.0831,81.967,4/4,0.127,1423
Rap,A Boogie Wit da Hoodie,Drowning (feat. Kodak Black),81,0.501,0.839,209269,0.81,0.0,F,0.117,-5.274,Minor,0.0568,129.014,4/4,0.814,1430
Rap,Pardison Fontaine,Backin' It Up (feat. Cardi B),79,0.0886,0.796,190466,0.68,0.0,A#,0.268,-4.853,Minor,0.353,164.932,4/4,0.565,1443
Rap,Post Malone,Ball For Me (feat. Nicki Minaj),81,0.493,0.792,206267,0.56,0.0,A,0.0849,-4.125,Major,0.225,134.044,4/4,0.505,1438
Rap,6ix9ine,WAKA (feat. A Boogie Wit da Hoodie),80,0.0834,0.772,128769,0.812,0.0,C,0.115,-3.995,Minor,0.153,97.407,4/4,0.655,1429
Rap,Trippie Redd,Taking A Walk,80,0.68,0.767,121680,0.538,0.0,C,0.192,-6.044,Minor,0.052,81.031,4/4,0.343,1475
Rap,Kanye West,Gold Digger,80,0.0223,0.638,207627,0.699,0.0,C#,0.0917,-5.54,Minor,0.384,92.939,4/4,0.66,1455
Rap,Trippie Redd,Shake It Up,79,0.128,0.776,116681,0.608,0.0,A#,0.0932,-6.478,Minor,0.104,156.025,4/4,0.402,1432
Rap,Travis Scott,NO BYSTANDERS,78,0.0204,0.731,218284,0.811,0.0,C#,0.411,-3.225,Major,0.0712,147.045,4/4,0.426,1530
Rap,XXXTENTACION,Carry On,80,0.768,0.735,129720,0.197,0.000276,D#,0.296,-13.378,Minor,0.537,147.899,4/4,0.383,1528
Rap,Cardi B,Bartier Cardi (feat. 21 Savage),78,0.00111,0.908,224285,0.524,0.000678,C#,0.383,-7.955,Major,0.181,138.015,4/4,0.109,1452
Rap,Travis Scott,SICKO MODE - Skrillex Remix,80,0.0214,0.651,304512,0.833,0.0,C#,0.14,-3.356,Major,0.172,155.051,4/4,0.443,1440
Rap,Lil Uzi Vert,Dark Queen,76,0.222,0.747,173419,0.606,0.0,E,0.281,-5.286,Major,0.172,155.055,4/4,0.2,1535
Rap,Lil Uzi Vert,20 Min,75,0.109,0.773,220587,0.75,0.0,G#,0.174,-4.009,Minor,0.117,123.426,4/4,0.783,1459
Rap,Post Malone,Spoil My Night (feat. Swae Lee),79,0.337,0.669,194560,0.675,1.5e-05,C#,0.109,-2.869,Major,0.0337,160.911,4/4,0.262,1542
Rap,Polo G,Pop Out (feat. Lil TJay),76,0.121,0.861,166640,0.621,0.0,C#,0.0689,-7.106,Major,0.362,83.976,4/4,0.254,1554
Rap,6ix9ine,BEBE (feat. Anuel Aa),88,0.172,0.635,217822,0.902,0.0,C,0.125,-3.559,Major,0.109,102.063,4/4,0.286,1462
Rap,Travis Scott,Antidote,77,0.00767,0.713,262693,0.526,0.000148,C#,0.124,-5.046,Major,0.032,131.05,4/4,0.131,1546
Rap,Travis Scott,WAKE UP,77,0.192,0.741,231964,0.645,0.0,B,0.163,-5.116,Minor,0.0963,149.07,4/4,0.488,1460
Rap,Lil Uzi Vert,Sauce It Up,74,0.0715,0.813,207039,0.528,0.0,F#,0.125,-6.305,Minor,0.313,79.532,4/4,0.131,1486
Rap,Blueface,Respect My Cryppin’,74,0.157,0.827,141037,0.419,0.0,G#,0.0886,-9.291,Major,0.452,95.67,4/4,0.192,1471
Rap,A Boogie Wit da Hoodie,Just Like Me (feat. Young Thug),77,0.156,0.774,220888,0.623,0.0,F,0.0955,-7.871,Major,0.245,128.661,5/4,0.393,1457
Rap,The Weeknd,Starboy,85,0.141,0.678,230453,0.588,6.35e-06,G,0.137,-7.015,Major,0.276,186.005,4/4,0.486,1461
Rap,6ix9ine,TATI (feat. DJ SpinKing),78,0.00214,0.779,154565,0.767,0.0,B,0.102,-5.462,Minor,0.258,91.981,4/4,0.523,1532
Rap,Post Malone,Zack And Codeine,77,0.143,0.742,204360,0.84,0.0,F,0.133,-5.198,Minor,0.0471,138.032,4/4,0.287,1512
Rap,6ix9ine,BILLY,79,0.175,0.764,112667,0.711,0.0,E,0.105,-3.818,Minor,0.288,90.076,4/4,0.774,1497
Rap,Travis Scott,5% TINT,74,0.173,0.712,196138,0.481,0.0,E,0.241,-5.415,Minor,0.0487,140.0,4/4,0.062,1517
Rap,Kanye West,Ghost Town,74,0.0969,0.573,271387,0.545,0.0,G,0.329,-4.247,Minor,0.0288,83.378,4/4,0.297,1519
Rap,Juice WRLD,Used To,74,0.0963,0.631,176443,0.709,0.0,D,0.376,-4.666,Major,0.0505,84.504,4/4,0.2,1558
Rap,YBN Nahmir,Bounce Out With That,75,0.033,0.865,97344,0.624,0.0,G#,0.0984,-8.224,Major,0.103,94.94,4/4,0.396,1539
Rap,Juice WRLD,I'm Still,73,0.0811,0.631,192859,0.672,0.0,B,0.154,-4.583,Major,0.0347,119.948,4/4,0.282,1449
Rap,Post Malone,Otherside,76,0.354,0.645,228227,0.657,5.17e-06,A,0.213,-5.688,Minor,0.0334,104.931,4/4,0.136,1427
Rap,Travis Scott,WHO? WHAT!,74,0.0462,0.834,176720,0.731,0.0,A#,0.0731,-5.603,Minor,0.0566,140.001,4/4,0.681,1522
Rap,Kanye West,Famous,75,0.0602,0.474,196040,0.741,0.0,F#,0.115,-3.69,Major,0.111,174.1,4/4,0.402,1538
Rap,A Boogie Wit da Hoodie,Jungle,74,0.308,0.538,174192,0.52,0.0,G,0.214,-11.063,Minor,0.737,180.274,4/4,0.551,1484
Rap,Post Malone,Blame It On Me,76,0.135,0.651,261800,0.587,1.07e-05,B,0.149,-7.307,Minor,0.0421,121.838,4/4,0.317,1474
Rap,Kina,Get You The Moon (feat. Snøw),80,0.72,0.498,179080,0.235,0.0,C#,0.144,-16.541,Minor,0.188,118.917,4/4,0.0895,1444
Rap,Kanye West,Ultralight Beam,72,0.637,0.596,320680,0.393,0.0,G#,0.539,-8.714,Major,0.383,107.425,4/4,0.36,1511
Rap,The Weeknd,Call Out My Name,83,0.211,0.449,228373,0.599,0.0,C#,0.327,-4.892,Major,0.0369,134.144,3/4,0.165,1510
Rap,Travis Scott,NC-17,73,0.0678,0.804,156886,0.763,0.0,D,0.368,-5.48,Major,0.0519,136.052,4/4,0.0585,1503
Rap,Trippie Redd,Can't Love,73,0.00244,0.842,169412,0.567,1.89e-05,E,0.168,-6.504,Minor,0.0525,135.991,4/4,0.256,1425
Rap,Travis Scott,through the late night,72,0.36,0.744,286236,0.589,0.0,F,0.119,-1.218,Minor,0.0359,127.051,4/4,0.242,1448
Rap,Lil Dicky,$ave Dat Money (feat. Fetty Wap & Rich Homie Quan),71,0.114,0.858,290836,0.697,0.0,D,0.224,-5.361,Major,0.23,98.012,4/4,0.364,1424
Rap,Quinn XCII,Tough (feat. Noah Kahan),71,0.388,0.729,178133,0.57,0.0,A#,0.111,-7.047,Major,0.0554,93.125,4/4,0.687,1556
Rap,Trippie Redd,Toxic Waste,72,0.0555,0.728,173129,0.517,1.95e-06,G#,0.107,-11.404,Major,0.0629,111.974,4/4,0.379,1533
Rap,Kanye West,Flashing Lights,68,0.0315,0.634,237507,0.649,0.0,F#,0.482,-7.505,Minor,0.0486,90.482,4/4,0.509,1464
Rap,Kanye West,Monster,72,0.00244,0.628,378893,0.692,0.013,D,0.668,-5.64,Major,0.202,124.791,5/4,0.0964,1468
Rap,Cardi B,Get Up 10,71,0.0977,0.806,231453,0.57,0.0,C#,0.105,-6.927,Major,0.246,93.015,4/4,0.454,1472
Rap,Bryce Vine,La La Land (feat. YG),69,0.223,0.781,177118,0.469,0.0,C#,0.19,-5.107,Minor,0.0569,98.013,4/4,0.412,1434
Rap,Roddy Ricch,Down Below,72,0.036,0.926,224002,0.454,0.000422,F#,0.0896,-9.932,Major,0.0732,119.969,4/4,0.34,1508
Rap,Lil Uzi Vert,7am,67,0.275,0.638,219712,0.526,0.0,G,0.462,-8.401,Major,0.131,139.054,4/4,0.301,1543
Rap,Blueface,Freak Bitch,68,0.392,0.877,105626,0.542,0.0,A,0.218,-9.789,Major,0.485,99.962,4/4,0.407,1483
Hip-Hop,LunchMoney Lewis,Bills,62,0.274,0.699,204600,0.747,0.0,F,0.486,-3.453,Major,0.0964,126.001,4/4,0.683,914
Hip-Hop,Daddy Yankee,Pose,67,0.0407,0.806,217227,0.887,2.03e-05,F#,0.364,-3.51,Major,0.0909,117.031,4/4,0.443,982
Hip-Hop,De La Ghetto,Sensacion Del Bloque,67,0.0977,0.709,182187,0.726,0.0,G,0.301,-7.129,Major,0.0411,92.006,4/4,0.404,935
Hip-Hop,Aventura,Su Veneno,62,0.401,0.764,240707,0.574,0.0,A,0.11,-9.475,Minor,0.042,123.928,4/4,0.931,792
Hip-Hop,Ayo Jay,Your Number,63,0.534,0.588,204081,0.61,0.0,A,0.303,-5.008,Minor,0.234,99.926,4/4,0.645,1074
Hip-Hop,Paulo Londra,Dímelo,74,0.0563,0.832,212444,0.71,0.0,D,0.086,-5.541,Major,0.231,135.107,4/4,0.373,1295
Hip-Hop,Mach & Daddy,La Botella,67,0.217,0.746,179213,0.787,4.26e-05,C,0.0915,-4.443,Major,0.0453,117.99,4/4,0.917,1176
Hip-Hop,Kevin Roldan,Pa Tu Casa,68,0.344,0.734,291453,0.66,0.0,F#,0.0591,-4.49,Major,0.11,159.871,4/4,0.649,1139
Hip-Hop,Canserbero,Es Épico,69,0.448,0.665,361979,0.816,0.0,C,0.297,-6.753,Major,0.266,93.37,4/4,0.745,902
Hip-Hop,J Alvarez,La Pregunta,64,0.0688,0.739,269592,0.643,0.0,G#,0.0789,-6.348,Minor,0.15,172.048,4/4,0.834,767
Hip-Hop,NSG,Options,81,0.387,0.836,240082,0.621,9.16e-05,C#,0.104,-4.685,Minor,0.0892,101.995,4/4,0.762,1358
Hip-Hop,Canserbero,Jeremías 17-5,68,0.157,0.644,318328,0.791,0.0,F,0.314,-4.587,Major,0.273,91.753,4/4,0.408,1081
Hip-Hop,Nengo Flow,Hoy (feat. Bad Bunny),62,0.23,0.675,234272,0.681,0.0,F,0.132,-4.495,Minor,0.151,141.87,4/4,0.553,1324
Hip-Hop,Snoop Dogg,Beautiful,65,0.299,0.893,299147,0.74,0.0,B,0.0881,-4.936,Minor,0.132,101.025,4/4,0.963,963
Hip-Hop,Noriel,KaRma,64,0.325,0.668,180507,0.536,0.0,F,0.142,-8.501,Major,0.124,145.918,4/4,0.136,1204
Hip-Hop,B Young,079ME,70,0.404,0.629,211853,0.601,0.0,A#,0.0582,-7.508,Minor,0.309,199.921,4/4,0.612,1039
Hip-Hop,Nigga,Te Quiero,62,0.00533,0.609,198947,0.743,0.0,C#,0.32,-5.603,Major,0.032,83.969,4/4,0.493,892
Hip-Hop,Beret,Lo siento,77,0.576,0.419,229939,0.407,0.0,B,0.138,-9.011,Minor,0.0446,79.839,4/4,0.309,733
Hip-Hop,Kontra K,Warnung,76,0.0453,0.718,194307,0.79,0.0,F#,0.0739,-4.861,Minor,0.129,151.072,4/4,0.605,723
Hip-Hop,Tekno,Pana,62,0.305,0.553,242893,0.553,0.0581,F#,0.0715,-6.818,Minor,0.305,72.949,3/4,0.664,988
Hip-Hop,A.R. Rahman,Jai Ho! (You Are My Destiny),64,0.0548,0.653,222400,0.942,1.06e-06,G#,0.0699,-3.858,Minor,0.0609,136.198,4/4,0.895,1036
Hip-Hop,Nicky Jam,Hasta el Amanecer (feat. Daddy Yankee) - The Remix,62,0.258,0.823,188467,0.721,0.0,F#,0.0593,-5.164,Minor,0.0408,93.976,4/4,0.669,1188
Hip-Hop,Shakka,Man Down (feat. AlunaGeorge),69,0.299,0.726,211212,0.665,0.0,F,0.179,-5.611,Minor,0.0722,104.239,4/4,0.807,1132
Hip-Hop,Alexis y Fido,5 Letras,65,0.217,0.815,196573,0.768,1.69e-06,F#,0.0632,-6.276,Minor,0.171,93.971,4/4,0.667,699
Hip-Hop,Baby Rasta & Gringo,Me Niegas,64,0.0226,0.679,201947,0.713,0.17,G#,0.239,-6.625,Major,0.0499,173.995,4/4,0.882,859
Hip-Hop,Jhay Cortez,Somos Iguales,66,0.156,0.781,234760,0.72,0.0,B,0.11,-4.267,Major,0.0535,90.997,4/4,0.634,887
Hip-Hop,Alexis y Fido,Dale ParaTra,67,0.0395,0.755,170440,0.96,2.43e-05,E,0.332,-3.189,Minor,0.123,99.023,4/4,0.661,1394
Hip-Hop,Paulo Londra,Condenado Para El Millón,72,0.00621,0.54,224170,0.724,0.0,E,0.381,-5.276,Minor,0.28,149.793,4/4,0.184,957
Hip-Hop,Dharius,La Durango,65,0.303,0.855,250253,0.87,0.0,C#,0.376,-4.304,Major,0.226,82.009,4/4,0.777,1053
Hip-Hop,Casa De Leones,Shorty,62,0.096,0.796,246080,0.866,0.00025,A#,0.0561,-6.087,Minor,0.0595,94.991,4/4,0.877,716
Hip-Hop,Cartel De Santa,Desde Cuándo,62,0.124,0.621,215653,0.916,0.0,A,0.118,-4.013,Minor,0.356,163.313,4/4,0.716,1000
Hip-Hop,Gyptian,Wine Slow,63,0.693,0.615,154671,0.557,0.0,G#,0.16,-8.698,Major,0.286,119.845,5/4,0.425,747
Hip-Hop,MC Davo,Desde Cero (feat. Santa Fe Klan),68,0.0537,0.859,193421,0.698,0.0,A#,0.0278,-5.001,Minor,0.13,75.963,4/4,0.91,917
Hip-Hop,Paulo Londra,Cámara Lenta,70,0.669,0.814,195683,0.56,2.75e-05,A#,0.0993,-6.428,Minor,0.111,130.04,4/4,0.441,1060
Hip-Hop,Cartel De Santa,A Ti Te da Besitos,62,0.245,0.533,194787,0.89,0.0,C#,0.278,-4.787,Major,0.249,84.368,4/4,0.955,1061
Hip-Hop,R.K.M & Ken-Y,Me Matas,64,0.0567,0.775,196360,0.744,0.0,G,0.392,-5.912,Major,0.0916,92.98,4/4,0.581,1352
Hip-Hop,Nicky Jam,Piensas en Mí,66,0.14,0.802,255974,0.766,0.0,A,0.329,-6.045,Minor,0.264,176.109,4/4,0.955,854
Hip-Hop,Aleman,Tantas Veces,67,0.463,0.789,273485,0.719,0.0,G,0.308,-6.099,Major,0.373,81.003,4/4,0.664,819
Hip-Hop,DrefQuila,A fuego,70,0.338,0.828,233813,0.352,0.0,G,0.0981,-6.665,Minor,0.0602,115.938,4/4,0.349,1299
Hip-Hop,Cazzu,C14TORCE II,67,0.337,0.737,196364,0.432,1.39e-06,C#,0.093,-6.473,Minor,0.0336,109.96,4/4,0.19,925
Hip-Hop,Ninho,Goutte d’eau,82,0.678,0.663,157076,0.685,0.0,F,0.122,-6.163,Minor,0.163,137.834,4/4,0.312,964
Hip-Hop,Nova y Jory,Aprovecha (feat. Daddy Yankee),63,0.178,0.624,222240,0.772,0.0,G,0.11,-4.687,Minor,0.165,172.014,4/4,0.589,1127
Hip-Hop,Alexis y Fido,Una En Un Millón,64,0.359,0.865,208840,0.705,0.0,E,0.128,-4.919,Minor,0.059,95.01,4/4,0.555,1277
Hip-Hop,Khea,Screenshot,65,0.483,0.745,204509,0.713,0.0,C#,0.339,-2.0,Minor,0.124,152.925,4/4,0.714,798
Hip-Hop,Reykon,El Chisme,65,0.119,0.723,177799,0.929,0.0,A,0.171,-3.022,Minor,0.106,92.964,4/4,0.812,1265
Hip-Hop,Trebol Clan,Agarrala,65,0.172,0.744,157701,0.921,4.86e-06,A,0.146,-4.521,Minor,0.0889,93.001,4/4,0.718,818
Hip-Hop,Maître Gims,Est-ce que tu m'aimes ? - Pilule Bleue,69,0.235,0.779,237093,0.852,0.0,D,0.212,-3.353,Major,0.0651,119.892,4/4,0.601,1194
Hip-Hop,Paulo Londra,Relax,66,0.786,0.832,233143,0.348,2.65e-05,C#,0.104,-13.025,Minor,0.367,112.969,4/4,0.546,1337
Hip-Hop,Alexis y Fido,Reggaeton Ton,64,0.296,0.859,156747,0.846,0.0,G,0.154,-3.415,Minor,0.205,92.031,4/4,0.739,928
Hip-Hop,Aleman,Reyes del Trapicheo,65,0.304,0.852,173155,0.419,4.17e-06,C#,0.0843,-5.914,Major,0.38,149.898,4/4,0.427,910
Hip-Hop,Kojo Funds,Check (with RAYE),64,0.21,0.41,215573,0.718,0.0,D#,0.079,-6.295,Minor,0.126,94.332,4/4,0.57,1067
Hip-Hop,Skepta,Pure Water,62,0.0256,0.594,187399,0.776,0.0,C,0.144,-4.289,Major,0.287,138.149,4/4,0.402,1378
Indie,The Killers,Mr. Brightside,80,0.00108,0.33,222587,0.936,0.0,C#,0.0926,-3.66,Major,0.0917,148.112,4/4,0.234,1628
Indie,Rex Orange County,Sunflower,80,0.646,0.384,252231,0.765,0.00352,F#,0.522,-4.463,Major,0.0579,129.903,4/4,0.567,1615
Indie,Two Feet,Go Fuck Yourself,80,0.571,0.765,129600,0.327,0.0479,F#,0.0787,-8.029,Major,0.277,74.931,4/4,0.292,1592
Indie,alt-J,Breezeblocks,71,0.096,0.616,227080,0.656,0.000879,F,0.205,-7.298,Major,0.0344,150.071,4/4,0.286,1573
Indie,Ruth B.,Lost Boy,78,0.965,0.71,275280,0.0565,0.0,G,0.0889,-15.099,Major,0.0534,123.994,4/4,0.348,1629
Indie,Olivia O'Brien,hate u love u,80,0.71,0.401,175467,0.398,0.0,F#,0.0962,-8.993,Minor,0.183,180.293,4/4,0.265,1680
Indie,Rex Orange County,Corduroy Dreams,74,0.653,0.61,206975,0.305,0.0,E,0.103,-14.037,Major,0.053,113.818,4/4,0.222,1709
Indie,Sasha Sloan,Older,68,0.725,0.581,184893,0.298,0.0,B,0.116,-9.54,Major,0.0698,63.761,4/4,0.168,1638
Indie,The Walters,I Love You So,70,0.65,0.578,160254,0.669,0.0,A#,0.13,-4.898,Major,0.0377,75.995,4/4,0.503,1684
Indie,Tyler Childers,Feathered Indians,68,0.75,0.536,224947,0.574,0.00277,G,0.105,-6.705,Major,0.0254,87.194,4/4,0.877,1631
Indie,boy pablo,Everytime,71,0.0252,0.431,172941,0.669,0.0433,D,0.117,-10.065,Major,0.035,203.906,4/4,0.855,1708
Indie,No Rome,Narcissist (feat. The 1975),74,0.219,0.543,195502,0.682,1.53e-06,D#,0.085,-5.81,Major,0.112,179.972,4/4,0.424,1692
Indie,The Killers,When You Were Young,75,0.000152,0.467,220427,0.988,0.0484,B,0.28,-3.313,Major,0.112,130.435,4/4,0.321,1576
Indie,FRENSHIP,Capsize,76,0.0398,0.683,237707,0.708,0.155,F,0.686,-6.244,Minor,0.0305,92.991,4/4,0.355,1701
Indie,Banes World,You Say I'm in Love,69,0.427,0.623,176761,0.285,0.00278,C#,0.189,-16.687,Minor,0.0538,140.028,4/4,0.343,1625
Indie,Anna Clendening,Boys Like You - Acoustic,71,0.928,0.477,238576,0.128,0.0,D,0.0875,-14.567,Major,0.0707,88.917,4/4,0.38,1643
Indie,Goody Grace,Two Shots (feat. gnash),67,0.0542,0.768,179915,0.408,0.0,E,0.106,-8.551,Minor,0.0714,129.96,4/4,0.0905,1694
Indie,boy pablo,Feeling Lonely,69,0.014,0.635,197947,0.537,3.72e-05,F#,0.103,-10.45,Minor,0.0536,117.942,4/4,0.885,1645
Indie,Gus Dapperton,"Prune, You Talk Funny",66,0.0177,0.57,212701,0.75,0.00247,A#,0.197,-7.193,Minor,0.0383,140.063,4/4,0.578,1602
Indie,EDEN,drugs,69,0.601,0.484,338333,0.444,0.0,E,0.238,-6.935,Minor,0.0636,144.208,4/4,0.226,1687
Indie,The Kooks,Naive,64,0.0688,0.547,203507,0.816,0.0,G#,0.127,-6.165,Minor,0.0624,102.765,4/4,0.722,1706
Indie,Her's,Cool with You,66,0.0124,0.533,375656,0.613,0.000684,C,0.299,-6.773,Major,0.0495,106.946,4/4,0.554,1612
Indie,Sam Tinnesz,Play With Fire (feat. Yacht Money),69,0.0162,0.573,180691,0.539,1.16e-05,D,0.105,-6.091,Minor,0.0322,75.012,4/4,0.39,1711
Indie,gianni & kyle,5 shots,68,0.135,0.919,181710,0.45,0.0,C#,0.0577,-5.737,Major,0.0688,91.976,4/4,0.448,1600
Indie,Rex Orange County,A Song About Being Sad,69,0.891,0.568,136000,0.263,0.0,F,0.183,-13.51,Major,0.101,111.86,4/4,0.244,1655
Indie,Mac DeMarco,Still Beating,67,0.581,0.709,181587,0.496,0.195,C#,0.151,-10.528,Minor,0.0417,78.477,4/4,0.469,1614
Indie,The Marías,Only in My Dreams,66,0.405,0.519,170893,0.498,0.0965,A#,0.0999,-11.604,Major,0.0295,143.931,4/4,0.275,1593
Indie,boy pablo,"Dance, Baby!",67,0.0367,0.602,198000,0.601,0.00459,A,0.312,-8.521,Major,0.0411,122.013,4/4,0.858,1597
Indie,Summer Salt,Candy Wrappers,65,0.696,0.692,194418,0.546,0.415,F,0.302,-7.33,Major,0.0262,95.042,4/4,0.483,1678
Indie,khai dreams,Lost in You,68,0.334,0.771,101000,0.607,0.0,F,0.122,-12.02,Minor,0.113,90.035,4/4,0.79,1585
Indie,Elohim,Sleepy Eyes,68,0.051,0.608,202887,0.736,0.0,F#,0.215,-6.7,Major,0.165,97.038,4/4,0.489,1605
Indie,Whethan,Good Nights (feat. Mascolo),67,0.443,0.849,165618,0.483,0.000141,F#,0.0786,-7.114,Minor,0.291,101.015,4/4,0.282,1575
Indie,The xx,Intro,66,0.459,0.617,127920,0.778,0.925,A,0.128,-8.871,Minor,0.027,100.363,4/4,0.152,1635
Indie,Tyler Childers,Nose On The Grindstone,64,0.761,0.488,204000,0.281,0.0,A#,0.13,-11.043,Major,0.0555,150.028,3/4,0.402,1622
Indie,FLETCHER,I Believe You,67,0.219,0.46,192993,0.498,0.00329,F,0.099,-6.312,Major,0.0282,76.902,4/4,0.154,1572
Indie,Mac DeMarco,Salad Days,67,0.0876,0.43,145893,0.771,0.0239,F,0.121,-7.176,Major,0.0375,201.001,4/4,0.772,1676
Indie,Carlie Hanson,Only One,69,0.257,0.497,190732,0.486,0.0,G#,0.0908,-5.89,Major,0.241,93.955,3/4,0.668,1609
Indie,Louis The Child,It's Strange (feat. K.Flay),65,0.371,0.837,245581,0.492,0.0401,C,0.102,-7.792,Major,0.354,85.951,4/4,0.417,1649
Indie,bülow,Two Punks In Love,71,0.881,0.498,195347,0.418,0.0,C,0.113,-6.294,Major,0.0539,190.078,4/4,0.796,1634
Indie,Alextbh,Stoop So Low,65,0.669,0.46,197938,0.398,0.0,E,0.109,-9.074,Minor,0.0421,95.852,4/4,0.335,1632
Indie,Mac DeMarco,Freaking Out the Neighborhood,66,0.0639,0.565,173889,0.832,0.0291,G#,0.386,-5.751,Minor,0.108,143.302,4/4,0.847,1702
Indie,Christian Leave,Can't Help Falling in Love,66,0.983,0.608,135714,0.269,1.96e-06,C,0.337,-7.201,Major,0.0329,126.372,3/4,0.389,1670
Indie,Kid Bloom,Different State of Mind,64,0.715,0.658,225532,0.393,0.209,B,0.173,-9.96,Major,0.0363,141.037,4/4,0.74,1583
Indie,Louis The Child,Last To Leave (feat. Caroline Ailin),65,0.052,0.753,180148,0.602,0.000249,C,0.102,-6.326,Major,0.149,94.056,4/4,0.555,1699
Indie,Crumb,Locket,65,0.758,0.393,318379,0.481,0.73,C#,0.0869,-10.462,Major,0.0273,98.462,4/4,0.0763,1564
Indie,Vansire,Nice to See You,65,0.42,0.539,181678,0.535,0.632,C#,0.263,-9.717,Major,0.0319,78.885,4/4,0.352,1642
Indie,Magic City Hippies,Limestone,62,0.282,0.706,209165,0.457,0.00849,E,0.0614,-9.359,Major,0.0383,78.014,4/4,0.723,1618
Indie,Quinn XCII,Sad Still,64,0.055,0.711,184920,0.673,0.0,G#,0.064,-6.305,Major,0.32,177.016,4/4,0.673,1591
Indie,Asher Roth,I Love College,64,0.107,0.708,241933,0.815,0.0,G#,0.326,-4.044,Major,0.25,86.493,4/4,0.657,1653
Indie,Loving,"A Long Slow Little Wave / Citizen, an Activity",64,0.505,0.577,153256,0.447,0.951,B,0.171,-9.709,Minor,0.0273,79.382,4/4,0.244,1562
Indie,Quinn XCII,Matches,63,0.457,0.711,203773,0.431,1.75e-05,E,0.223,-8.572,Major,0.0889,85.996,4/4,0.297,1691
Indie,Clairo,Heaven,64,0.224,0.733,233871,0.262,4.79e-06,C,0.105,-13.766,Major,0.028,135.497,3/4,0.444,1601
Indie,Gus Dapperton,My Favorite Fish,63,0.322,0.647,215676,0.65,0.0,F,0.34,-3.848,Minor,0.0449,74.0,4/4,0.677,1658
Indie,Big Wild,When I Get There,64,0.000196,0.694,220000,0.483,0.557,C,0.134,-7.157,Major,0.0359,96.029,4/4,0.132,1621
Indie,City of the Sun,Perfect Instance,65,0.727,0.481,253061,0.256,0.816,F,0.114,-14.291,Minor,0.0284,104.112,3/4,0.0383,1664
Indie,NIKI,I Like U,65,0.071,0.48,267733,0.526,0.0,F,0.0879,-7.099,Major,0.275,199.662,3/4,0.374,1639
Indie,ROZES,Halfway There,67,0.0435,0.591,207920,0.743,0.000731,C,0.362,-4.245,Minor,0.0456,160.019,4/4,0.251,1598
Indie,Mellow Fellow,Dancing,64,0.736,0.375,282671,0.474,9.75e-05,G#,0.287,-7.856,Minor,0.0308,101.976,4/4,0.392,1682
Indie,Inner Wave,Eclipse,63,0.394,0.644,183633,0.748,0.91,E,0.358,-7.241,Minor,0.0291,120.007,4/4,0.732,1667
Indie,Mild High Club,Homage,63,0.153,0.546,177493,0.468,0.00257,F,0.321,-8.167,Major,0.0287,73.372,4/4,0.416,1577
Indie,Temporex,Nice Boys,64,0.495,0.546,180846,0.669,0.735,D,0.25,-10.806,Major,0.103,75.144,4/4,0.337,1710
Indie,Louis The Child,Love Is Alive (feat. Elohim),64,0.701,0.676,170611,0.5,0.0,G#,0.596,-6.878,Major,0.0412,97.863,4/4,0.915,1620
Indie,ayokay,Kings of Summer - Single Version,64,0.222,0.734,207881,0.661,2.18e-06,B,0.201,-6.705,Major,0.0356,134.93,4/4,0.253,1578
Indie,Alex Newell,Kill The Lights (with Nile Rodgers) - Audien Remix,62,0.0837,0.647,224762,0.879,1.98e-06,G,0.538,-0.93,Major,0.0831,126.042,4/4,0.427,1651
Indie,slenderbodies,anemone,64,0.884,0.854,228062,0.631,0.00999,B,0.202,-8.197,Minor,0.0452,119.986,4/4,0.609,1565
Indie,The Growlers,Dope on a Rope,62,0.00132,0.421,250252,0.91,0.0,G,0.357,-3.724,Major,0.1,146.024,4/4,0.723,1582
Indie,Jeremy Passion,Lemonade - Ukulele Version,66,0.868,0.546,181505,0.221,0.0,D,0.0994,-8.915,Major,0.063,128.144,4/4,0.593,1580
Indie,Goody Grace,Girls in the Suburbs Singing Smiths Songs (feat. G-Eazy),62,0.439,0.564,189027,0.356,0.0,A,0.0979,-13.448,Major,0.387,61.638,4/4,0.496,1681
Indie,Crumb,Plants,62,0.607,0.494,191904,0.406,0.53,B,0.122,-10.725,Minor,0.0416,81.067,4/4,0.219,1704
Indie,Quinn XCII,Iron & Steel,63,0.483,0.79,203653,0.49,0.0,F,0.201,-5.097,Major,0.0942,140.202,4/4,0.577,1654
Indie,Quinn XCII,Intro (Slow),62,0.629,0.401,158040,0.325,2.12e-06,D,0.103,-13.575,Major,0.068,84.628,4/4,0.209,1579
Indie,Peach Pit,Tommy's Party,62,0.122,0.565,361760,0.438,0.0469,G,0.108,-8.722,Major,0.0311,133.949,4/4,0.211,1596
Indie,Bryce Vine,Glamorama,62,0.254,0.685,191053,0.605,0.0,D,0.113,-6.481,Minor,0.0755,154.093,4/4,0.493,1627
Indie,Said the Sky,Just Us,65,0.194,0.751,162945,0.581,0.0,G,0.0982,-4.541,Major,0.0553,108.967,4/4,0.334,1640
Indie,Mellow Fellow,How Was Your Day?,62,0.0472,0.447,188787,0.442,0.000559,G#,0.331,-11.221,Minor,0.0471,159.967,4/4,0.776,1630
Indie,Said the Sky,All I Got,64,0.158,0.325,315724,0.578,0.00479,D,0.575,-6.786,Major,0.0455,144.745,4/4,0.103,1610
Indie,Samm Henshaw,Broke,66,0.433,0.751,207722,0.684,5.92e-06,C#,0.18,-4.325,Major,0.303,89.984,4/4,0.864,1589
Indie,SALES,Big Sis,63,0.876,0.825,166400,0.482,0.209,D,0.101,-8.29,Major,0.0378,99.991,4/4,0.338,1568
Indie,Noah Kahan,Hurt Somebody (With Julia Michaels),77,0.338,0.633,168640,0.559,0.0,F#,0.262,-5.135,Major,0.313,114.983,4/4,0.473,1619
Indie,Jai Wolf,Starlight,62,0.00601,0.312,223059,0.72,0.0337,A,0.0936,-5.511,Major,0.0338,170.071,4/4,0.119,1584
Indie,Litany,Bedroom,63,0.0358,0.692,186781,0.452,0.0,F#,0.157,-8.18,Major,0.116,184.876,4/4,0.623,1656
Indie,Oliver Riot,Alcatraz,62,0.644,0.589,268311,0.453,0.000372,E,0.0557,-10.039,Minor,0.0302,79.984,4/4,0.119,1703
Indie,Yuno,No Going Back,62,0.0114,0.714,208200,0.713,0.0183,D,0.0608,-5.52,Minor,0.027,93.006,4/4,0.9,1693
Indie,Eves Karydas,Further Than The Planes Fly,65,0.0466,0.567,178500,0.487,0.000739,C,0.121,-6.634,Major,0.0243,83.015,4/4,0.254,1668
Indie,Raheem DeVaughn,Don't Come Easy,66,0.862,0.68,203639,0.381,3.72e-06,B,0.0985,-10.084,Minor,0.225,71.448,4/4,0.215,1665
Indie,The Mayries,Rockabye - Acoustic Version,74,0.914,0.528,157467,0.291,0.0,A#,0.121,-9.696,Major,0.0401,76.805,4/4,0.355,1659
Indie,Chase Atlantic,Into It,63,0.0503,0.518,196767,0.572,2.41e-05,A#,0.129,-6.706,Minor,0.0416,130.053,4/4,0.291,1647
Indie,Gavin Mikhail,"The Night We Met (from ""13 Reasons Why"")",69,0.938,0.394,177477,0.33,0.0,D#,0.116,-8.117,Major,0.0497,84.262,5/4,0.204,1688
Indie,L'Impératrice,Vanille fraise,65,0.0399,0.767,238183,0.547,0.485,G,0.0949,-11.458,Minor,0.0474,103.03,4/4,0.66,1581
Indie,Oh Wonder,Technicolour Beat,65,0.633,0.599,180120,0.36,5.44e-05,F,0.0849,-10.347,Minor,0.032,130.029,4/4,0.0956,1698
Indie,This Band,Kahit Ayaw Mo Na,81,0.341,0.662,243015,0.529,0.000208,D,0.105,-8.539,Major,0.0351,127.584,4/4,0.424,1712
Indie,Men I Trust,Lauren,64,0.777,0.762,218211,0.503,0.17,A,0.115,-9.397,Minor,0.0308,96.999,4/4,0.558,1616
Indie,Anson Seabra,Robin Hood,65,0.952,0.634,221538,0.153,0.0,E,0.134,-14.409,Major,0.0622,77.77,4/4,0.318,1571
Indie,Noah Kahan,Mess,66,0.173,0.589,212827,0.844,0.0,A#,0.076,-3.925,Major,0.0626,81.945,4/4,0.562,1633
Indie,The Killers,Run For Cover,67,0.0016,0.466,222147,0.951,0.00242,F,0.351,-3.315,Major,0.126,165.108,4/4,0.499,1604
Indie,Arctic Monkeys,Four Out Of Five,66,0.0626,0.601,312347,0.863,0.0,C,0.0717,-4.31,Major,0.0685,130.189,4/4,0.676,1559
Indie,Luke Christopher,Lot to Learn,69,0.0948,0.405,248337,0.846,0.0,F#,0.0666,-3.57,Major,0.195,82.232,4/4,0.602,1695
Indie,DOPE LEMON,Marinade,63,0.242,0.677,237961,0.74,0.0146,D,0.105,-6.528,Major,0.0243,110.193,4/4,0.679,1607
Indie,Dardust,Birth - Acoustic Version,62,0.966,0.243,260143,0.225,0.586,D,0.0958,-14.001,Minor,0.0358,86.6,5/4,0.0785,1624
Indie,Two Feet,Her Life,65,0.288,0.74,168000,0.415,0.534,C,0.103,-11.429,Major,0.0594,89.997,4/4,0.153,1662
Indie,I Belong to the Zoo,Sana,80,0.701,0.66,277099,0.373,0.0,G,0.226,-7.874,Major,0.029,126.887,4/4,0.348,1588
Indie,Elephante,Catching On,62,0.23,0.626,227083,0.762,0.0,C,0.147,-3.627,Minor,0.0458,99.968,4/4,0.637,1574
Indie,Whethan,High (& Dua Lipa),70,0.0922,0.708,196707,0.552,0.0,A#,0.0541,-5.552,Minor,0.21,147.834,4/4,0.686,1567
Indie,Kings of Leon,Pyro,66,0.00757,0.365,250533,0.606,0.052,C#,0.103,-7.174,Minor,0.0415,114.995,4/4,0.191,1663
Indie,Jasmine Thompson,You Are My Sunshine,64,0.904,0.494,157869,0.215,0.0,D,0.109,-10.092,Major,0.0321,124.057,4/4,0.313,1590
Indie,Rhys,Too Good To Be True,71,0.0991,0.669,201173,0.656,0.0,C,0.268,-7.1,Major,0.112,102.062,4/4,0.592,1672
Indie,Oh Wonder,Without You,64,0.249,0.636,224740,0.485,2.96e-06,B,0.107,-7.138,Minor,0.0661,86.979,4/4,0.266,1700
Indie,Grace Grundy,Eastside,62,0.898,0.612,169428,0.267,0.0,F#,0.153,-9.289,Minor,0.0395,77.914,4/4,0.66,1686
Indie,Vera Blue,All The Pretty Girls,68,0.415,0.708,202628,0.591,0.0,B,0.117,-5.825,Major,0.0348,120.976,4/4,0.618,1617
Indie,Fitz and The Tantrums,Let Me Love You - Recorded at Spotify Studios NYC,62,0.806,0.57,221362,0.363,3.38e-06,D,0.102,-6.606,Major,0.0493,97.444,4/4,0.359,1587
Indie,Lazy Weekends,Make You Remember,63,0.395,0.746,213760,0.496,0.0,F,0.0898,-4.796,Major,0.0826,139.933,4/4,0.849,1669
Indie,James Smith,Tell Me That You Love Me,67,0.402,0.536,194659,0.317,0.0,F#,0.11,-8.752,Major,0.0359,143.89,4/4,0.319,1570
Indie,Mokita,Love Alone,62,0.51,0.632,185108,0.454,2.68e-06,G,0.179,-6.996,Major,0.0505,90.024,4/4,0.493,1675
Indie,Whethan,Can't Hide,62,0.0429,0.61,184000,0.69,6.76e-05,D,0.166,-2.656,Minor,0.091,179.944,4/4,0.318,1646
Indie,Jai Wolf,Lost (feat. Chelsea Jade),62,0.0533,0.672,241041,0.647,0.0932,C#,0.122,-6.264,Major,0.0314,99.994,4/4,0.237,1648
Indie,Jasmine Thompson,Like I'm Gonna Lose You,69,0.958,0.398,232339,0.174,4.16e-06,C,0.158,-11.16,Major,0.0364,172.152,3/4,0.153,1569
Indie,Ben&Ben,Kathang Isip,78,0.776,0.491,318814,0.314,4.76e-06,A#,0.152,-8.58,Major,0.0301,126.921,4/4,0.295,1650
Indie,Gerry Cinnamon,Sometimes,68,0.0214,0.638,196600,0.699,0.0,A,0.0739,-6.736,Major,0.0304,149.992,4/4,0.959,1586
Indie,Elina,Here With Me,67,0.681,0.433,196365,0.267,0.0,G,0.0811,-10.419,Major,0.0469,93.072,4/4,0.255,1637
Indie,Jason Walker,Echo,64,0.664,0.403,212640,0.45,7.57e-06,G#,0.0946,-6.314,Major,0.0297,147.694,3/4,0.116,1671
Indie,Kings of Leon,Supersoaker,64,0.00319,0.436,230227,0.871,0.000473,A,0.114,-4.446,Major,0.0384,138.743,4/4,0.71,1707
Indie,Arctic Monkeys,Fireside,64,0.0234,0.538,181049,0.953,0.00126,A,0.113,-5.611,Minor,0.056,100.033,4/4,0.74,1683
Indie,Missy & Blonde,Stay,67,0.766,0.37,178203,0.318,0.0,B,0.307,-6.524,Minor,0.0339,173.521,4/4,0.47,1657
Indie,James TW,When You Love Someone - Acoustic,68,0.803,0.711,210107,0.299,0.0,G,0.116,-8.286,Major,0.0394,125.068,4/4,0.577,1594
Indie,Foals,Exits,65,0.0559,0.483,357419,0.858,0.00107,A,0.514,-2.94,Minor,0.0346,188.055,4/4,0.712,1599
Indie,LEE HI,BREATHE,63,0.784,0.609,288993,0.246,0.0,G#,0.0825,-8.449,Major,0.0376,123.773,4/4,0.371,1603
Indie,Sticky Fingers,Rum Rage,67,0.873,0.594,252300,0.273,0.0,F,0.0895,-9.402,Major,0.0291,131.851,4/4,0.362,1696
Indie,Ben Rector,I Like You,62,0.343,0.657,138518,0.356,1.27e-06,D#,0.11,-11.808,Major,0.0362,78.914,4/4,0.394,1705
Indie,Jósean Log,Chachachá,72,0.791,0.68,215986,0.321,4.67e-06,F,0.125,-10.944,Major,0.0376,110.827,4/4,0.416,1626
Indie,The Killers,Shot At The Night,64,0.0917,0.509,242507,0.803,0.0135,F,0.109,-4.903,Major,0.0558,185.922,4/4,0.239,1636
Indie,Vera Blue,Like I Remember You,64,0.65,0.415,187742,0.334,0.00088,G,0.131,-9.412,Major,0.045,199.895,4/4,0.359,1690
Indie,SOYOU,I Miss You,63,0.901,0.454,169449,0.344,0.0,F,0.129,-6.002,Major,0.0316,133.329,4/4,0.209,1677
Indie,LP,Other People,63,0.0842,0.55,244946,0.677,0.0,B,0.144,-4.679,Major,0.0259,90.992,4/4,0.489,1561
Indie,I Belong to the Zoo,Balang Araw,75,0.395,0.523,288208,0.391,0.0,G,0.142,-9.283,Major,0.0298,139.905,4/4,0.354,1689
Indie,Travis Atreo,Somehow,62,0.622,0.494,225714,0.431,0.0,G#,0.115,-9.608,Major,0.0442,83.95,4/4,0.255,1652
Indie,Missy & Blonde,Swalla - Acoustic Version,63,0.852,0.555,217598,0.309,0.0,C#,0.121,-9.394,Minor,0.0337,134.654,4/4,0.469,1679
Indie,The Wombats,Lemon to a Knife Fight,62,0.000889,0.557,205822,0.849,0.0,A,0.0944,-3.58,Minor,0.0444,149.994,4/4,0.71,1623
Classical,Harold Budd,Olancha Farewell,69,0.992,0.196,138427,0.00687,0.917,G,0.106,-34.255,Major,0.0442,72.125,4/4,0.053,1722
Classical,Wolfgang Amadeus Mozart,"Piano Concerto No. 21 in C Major, K. 467 ""Elvira Madigan"": II. Andante",68,0.982,0.194,433800,0.0324,0.961,F,0.0916,-28.215,Major,0.0382,144.13,4/4,0.0596,1719
Classical,Harold Budd,The Whispers,68,0.995,0.228,163000,0.00385,0.917,A,0.0858,-35.213,Minor,0.0449,141.201,3/4,0.117,1723
Classical,DragonForce,Through The Fire And Flames,63,0.00176,0.113,441560,0.951,0.00718,C,0.334,-4.743,Minor,0.129,200.024,4/4,0.139,1721
Classical,Claude Debussy,Suite bergamasque: Suite bergamasque: III. Clair de lune. Andante très expressif,65,0.993,0.343,279160,0.0252,0.932,C#,0.0454,-27.013,Major,0.0488,67.207,5/4,0.0395,1720
Classical,Ludwig van Beethoven,"Für Elise, WoO 59",65,0.994,0.303,188467,0.108,0.877,A,0.0805,-27.433,Minor,0.0473,126.931,3/4,0.18,1726
Classical,Philip Glass,Etude No. 2,62,0.992,0.235,295560,0.166,0.87,F,0.101,-19.632,Major,0.0347,101.182,4/4,0.0356,1724
Classical,Gustavo Santaolalla,The Choice,63,0.909,0.303,102373,0.00338,0.89,E,0.116,-30.932,Minor,0.0493,50.96,4/4,0.347,1714
Classical,Camille Saint-Saëns,"The Carnival of the Animals, R. 125: XIII. The Swan (Arr. for Cello and Piano)",62,0.986,0.169,174267,0.0161,0.86,A,0.0805,-31.034,Minor,0.0442,128.143,3/4,0.0573,1715
Classical,Erik Satie,Gymnopédie No. 1,62,0.994,0.469,205867,0.0128,0.937,G,0.0941,-36.856,Major,0.119,72.765,3/4,0.354,1725
Classical,Erik Satie,Première Gymnopédie,63,0.995,0.593,204267,0.00543,0.952,G,0.0814,-35.422,Major,0.0699,76.488,3/4,0.314,1717
Classical,Ólafur Arnalds,Doria - Island Songs VII,63,0.992,0.208,202547,0.134,0.934,D#,0.132,-18.42,Major,0.0337,170.241,4/4,0.126,1713
Classical,Howard Shore,Concerning Hobbits,64,0.843,0.488,175040,0.0629,0.406,D,0.133,-21.524,Major,0.0342,104.311,4/4,0.175,1718
Classical,Howard Shore,"The Council of Elrond (feat. ""Aniron) (Theme for Aragorn and Arwen "")",63,0.979,0.104,229107,0.111,0.926,C#,0.11,-20.031,Major,0.0517,83.933,4/4,0.039,1716
Pop,Khalid,Talk,94,0.0501,0.9,197487,0.4,0.0,C,0.0876,-8.443,Major,0.124,136.001,4/4,0.338,2100
Pop,Marshmello,Happier,97,0.191,0.687,214290,0.792,0.0,F,0.167,-2.749,Major,0.0452,100.015,4/4,0.671,1898
Pop,Dean Lewis,Be Alright,92,0.697,0.553,196373,0.586,0.0,B,0.0813,-6.319,Major,0.0362,126.684,4/4,0.443,1741
Pop,Panic! At The Disco,High Hopes,95,0.193,0.579,190947,0.904,0.0,F,0.064,-2.729,Major,0.0618,82.014,4/4,0.681,2209
Pop,Billie Eilish,idontwannabeyouanymore,89,0.737,0.483,203569,0.412,0.0,G,0.116,-8.461,Major,0.0402,170.163,3/4,0.247,2663
Pop,Khalid,Love Lies (with Normani),86,0.0956,0.708,201707,0.648,0.0,F#,0.134,-5.626,Major,0.0449,143.955,4/4,0.338,2470
Pop,Ed Sheeran,Perfect,89,0.163,0.599,263400,0.448,0.0,G#,0.106,-6.312,Major,0.0232,95.05,3/4,0.168,2056
Pop,Billie Eilish,you should see me in a crown,85,0.479,0.697,180567,0.552,0.127,C#,0.147,-10.271,Minor,0.196,75.235,4/4,0.278,2582
Pop,City Girls,Twerk (feat. Cardi B),82,0.122,0.788,166476,0.841,0.0011,E,0.166,-4.006,Minor,0.143,190.089,4/4,0.493,2842
Pop,Maroon 5,Girls Like You (feat. Cardi B),89,0.568,0.851,235545,0.541,0.0,C,0.13,-6.825,Major,0.0505,124.959,4/4,0.448,2750
Pop,Marshmello,FRIENDS,88,0.205,0.626,202621,0.88,0.0,A,0.128,-2.384,Minor,0.0504,95.079,4/4,0.534,2667
Pop,Becky G,Bubalu,89,0.616,0.8,228493,0.355,0.0,F#,0.118,-10.47,Minor,0.0895,145.929,4/4,0.253,2913
Pop,Ed Sheeran,Happier,86,0.536,0.522,207520,0.385,0.0,C,0.135,-7.355,Major,0.0288,89.792,4/4,0.236,2678
Pop,Loud Luxury,Body,83,0.0476,0.752,163216,0.764,9.44e-05,C#,0.0543,-4.399,Major,0.038,121.958,4/4,0.582,2247
Pop,Marshmello,Alone,85,0.0244,0.636,273803,0.953,0.0164,D,0.108,-3.74,Major,0.0353,142.011,4/4,0.397,2935
Pop,John Mayer,New Light,84,0.325,0.828,216015,0.689,0.0384,G,0.0808,-7.878,Major,0.0326,123.931,4/4,0.853,2811
Pop,gnash,"i hate u, i love u (feat. olivia o'brien)",83,0.687,0.492,251034,0.275,0.0,F#,0.101,-13.4,Minor,0.3,92.6,4/4,0.18,1814
Pop,Billie Eilish,watch,82,0.333,0.441,177523,0.599,0.00198,C,0.103,-8.985,Major,0.225,165.212,4/4,0.35,3034
Pop,Lukas Graham,Love Someone,86,0.161,0.55,205463,0.415,0.0,A,0.108,-6.557,Minor,0.052,172.065,4/4,0.274,2174
Pop,Billie Eilish,Six Feet Under,81,0.815,0.583,189613,0.301,0.000232,B,0.0799,-12.693,Minor,0.0391,67.448,4/4,0.176,2192
Pop,Panic! At The Disco,I Write Sins Not Tragedies,77,0.0938,0.567,187613,0.795,0.0,A,0.114,-4.985,Minor,0.134,170.06,4/4,0.635,2184
Pop,AJR,Burn the House Down,75,0.0364,0.454,212689,0.66,0.0,C,0.181,-4.357,Major,0.168,184.353,4/4,0.568,2116
Pop,Sam Smith,I'm Not The Only One,83,0.529,0.677,239317,0.485,2.04e-05,F,0.0766,-5.795,Major,0.0361,82.001,4/4,0.493,2271
Pop,Ed Sheeran,Thinking Out Loud,85,0.474,0.781,281560,0.445,0.0,D,0.184,-6.061,Major,0.0295,78.998,4/4,0.591,2097
Pop,Daniel Caesar,Get You (feat. Kali Uchis),80,0.422,0.658,278180,0.294,5.2e-05,E,0.0749,-8.533,Minor,0.0321,74.038,4/4,0.358,2095
Pop,Jimmie Allen,Best Shot,76,0.75,0.629,195053,0.464,0.0,E,0.0853,-8.72,Major,0.0334,156.051,4/4,0.523,3012
Pop,Twenty One Pilots,Chlorine,82,0.0735,0.609,324467,0.674,0.06,A#,0.345,-7.388,Minor,0.0548,90.009,4/4,0.315,2542
Pop,Billie Eilish,Bored,80,0.913,0.606,180933,0.328,0.00131,G,0.0789,-12.906,Major,0.0512,119.932,4/4,0.105,2629
Pop,Camila Cabello,Consequences - orchestra,81,0.645,0.547,181913,0.289,0.0,C,0.148,-8.131,Major,0.0348,104.851,3/4,0.213,2127
Pop,Drax Project,Woke Up Late (feat. Hailee Steinfeld),79,0.043,0.698,181859,0.66,0.0,D,0.186,-5.429,Minor,0.083,119.214,4/4,0.351,2583
Pop,Owl City,Fireflies,79,0.0294,0.591,228347,0.649,0.0,D#,0.133,-6.72,Major,0.0417,90.002,4/4,0.489,2109
Pop,Piso 21,Te Vi,91,0.0446,0.877,231848,0.777,3.46e-05,C#,0.0863,-4.246,Major,0.117,102.02,4/4,0.706,2571
Pop,AJR,100 Bad Days,74,0.0465,0.626,212783,0.639,0.0,A#,0.161,-5.62,Major,0.085,144.009,4/4,0.638,1775
Pop,YK Osiris,Valentine,75,0.112,0.76,206853,0.528,0.0,B,0.107,-7.474,Major,0.0541,120.003,4/4,0.457,2742
Pop,Fall Out Boy,"Sugar, We're Goin Down",79,0.00898,0.499,229093,0.824,0.0,G,0.163,-4.741,Major,0.0794,161.977,4/4,0.699,2914
Pop,Kygo,Happy Now,88,0.374,0.693,211362,0.575,0.0,A,0.252,-6.998,Major,0.0801,117.999,4/4,0.492,3001
Pop,Ed Sheeran,Photograph,86,0.607,0.614,258987,0.379,0.000464,E,0.0986,-10.48,Major,0.0476,107.989,4/4,0.201,1807
Pop,J Balvin,Reggaeton,89,0.0165,0.747,158800,0.74,9.94e-05,E,0.101,-4.325,Minor,0.191,176.059,4/4,0.552,2840
Pop,Justin Bieber,Love Yourself,83,0.856,0.607,233720,0.376,0.0,E,0.285,-9.954,Major,0.453,102.541,4/4,0.545,1746
Pop,Ella Mai,Boo'd Up,80,0.0862,0.561,256064,0.779,0.0,A#,0.078,-5.107,Minor,0.0531,81.965,4/4,0.235,2606
Pop,Passenger,Let Her Go,73,0.365,0.479,252733,0.545,0.0,G,0.0963,-7.346,Major,0.0688,74.897,4/4,0.244,2323
Pop,Fall Out Boy,Centuries,81,0.004,0.385,228360,0.866,0.0,E,0.111,-2.817,Minor,0.0697,176.014,4/4,0.551,2182
Pop,Kelsea Ballerini,Miss Me More,74,0.014,0.643,192840,0.72,0.0,D,0.0834,-7.146,Major,0.0527,96.028,4/4,0.491,2676
Pop,Coldplay,The Scientist,84,0.727,0.56,309600,0.442,1.71e-05,F,0.11,-7.224,Major,0.0243,146.448,4/4,0.212,1815
Pop,Alicia Keys,No One,80,0.0209,0.644,253813,0.548,8.68e-06,C#,0.134,-5.416,Minor,0.0286,90.042,4/4,0.166,2746
Pop,Panic! At The Disco,"Hey Look Ma, I Made It",76,0.0137,0.577,169667,0.833,0.0,F,0.121,-3.337,Major,0.0695,107.936,4/4,0.58,2995
Pop,BTS,FAKE LOVE,80,0.00267,0.557,242334,0.719,0.0,D,0.306,-4.515,Minor,0.0372,77.501,4/4,0.344,2115
Pop,Queen Naija,Karma,73,0.172,0.592,176076,0.571,0.0,C#,0.106,-7.132,Major,0.174,104.95,4/4,0.424,2772
Pop,Kygo,Born To Be Yours,71,0.3,0.688,193321,0.688,0.0,D#,0.0982,-5.84,Major,0.0357,114.011,4/4,0.451,1857
Pop,Adele,When We Were Young,74,0.348,0.381,290907,0.594,0.0,D#,0.0925,-5.97,Major,0.0486,143.86,4/4,0.273,2814
Pop,Daniel Caesar,Japanese Denim,76,0.0905,0.707,270847,0.238,2.42e-06,D#,0.0842,-8.818,Major,0.0379,124.156,3/4,0.345,1776
Pop,The Fray,How to Save a Life,81,0.269,0.64,262533,0.743,0.0,A#,0.101,-4.08,Major,0.0379,122.035,4/4,0.361,2688
Pop,Ed Sheeran,Supermarket Flowers,80,0.914,0.589,221107,0.242,0.0,F#,0.0887,-10.517,Major,0.0442,89.749,4/4,0.257,2258
Pop,Khalid,Motion,74,0.0982,0.554,235880,0.61,0.0812,C,0.561,-7.229,Major,0.0804,80.948,4/4,0.497,1729
Pop,Maroon 5,She Will Be Loved,69,0.0596,0.706,257133,0.713,0.0,C,0.132,-5.512,Minor,0.0301,102.037,4/4,0.544,2962
Pop,Billie Eilish,&burn (with Vince Staples),76,0.219,0.784,179016,0.379,0.00113,A,0.0984,-9.33,Minor,0.256,82.518,4/4,0.347,1989
Pop,Joel Adams,Please Don't Go,79,0.0118,0.513,210580,0.768,1.94e-05,E,0.294,-4.868,Minor,0.0587,84.264,4/4,0.235,1828
Pop,Chase Rice,Eyes On You,77,0.323,0.606,182493,0.652,0.0,A,0.201,-6.982,Major,0.0281,97.155,4/4,0.476,2560
Pop,Florida Georgia Line,Talk You Out Of It,75,0.582,0.651,202920,0.708,0.0,E,0.0796,-4.791,Major,0.0376,119.964,4/4,0.558,2229
Pop,Cuco,Lo Que Siento,73,0.503,0.326,312000,0.685,0.0,A#,0.427,-5.576,Major,0.179,86.882,5/4,0.409,1755
Pop,Maroon 5,Maps,77,0.0205,0.742,189960,0.713,0.0,C#,0.059,-5.522,Minor,0.0303,120.032,4/4,0.879,2843
Pop,George Ezra,Budapest,70,0.0846,0.717,200733,0.455,0.0,F,0.11,-8.303,Major,0.0276,127.81,4/4,0.389,2711
Pop,Maroon 5,This Love,79,0.0556,0.714,206200,0.859,0.0,F,0.118,-4.634,Minor,0.0372,95.034,4/4,0.755,2368
Pop,Martin Garrix,In the Name of Love,83,0.109,0.501,195707,0.519,0.0,E,0.454,-5.88,Minor,0.0409,133.99,4/4,0.168,2546
Pop,Manuel Turizo,Sola,82,0.483,0.704,195044,0.706,0.0,B,0.0965,-5.233,Minor,0.111,92.965,4/4,0.856,2877
Pop,Florida Georgia Line,Simple,75,0.0791,0.362,185200,0.882,0.0,D#,0.15,-3.717,Major,0.0973,199.811,4/4,0.864,2537
Pop,ABBA,Dancing Queen,73,0.382,0.539,230693,0.884,0.00166,A,0.76,-6.53,Major,0.0403,100.812,4/4,0.752,2900
Pop,AJR,Sober Up,70,0.282,0.651,218763,0.568,0.0,F,0.0862,-6.774,Major,0.0275,93.006,4/4,0.805,1967
Pop,Maluma,Felices los 4,80,0.213,0.766,230000,0.756,0.0,F,0.349,-5.861,Major,0.132,94.027,4/4,0.716,2646
Pop,Queen Naija,Butterflies,70,0.295,0.737,212175,0.542,0.0,G#,0.103,-7.593,Major,0.0732,119.973,4/4,0.385,2264
Pop,Michael Jackson,Rock with You - Single Version,75,0.179,0.808,220627,0.535,9.91e-05,C#,0.158,-12.521,Major,0.0353,114.031,4/4,0.848,2472
Pop,John Mayer,Waiting On the World to Change,76,0.159,0.577,201173,0.756,0.000232,D,0.249,-5.82,Major,0.115,176.75,4/4,0.663,2480
Pop,mansionz,STFU,72,0.16,0.824,230878,0.47,0.0,C#,0.15,-7.459,Minor,0.176,134.922,4/4,0.437,2789
Pop,John Mayer,Gravity,75,0.731,0.764,245827,0.326,0.0013,G,0.24,-9.883,Major,0.0342,123.98,3/4,0.237,2902
Pop,The Weeknd,Wasted Times,75,0.622,0.562,220293,0.674,2.04e-05,A#,0.111,-6.049,Minor,0.0851,122.699,4/4,0.293,2693
Pop,Green Day,Basket Case,80,0.00293,0.442,181533,0.943,8.71e-06,D#,0.091,-3.205,Major,0.0602,85.064,4/4,0.781,2206
Pop,Paramore,Ain't It Fun,73,0.154,0.61,296520,0.893,4.41e-05,A,0.021,-3.681,Major,0.0921,104.031,4/4,0.673,2375
Pop,Maroon 5,Moves Like Jagger - Studio Recording From The Voice Performance,70,0.0111,0.722,201160,0.758,0.0,B,0.308,-4.477,Minor,0.0471,128.047,4/4,0.62,2648
Pop,Sam Smith,Make It To Me,73,0.63,0.456,162732,0.379,3.1e-06,C#,0.0983,-8.573,Major,0.0685,149.967,4/4,0.225,2424
Pop,Fall Out Boy,Thnks fr th Mmrs,76,0.00539,0.459,203507,0.884,0.0,A#,0.107,-5.005,Minor,0.0644,154.868,4/4,0.615,2699
Pop,Maroon 5,Girls Like You,70,0.558,0.611,215230,0.462,1.01e-06,C,0.131,-7.054,Major,0.0646,59.635,4/4,0.377,2870
Pop,iLOVEFRiDAY,Mia Khalifa,74,0.255,0.812,177133,0.525,0.0,C#,0.325,-8.798,Major,0.124,145.016,4/4,0.564,2250
Pop,Filmore,Love That About You,71,0.0463,0.552,157422,0.573,0.0,A,0.105,-6.585,Major,0.0948,182.14,4/4,0.525,3018
Pop,Ella Mai,She Don't (feat. Ty Dolla $Ign),75,0.268,0.65,264098,0.478,0.0,G,0.177,-7.512,Minor,0.05,99.979,4/4,0.147,1839
Pop,Panic! At The Disco,Roaring 20s,74,0.0467,0.271,186600,0.948,0.0,C#,0.163,-2.207,Major,0.263,83.19,4/4,0.515,1842
Pop,Sam Hunt,Make You Miss Me,71,0.158,0.614,225693,0.472,0.0,G,0.111,-6.626,Major,0.0297,146.005,4/4,0.168,2741
Pop,Ed Sheeran,Kiss Me,75,0.64,0.589,280853,0.227,0.00469,D,0.0248,-16.67,Major,0.0498,74.993,4/4,0.182,1903
Pop,Bishop Briggs,River,77,0.302,0.733,216133,0.477,2.97e-06,D,0.0579,-6.737,Minor,0.0687,62.507,4/4,0.545,3040
Pop,Tyler Rich,The Difference,70,0.097,0.538,188507,0.755,0.0,A,0.11,-5.22,Major,0.0532,169.811,4/4,0.697,2786
Pop,Carly Pearce,Closer To You,70,0.125,0.662,187321,0.685,0.0,E,0.0961,-4.561,Minor,0.0302,111.964,4/4,0.447,2035
Pop,Michael Ray,One That Got Away,73,0.00303,0.565,218733,0.825,0.0,A#,0.0779,-4.245,Major,0.0417,160.003,4/4,0.609,2377
Pop,Katrina & The Waves,Walking On Sunshine,79,0.0116,0.596,238733,0.869,0.173,A#,0.0678,-11.97,Major,0.037,109.902,4/4,0.944,2088
Pop,Disclosure,Latch,76,0.0159,0.503,255632,0.727,9.45e-05,C#,0.0895,-5.456,Major,0.167,121.985,4/4,0.521,2903
Pop,Jack Ü,Where Are Ü Now (with Justin Bieber),77,0.041,0.432,250286,0.781,4.21e-06,E,0.0789,-4.038,Minor,0.0567,139.432,4/4,0.197,2643
Pop,CNCO,Llegaste Tú,81,0.153,0.702,190916,0.914,0.0,G,0.0625,-2.934,Minor,0.0376,96.991,4/4,0.563,1838
Pop,Donny Osmond,"I'll Make a Man Out of You - From ""Mulan""/Soundtrack",69,0.133,0.656,201680,0.33,0.000109,G,0.0664,-17.503,Major,0.0372,113.845,4/4,0.519,2986
Pop,Paramore,Still Into You,73,0.0098,0.602,216013,0.923,0.0,F,0.0561,-3.763,Major,0.044,136.01,4/4,0.765,2976
Pop,Khalid,Winter,70,0.101,0.678,241867,0.575,9.38e-06,C#,0.116,-7.086,Major,0.123,100.007,4/4,0.367,1956
Pop,Lenin Ramírez,Rolling One,73,0.619,0.768,243460,0.773,2.1e-06,G,0.213,-3.582,Major,0.0325,107.535,3/4,0.804,2469
Pop,Drake,Lust For Life,71,0.939,0.462,176179,0.422,0.0327,F#,0.108,-10.381,Major,0.175,87.364,4/4,0.0853,2194
Pop,The Temptations,My Girl,79,0.625,0.579,165000,0.419,0.0,C,0.0981,-10.72,Major,0.0346,104.564,4/4,0.673,2038
Pop,LANY,Malibu Nights,80,0.701,0.559,286928,0.422,1.99e-06,B,0.0853,-11.89,Major,0.195,74.002,4/4,0.191,1790
Pop,Ed Sheeran,Give Me Love,76,0.694,0.526,526387,0.328,0.0,C#,0.112,-9.864,Major,0.0461,116.068,4/4,0.11,2378
Pop,John Gurney,Home With Her,68,0.137,0.731,179231,0.614,1.3e-05,G,0.151,-7.525,Minor,0.0628,80.025,4/4,0.508,2733
Pop,Travis Scott,way back,69,0.222,0.396,272501,0.554,0.0,C,0.612,-5.048,Major,0.0488,117.384,4/4,0.17,2177
Pop,Jon Bellion,Guillotine,66,0.106,0.614,208125,0.798,5.83e-06,E,0.0966,-3.16,Minor,0.142,98.127,4/4,0.593,2765
Pop,Twenty One Pilots,House Of Gold,73,0.445,0.68,163880,0.693,0.0,C,0.208,-7.234,Major,0.0435,114.948,4/4,0.851,1896
Pop,Coldplay,Paradise,78,0.0522,0.449,278719,0.585,8.49e-05,F,0.0833,-6.762,Major,0.0268,139.627,4/4,0.203,1995
Pop,Ed Sheeran,Don't,75,0.0113,0.806,219840,0.608,0.0,C#,0.635,-7.008,Major,0.0659,95.049,4/4,0.849,2608
Pop,Daniel Powter,Bad Day,78,0.448,0.599,233640,0.785,0.00336,D#,0.151,-4.013,Major,0.0309,140.046,4/4,0.52,2501
Pop,Rixton,Me And My Broken Heart,74,0.00682,0.544,193733,0.774,0.0,F,0.135,-4.21,Minor,0.0339,174.121,4/4,0.522,2298
Pop,Panic! At The Disco,King Of The Clouds,72,0.237,0.285,160747,0.922,0.0,D,0.159,-1.932,Minor,0.247,198.063,3/4,0.472,2155
Pop,Florida Georgia Line,Women,73,0.425,0.368,211507,0.592,0.0,F#,0.0849,-4.317,Major,0.0385,117.988,3/4,0.451,1919
Pop,Florida Georgia Line,May We All,72,0.0406,0.488,226173,0.915,0.0,G,0.351,-4.255,Major,0.0389,75.019,4/4,0.646,2496
Pop,Panic! At The Disco,Miss Jackson (feat. LOLO),71,0.00394,0.642,192053,0.873,0.0,D,0.175,-5.821,Major,0.0551,82.002,4/4,0.662,2318
Pop,The Weeknd,The Morning,71,0.317,0.652,312427,0.549,0.0,F#,0.104,-7.555,Minor,0.039,120.073,4/4,0.186,1922
Pop,Austin Burke,Slower,69,0.251,0.697,184640,0.531,0.000125,D,0.0954,-7.141,Major,0.0268,99.98,4/4,0.631,2450
Pop,Piso 21,Puntos Suspensivos,85,0.175,0.823,186316,0.731,0.0,B,0.131,-3.399,Minor,0.103,152.024,4/4,0.952,2217
Pop,Michael Jackson,Remember the Time,72,0.153,0.831,239227,0.921,0.00213,F,0.305,-2.383,Minor,0.0581,108.002,4/4,0.794,2635
Pop,EXO,Tempo,75,0.237,0.686,224483,0.842,0.0,C,0.0683,-4.423,Major,0.1,115.944,4/4,0.519,2517
Pop,Marshmello,Sell Out,74,0.0125,0.605,192000,0.963,0.788,D#,0.434,0.634,Minor,0.0681,145.013,4/4,0.42,2186
Pop,Rascal Flatts,What Hurts The Most,71,0.00842,0.527,214107,0.671,0.0,F,0.268,-5.032,Minor,0.0283,136.03,4/4,0.331,1877
Pop,BTS,I'm Fine,74,0.00852,0.51,240339,0.842,0.0,B,0.346,-2.782,Minor,0.103,87.605,4/4,0.302,2128
Pop,BLACKPINK,BOOMBAYAH,77,0.00264,0.658,240849,0.836,1.02e-06,F,0.507,-3.282,Minor,0.0549,124.969,4/4,0.387,2135
Pop,Alicia Keys,Fallin',75,0.263,0.653,210200,0.609,0.00101,B,0.233,-7.519,Minor,0.037,95.982,3/4,0.482,2717
Pop,Matchbox Twenty,Push,73,0.0067,0.42,238667,0.672,0.0,F#,0.108,-7.902,Major,0.027,168.019,4/4,0.476,2053
Pop,John Mayer,"Free Fallin' - Live at the Nokia Theatre, Los Angeles, CA - December 2007",77,0.771,0.315,263573,0.296,0.0,F,0.702,-13.262,Major,0.0317,172.638,4/4,0.436,2447
Pop,Panic! At The Disco,Dancing's Not A Crime,71,0.0375,0.526,219467,0.891,0.0,F#,0.375,-1.549,Major,0.0482,94.095,4/4,0.804,2249
Pop,The All-American Rejects,Move Along,67,0.000198,0.529,238880,0.922,0.0,D#,0.26,-3.84,Major,0.0459,109.847,4/4,0.628,2221
Pop,Panic! At The Disco,The Greatest Show,73,0.00546,0.546,174307,0.839,0.0,F#,0.382,-5.365,Minor,0.0784,77.009,4/4,0.491,2371
Pop,Khalid,Cold Blooded,68,0.777,0.71,207960,0.405,0.000163,A,0.111,-10.864,Minor,0.0519,103.04,4/4,0.402,2400
Pop,One Direction,Little Things,76,0.788,0.707,219640,0.222,0.0,G,0.205,-11.716,Major,0.0329,110.095,4/4,0.556,1927
Pop,Coldplay,A Sky Full of Stars,78,0.00713,0.551,268467,0.636,0.00203,F#,0.217,-7.125,Major,0.0281,124.996,4/4,0.153,2119
Pop,Conan Gray,Lookalike,69,0.766,0.434,220867,0.302,7.63e-06,A#,0.149,-10.117,Major,0.0378,121.645,4/4,0.173,2437
Pop,Paramore,The Only Exception,71,0.144,0.452,267653,0.563,0.0,E,0.143,-6.607,Major,0.0272,137.715,3/4,0.209,2868
Pop,Train,Marry Me,72,0.834,0.461,205453,0.267,2.03e-05,C,0.107,-8.514,Major,0.0278,87.918,4/4,0.481,2628
Pop,Travis Scott,Oh My Dis Side (feat. Quavo),67,0.352,0.459,351253,0.623,0.0,C#,0.131,-4.45,Major,0.0489,126.018,4/4,0.205,1728
Pop,blackbear,anxiety (with FRND),68,0.0291,0.652,191036,0.715,0.0,C,0.156,-5.919,Major,0.0388,97.981,4/4,0.618,2775
Pop,Florida Georgia Line,Cruise,70,0.0191,0.457,208960,0.948,0.0,A#,0.0536,-3.364,Major,0.0354,148.0,4/4,0.878,2639
Pop,Yo Trane,Alone,70,0.735,0.796,169066,0.415,0.0,G,0.0824,-10.986,Minor,0.0718,125.971,4/4,0.212,1939
Pop,Ryan Hurd,To a T,71,0.17,0.687,178813,0.641,0.0,B,0.111,-5.814,Major,0.03,120.04,4/4,0.663,2591
Pop,Panic! At The Disco,The Ballad Of Mona Lisa,71,0.000362,0.436,226680,0.893,0.0,A,0.103,-4.18,Minor,0.0556,124.113,4/4,0.0794,2491
Pop,Twenty One Pilots,The Judge,73,0.177,0.423,297760,0.797,0.0,C,0.137,-4.659,Major,0.124,82.617,4/4,0.592,2617
Pop,BTS,Burning Up (Fire),73,0.00227,0.627,203352,0.706,0.0,A#,0.122,-3.201,Minor,0.0597,99.93,4/4,0.536,2919
Pop,Sister Hazel,All For You,67,0.0399,0.631,218707,0.756,4.37e-05,G#,0.0924,-6.378,Major,0.0376,137.039,4/4,0.671,2609
Pop,Virlan Garcia,En Donde Esta Tu Amor,74,0.582,0.501,217429,0.4,0.0,C,0.0692,-4.76,Major,0.0352,73.054,4/4,0.556,2872
Pop,Post Malone,Feel,70,0.214,0.497,197120,0.507,4.79e-06,F,0.0948,-8.075,Minor,0.0585,119.432,4/4,0.192,2343
Pop,Maroon 5,Wait (feat. A Boogie Wit da Hoodie),69,0.0582,0.689,190476,0.588,0.0,G#,0.141,-4.632,Major,0.0676,126.056,4/4,0.389,2196
Pop,Cavetown,This Is Home,70,0.56,0.81,226073,0.266,1.05e-06,G,0.0962,-12.478,Major,0.0407,130.041,4/4,0.212,1799
Pop,Saweetie,ICY GRL,71,0.0306,0.927,109302,0.563,0.0,G,0.0736,-5.827,Major,0.175,103.312,4/4,0.842,2499
Pop,Dylan Scott,My Girl,69,0.0353,0.652,197640,0.719,0.0,C#,0.108,-7.251,Major,0.033,94.969,4/4,0.24,1811
Pop,The Weeknd,I Was Never There,71,0.135,0.324,241067,0.735,4.84e-05,A#,0.169,-4.054,Major,0.0337,113.923,4/4,0.169,2413
Pop,The Weeknd,In The Night,71,0.0796,0.505,235653,0.68,0.0,G,0.0465,-4.99,Major,0.0713,168.021,3/4,0.539,1864
Pop,Dylan Scott,Nothing To Do Town,70,0.0249,0.551,185413,0.836,1.33e-05,D,0.222,-5.182,Major,0.0338,147.954,4/4,0.911,2788
Pop,Marshmello,Summer,72,0.00695,0.583,233239,0.748,0.0241,F#,0.22,-4.798,Major,0.0292,142.029,4/4,0.254,2046
Pop,Coldplay,Hymn for the Weekend,78,0.255,0.49,258827,0.743,7.21e-06,C,0.3,-5.155,Minor,0.0409,89.974,4/4,0.363,1969
Pop,blink-182,First Date,73,0.000715,0.579,171533,0.928,0.0,C,0.18,-4.344,Major,0.0411,95.594,4/4,0.882,2117
Pop,The Script,The Man Who Can't Be Moved,68,0.425,0.609,241467,0.629,0.0,A#,0.0978,-5.024,Major,0.0264,99.955,4/4,0.325,2379
Pop,BTS,MIC Drop (Steve Aoki Remix) [Full Length Edition],73,0.0114,0.606,307676,0.848,1.06e-06,B,0.206,-3.952,Major,0.184,170.01,4/4,0.54,2729
Pop,Ulices Chaidez,¿Por Que Me Enamoré?,69,0.843,0.661,205420,0.474,3.98e-05,A#,0.111,-6.67,Major,0.0353,145.924,3/4,0.798,1870
Pop,Riley Green,There Was This Girl,66,0.00191,0.609,194480,0.884,0.0,C#,0.109,-4.235,Major,0.034,127.974,4/4,0.949,1846
Pop,Twenty One Pilots,Holding On To You,71,0.241,0.608,263733,0.776,0.0,B,0.0713,-3.635,Major,0.0511,89.996,4/4,0.814,2076
Pop,Marc Anthony,Vivir Mi Vida,74,0.344,0.655,252347,0.877,0.0,C,0.349,-3.23,Minor,0.0344,105.017,4/4,0.893,2854
Pop,Kygo,Firestone (feat. Conrad Sewell),78,0.408,0.486,273684,0.652,6.63e-05,B,0.077,-7.226,Minor,0.052,113.055,4/4,0.391,2552
Pop,Mitch James,Bright Blue Skies,73,0.259,0.799,182907,0.373,0.0,G,0.166,-8.999,Major,0.0558,98.035,4/4,0.534,2061
Pop,Wheatus,Teenage Dirtbag,72,0.36,0.617,241840,0.84,8.85e-05,E,0.179,-4.063,Major,0.0512,94.676,4/4,0.57,2518
Pop,Twenty One Pilots,Pet Cheetah,72,0.0615,0.653,198360,0.684,0.000387,G,0.27,-7.052,Minor,0.199,110.049,4/4,0.355,2151
Pop,A Day To Remember,If It Means a Lot to You,69,0.112,0.584,243227,0.536,0.0,A#,0.456,-8.158,Major,0.0279,126.996,4/4,0.44,2912
Pop,Adele,Chasing Pavements,65,0.312,0.621,210507,0.473,0.0,F,0.11,-6.07,Minor,0.0251,80.027,4/4,0.325,2669
Pop,LANY,Super Far,73,0.0988,0.575,203650,0.46,0.0,C#,0.227,-6.839,Major,0.182,95.952,4/4,0.462,3068
Pop,Hijos De Leyva,Humo Trankilizante,67,0.371,0.795,145200,0.461,0.0,F#,0.139,-8.484,Minor,0.0363,109.939,3/4,0.869,2700
Pop,SUNMI,Gashina,74,0.0556,0.722,180000,0.833,0.0,F#,0.195,-3.915,Major,0.094,93.941,4/4,0.53,2471
Pop,Ben E. King,Stand by Me,79,0.57,0.65,180056,0.306,7.07e-06,A,0.0707,-9.443,Major,0.0393,118.068,4/4,0.605,2071
Pop,Danielle Bradbery,Sway,66,0.363,0.701,212280,0.694,0.0,D#,0.364,-5.443,Major,0.0272,97.012,4/4,0.634,2691
Pop,Keane,Somewhere Only We Know,69,0.0597,0.447,236160,0.662,2.88e-06,A,0.0869,-4.221,Major,0.0259,172.015,4/4,0.307,2325
Pop,Noah Schnacky,Hello Beautiful,67,0.54,0.504,216993,0.472,0.0,A,0.306,-6.925,Major,0.0404,73.521,4/4,0.313,2419
Pop,Ed Sheeran,Barcelona,73,0.448,0.747,191147,0.76,0.0,C#,0.153,-4.294,Major,0.187,99.975,4/4,0.682,1767
Pop,Jubël,Dancing in the Moonlight,77,0.27,0.659,164010,0.617,0.0,B,0.187,-5.862,Minor,0.0649,119.858,4/4,0.187,2813
Pop,Kenny Man,Ni Gucci Ni Prada,85,0.41,0.799,175200,0.676,0.000777,D,0.325,-5.644,Major,0.169,104.956,4/4,0.91,1742
Pop,Rascal Flatts,Bless The Broken Road,69,0.693,0.599,226680,0.433,8.99e-05,C,0.178,-6.336,Major,0.0265,135.948,4/4,0.384,2748
Pop,Gerard Way,Hazy Shade of Winter (feat. Ray Toro),72,0.00742,0.248,197734,0.937,0.362,F,0.0799,-5.121,Minor,0.0687,149.796,4/4,0.142,2828
Pop,John Mayer,Love on the Weekend,69,0.623,0.718,212320,0.583,0.000662,G,0.0612,-7.884,Major,0.0288,119.97,4/4,0.422,2198
Pop,Shontelle,Impossible - Main,70,0.385,0.599,226533,0.624,0.0,G#,0.125,-3.631,Major,0.0343,90.034,4/4,0.539,2337
Pop,Matt Stell,Prayed For You,65,0.0886,0.609,211547,0.68,0.0,A,0.108,-6.316,Major,0.0348,140.013,4/4,0.561,1832
Pop,Matchbox Twenty,3AM,70,0.00573,0.521,225947,0.673,0.0,G#,0.12,-8.685,Major,0.0284,108.031,4/4,0.543,2647
Pop,Reik,Ráptame,78,0.0138,0.662,199088,0.743,4.65e-06,C,0.0613,-6.427,Major,0.159,183.965,4/4,0.388,2041
Pop,Twenty One Pilots,We Don't Believe What's on TV,71,0.23,0.547,177200,0.936,3.04e-06,A,0.172,-4.023,Major,0.102,120.003,4/4,0.642,1792
Pop,Dixie Chicks,Cowboy Take Me Away,69,0.365,0.467,287267,0.622,0.00527,F#,0.0982,-7.255,Major,0.031,164.418,4/4,0.455,2849
Pop,Michael Bublé,Haven't Met You Yet,73,0.152,0.615,244587,0.733,0.0,G#,0.109,-4.808,Major,0.0335,122.58,4/4,0.796,2819
Pop,Toni Romiti,Switch Up,65,0.0766,0.804,260048,0.425,0.0,A,0.0964,-10.384,Minor,0.153,125.931,4/4,0.494,2161
Pop,blackbear,the 1,66,0.0583,0.571,206875,0.531,0.0,E,0.122,-6.137,Minor,0.0385,108.075,4/4,0.439,2096
Pop,Michael Jackson,Man in the Mirror - 2012 Remaster,70,0.52,0.808,318680,0.812,7.91e-05,G#,0.134,-5.012,Major,0.0381,100.331,4/4,0.269,2024
Pop,Green Day,21 Guns,75,0.0518,0.268,321093,0.742,0.0,F,0.626,-4.939,Major,0.0355,159.779,4/4,0.416,2615
Pop,Ed Sheeran,New Man,73,0.0559,0.78,189280,0.745,0.0,G,0.0595,-3.97,Major,0.145,94.026,4/4,0.862,2754
Pop,Kanye West,Love Lockdown,69,0.0539,0.756,270307,0.529,0.392,C#,0.112,-7.659,Minor,0.0329,119.573,4/4,0.123,2722
Pop,Ariana Grande,ghostin,65,0.422,0.396,271467,0.358,1.71e-05,A,0.19,-8.294,Major,0.0292,103.807,4/4,0.111,2920
Pop,Jon Bellion,Woke The F*ck Up,62,0.05,0.459,219584,0.63,0.0,G#,0.0695,-5.415,Major,0.133,91.731,4/4,0.608,2490
Pop,El Fantasma,Dolor y Amor,68,0.237,0.656,159614,0.38,0.000456,G#,0.102,-5.757,Major,0.0503,137.001,4/4,0.935,2085
Pop,TOMORROW X TOGETHER,Cat & Dog,72,0.0668,0.843,187573,0.794,0.000223,G#,0.104,-3.013,Major,0.147,160.001,4/4,0.319,3062
Pop,Post Malone,Broken Whiskey Glass,68,0.289,0.512,233813,0.673,3.04e-06,C,0.126,-7.359,Major,0.0523,99.84,4/4,0.11,1948
Pop,My Chemical Romance,Famous Last Words,70,0.000321,0.467,299227,0.883,0.000152,D,0.125,-3.679,Minor,0.106,122.252,4/4,0.309,2601
Pop,ABBA,Take A Chance On Me,66,0.173,0.685,243933,0.685,0.0,B,0.201,-8.103,Major,0.0254,106.987,4/4,0.925,2417
Pop,Cassadee Pope,If My Heart Had A Heart,64,0.0869,0.586,201867,0.793,0.0,C#,0.11,-5.636,Major,0.0407,142.057,4/4,0.443,1880
Pop,BTS,Lie,70,0.00331,0.542,215753,0.777,0.0,F#,0.178,-5.582,Minor,0.033,94.069,3/4,0.503,2776
Pop,Panic! At The Disco,The Overpass,69,0.0224,0.517,177800,0.955,0.0,A#,0.364,-1.848,Minor,0.167,132.951,4/4,0.61,2341
Pop,Kenny Loggins,Footloose,70,0.0819,0.546,220707,0.895,1.42e-05,A,0.0768,-7.189,Major,0.0579,174.089,4/4,0.494,2150
Pop,CLC,No,73,0.00785,0.76,181976,0.722,0.000326,F#,0.116,-4.429,Minor,0.0908,120.055,4/4,0.687,3000
Pop,Kanye West,Real Friends,69,0.268,0.445,251573,0.746,0.00033,F#,0.138,-6.281,Minor,0.456,170.612,4/4,0.121,2301
Pop,Ariel Camacho y Los Plebes Del Rancho,Te Metiste,69,0.658,0.713,209121,0.44,2.24e-05,G,0.0791,-4.714,Major,0.0391,152.031,3/4,0.809,2889
Pop,Marshmello,Check This Out,72,0.000874,0.624,219718,0.97,0.548,C,0.545,-0.975,Major,0.0788,142.019,4/4,0.869,2162
Pop,Panic! At The Disco,"The Good, The Bad And The Dirty",68,0.00191,0.531,171520,0.825,0.0,G,0.329,-5.333,Minor,0.0545,156.071,4/4,0.824,2270
Pop,John Mayer,Who Says,70,0.267,0.584,175480,0.509,0.00252,D,0.36,-13.109,Major,0.0287,90.457,4/4,0.367,2820
Pop,Kanye West,Wolves,69,0.186,0.539,301587,0.399,0.00255,C#,0.131,-8.016,Major,0.045,78.248,4/4,0.118,1961
Pop,ATEEZ,Say My Name,71,0.212,0.634,222024,0.9,0.0,F#,0.317,-2.614,Minor,0.0583,152.968,4/4,0.623,1744
Pop,The 1975,Be My Mistake,70,0.845,0.563,256689,0.159,0.00017,F#,0.0938,-14.415,Major,0.0361,109.97,3/4,0.101,2939
Pop,Hootie & The Blowfish,Only Wanna Be with You,70,0.107,0.49,229587,0.873,5.19e-06,F#,0.118,-5.861,Major,0.0355,103.272,4/4,0.513,2531
Pop,Kanye West,Good Morning,64,0.0913,0.577,195093,0.646,4.18e-05,C,0.17,-5.902,Major,0.13,169.769,4/4,0.575,3005
Pop,VICTOR!,Tinder Song,64,0.517,0.618,120375,0.459,2.4e-05,B,0.0978,-7.34,Major,0.0239,79.992,4/4,0.548,2141
Pop,Cuco,One and Only,64,0.517,0.616,206061,0.609,2.27e-05,A#,0.0824,-6.969,Major,0.0461,98.957,4/4,0.18,2871
Pop,The Weeknd,High For This,68,0.744,0.465,247227,0.403,0.000667,B,0.0777,-8.895,Minor,0.0755,74.95,4/4,0.0687,2068
Pop,Kygo,This Town (feat. Sasha Sloan),70,0.506,0.736,202280,0.449,6.63e-05,A#,0.117,-7.956,Minor,0.0633,147.971,4/4,0.487,1798
Pop,Paramore,Ignorance,67,0.00109,0.522,218627,0.964,0.000389,B,0.0387,-2.645,Minor,0.095,170.944,4/4,0.51,2548
Pop,The Verve Pipe,The Freshmen,67,0.0757,0.571,269467,0.505,1.04e-05,C#,0.109,-9.312,Minor,0.0238,99.562,4/4,0.276,2569
Pop,Florida Georgia Line,Anything Goes,68,0.00172,0.462,218867,0.977,0.0,C,0.352,-3.805,Major,0.045,154.038,4/4,0.746,2445
Pop,Sugarcult,Memory,66,2.04e-05,0.449,226080,0.864,0.0,C#,0.108,-3.892,Major,0.0352,167.154,4/4,0.713,2633
Pop,Twenty One Pilots,Guns For Hands,69,0.00694,0.684,273336,0.858,0.000167,C#,0.0828,-4.266,Major,0.0342,129.963,4/4,0.518,1731
Pop,NCT,BOSS,70,0.0233,0.787,210641,0.543,0.0,A#,0.0861,-6.7,Minor,0.037,99.026,4/4,0.332,2760
Pop,LOOΠΔ,Butterfly,70,0.0427,0.582,237756,0.866,0.00014,G,0.126,-4.139,Minor,0.0414,107.021,4/4,0.351,2395
Pop,Morgan Evans,Dance with Me (feat. Kelsea Ballerini),65,0.481,0.611,199501,0.519,4.82e-06,C#,0.107,-9.854,Major,0.035,147.981,4/4,0.462,1743
Pop,Austin Burke,Whole Lot in Love,65,0.353,0.791,166787,0.715,0.0,G,0.115,-5.809,Major,0.0377,112.027,4/4,0.593,3048
Pop,Twenty One Pilots,Trees,69,0.00359,0.584,267387,0.833,3.44e-05,F#,0.169,-5.9,Major,0.041,140.013,4/4,0.324,2197
Pop,Saweetie,Up Now (feat. G-Eazy and Rich The Kid),67,0.00294,0.956,198088,0.544,0.0,C#,0.104,-6.41,Major,0.0822,104.011,4/4,0.127,2850
Pop,Dean Lewis,Chemicals,72,0.69,0.55,221579,0.479,1.2e-06,B,0.145,-9.457,Major,0.0451,80.931,4/4,0.175,1833
Pop,Twenty One Pilots,Goner,69,0.194,0.565,236733,0.437,7.14e-06,F#,0.0656,-7.68,Minor,0.0403,96.132,3/4,0.217,2874
Pop,Sam Smith,Midnight Train,63,0.368,0.706,207164,0.597,2.19e-05,E,0.193,-7.076,Major,0.0632,96.026,4/4,0.393,2104
Pop,blackbear,Deadroses,64,0.697,0.612,184636,0.536,0.0,A#,0.131,-6.537,Minor,0.157,132.251,4/4,0.603,2202
Pop,EXO,Ko Ko Bop,71,0.0319,0.749,190423,0.85,4.81e-05,C,0.0678,-4.346,Major,0.0468,145.983,4/4,0.672,1774
Pop,Toni Romiti,Imma Dog Too,63,0.533,0.783,206973,0.381,0.0,C,0.102,-11.523,Major,0.0816,143.924,4/4,0.571,2372
Pop,BTS,Paradise,68,0.214,0.519,211224,0.828,0.0,F,0.0571,-5.523,Major,0.365,139.413,4/4,0.929,2279
Pop,Florida Georgia Line,Round Here,66,0.00385,0.523,215120,0.954,1.65e-06,C#,0.243,-3.051,Major,0.0374,141.982,4/4,0.901,2587
Pop,Nicki Minaj,LLC,65,0.0523,0.835,221853,0.756,0.028,A#,0.0606,-5.441,Minor,0.123,153.988,4/4,0.809,2302
Pop,BTS,Dope,70,0.0272,0.579,240021,0.896,1.02e-06,A#,0.352,-2.781,Minor,0.224,153.991,4/4,0.678,2474
Pop,Adele,Skyfall - Full Length,66,0.417,0.346,286480,0.552,0.0,C,0.114,-6.864,Minor,0.0282,75.881,4/4,0.0789,2268
Pop,George Ezra,Barcelona,62,0.32,0.629,188960,0.572,0.000853,F,0.109,-9.332,Major,0.0307,93.997,4/4,0.182,2050
Pop,NCT 127,Simon Says,70,0.218,0.653,199773,0.836,0.0,A,0.0507,-6.018,Major,0.238,151.977,4/4,0.569,2610
Pop,Rascal Flatts,Back To Life,67,0.191,0.467,214219,0.701,0.0,E,0.0769,-4.997,Major,0.0302,132.041,3/4,0.28,2028
Pop,Poppy Ackroyd,Strata,64,0.991,0.32,273165,0.0773,0.909,E,0.075,-27.053,Minor,0.0644,73.589,4/4,0.0368,1789
Pop,BTS,Intro: Singularity,68,0.554,0.775,196998,0.271,0.00285,C#,0.112,-9.131,Minor,0.092,104.001,3/4,0.204,2504
Pop,Ed Sheeran,I'm A Mess,71,0.556,0.697,244573,0.377,0.0,D#,0.0999,-7.755,Major,0.0397,138.754,4/4,0.336,2665
Pop,The Gregory Brothers,The Muffin Song (asdfmovie),69,0.205,0.911,187046,0.842,1.48e-05,A#,0.115,-4.845,Major,0.0922,112.016,4/4,0.578,2896
Pop,John Mayer,Heartbreak Warfare,67,0.191,0.624,269720,0.554,0.00131,D,0.299,-8.113,Major,0.0225,97.031,4/4,0.311,1802
Pop,The Outfield,Your Love,71,0.103,0.555,221840,0.757,1.16e-06,C#,0.0631,-7.868,Minor,0.0601,129.607,4/4,0.582,2763
Pop,Ed Sheeran,Bibia Be Ye Ye,71,0.52,0.738,176747,0.677,0.0,G,0.133,-5.121,Major,0.0824,127.067,4/4,0.882,2732
Pop,Jon Bellion,JT,62,0.0168,0.518,268466,0.587,1.19e-06,C,0.206,-7.937,Major,0.12,98.367,4/4,0.631,2645
Pop,Kanye West,Through The Wire,68,0.00865,0.571,221227,0.739,5.21e-06,G,0.158,-6.11,Major,0.247,83.089,4/4,0.66,1876
Pop,TAEMIN,MOVE,68,0.0153,0.697,211949,0.713,0.0,G#,0.0857,-5.273,Minor,0.115,99.964,4/4,0.667,1993
Pop,Lil Uzi Vert,Seven Million (feat. Future),66,0.051,0.886,182491,0.629,7.66e-06,C#,0.121,-4.404,Minor,0.306,158.002,4/4,0.487,2858
Pop,BTS,Magic Shop,70,0.103,0.541,275696,0.661,0.0,C#,0.0779,-5.838,Major,0.0889,149.926,4/4,0.285,2195
Pop,John Mayer,Half of My Heart,67,0.435,0.681,250373,0.593,0.000117,F,0.106,-9.327,Major,0.0251,115.058,4/4,0.731,2860
Pop,Natti Natasha,Pa' Mala Yo,76,0.477,0.845,159893,0.769,1.87e-06,A,0.0887,-3.429,Minor,0.0783,101.99,4/4,0.459,1953
Pop,BTS,BTS Cypher 4,68,0.00533,0.817,294463,0.797,7.77e-06,C#,0.0551,-4.395,Minor,0.084,119.977,4/4,0.362,2946
Pop,Panic! At The Disco,"Build God, Then We'll Talk",62,0.138,0.418,220720,0.827,0.0,B,0.336,-4.133,Minor,0.0476,124.532,4/4,0.448,2482
Pop,BTS,Butterfly,68,0.0149,0.448,238862,0.776,0.0,F#,0.12,-4.498,Major,0.0571,149.806,4/4,0.294,1888
Pop,Florida Georgia Line,Can’t Hide Red,67,0.0256,0.514,181600,0.864,0.0,E,0.103,-3.246,Minor,0.0502,94.927,4/4,0.471,1829
Pop,Queen Naija,Bad Boy,62,0.41,0.491,200827,0.559,0.0,C#,0.0842,-6.557,Major,0.33,187.884,4/4,0.486,2967
Pop,Carly Pearce,If My Name Was Whiskey,63,0.428,0.591,197827,0.463,0.0,G,0.127,-6.491,Major,0.0307,85.986,4/4,0.144,2934
Pop,Ar'mon & Trey,Forever,64,0.166,0.819,193651,0.585,0.0,E,0.111,-5.816,Major,0.16,119.048,4/4,0.456,2727
Pop,BTS,Run,69,0.00165,0.577,236334,0.875,0.0,F#,0.0892,-2.944,Minor,0.0445,132.943,4/4,0.522,2360
Pop,WINNER,MILLIONS,71,0.0599,0.811,208284,0.663,0.0,G#,0.0668,-4.543,Major,0.0628,108.992,4/4,0.811,1845
Pop,Kanye West,No Mistakes,66,0.0393,0.643,123040,0.646,0.0,A#,0.109,-2.442,Minor,0.0629,80.174,4/4,0.35,2261
Pop,Zhavia Ward,Candlelight,64,0.387,0.511,189733,0.542,0.0,D,0.181,-7.398,Major,0.336,134.907,4/4,0.439,2389
Pop,TWICE,LIKEY,71,0.397,0.717,207824,0.911,0.000467,E,0.137,-1.077,Minor,0.0344,132.012,4/4,0.443,2043
Pop,blackbear,I Needed You,63,0.851,0.671,176757,0.43,0.0,A#,0.118,-9.848,Minor,0.121,74.031,4/4,0.389,1812
Pop,ABBA,Gimme! Gimme! Gimme! (A Man After Midnight),64,0.0163,0.747,292571,0.492,0.00897,A#,0.224,-9.616,Major,0.04,119.531,4/4,0.533,1831
Pop,Eli Young Band,Crazy Girl,67,0.0006,0.358,200707,0.708,0.00498,E,0.281,-3.736,Major,0.0315,150.966,3/4,0.227,1818
Pop,EXO,전야 前夜 The Eve,70,0.0223,0.636,176026,0.702,0.0,C,0.293,-5.352,Minor,0.0334,135.104,4/4,0.516,2936
Pop,Cuco,Lava Lamp,63,0.528,0.517,308500,0.622,0.00164,F,0.12,-5.476,Minor,0.0353,119.809,3/4,0.0947,2998
Pop,Dean Lewis,Lose My Mind,69,0.0567,0.553,200881,0.644,0.0,G#,0.11,-6.688,Major,0.0312,128.059,4/4,0.207,2758
Pop,James Barker Band,Keep It Simple,70,0.00661,0.673,187453,0.827,0.0,G,0.18,-3.162,Minor,0.0389,126.073,4/4,0.947,2988
Pop,Stray Kids,My Pace,69,0.0569,0.682,189325,0.831,0.0,B,0.0927,-4.234,Minor,0.253,155.12,4/4,0.785,1902
Pop,NCT 127,Regular - English Version,68,0.263,0.741,219107,0.747,5.15e-06,A,0.266,-5.459,Minor,0.0956,134.039,4/4,0.831,1787
Pop,A Day To Remember,All Signs Point to Lauderdale,65,0.000263,0.42,197200,0.983,0.0,A#,0.114,-3.437,Major,0.113,149.958,4/4,0.513,2535
Pop,Michael Bublé,Feeling Good,63,0.533,0.535,237333,0.548,1.48e-06,C#,0.123,-6.51,Major,0.037,115.144,3/4,0.477,1797
Pop,Five For Fighting,Superman (It's Not Easy),69,0.0733,0.382,221693,0.416,0.0,C,0.0719,-9.303,Major,0.0302,102.089,4/4,0.125,2426
Pop,Mayday Parade,Jamie All Over,63,6.73e-05,0.428,216000,0.878,0.0,C#,0.0693,-3.661,Major,0.049,149.027,4/4,0.386,3015
Pop,Vertical Horizon,Everything You Want,65,0.0504,0.637,257067,0.759,0.0,D#,0.0642,-6.389,Minor,0.0305,93.898,4/4,0.741,2513
Pop,Red Velvet,Power Up,71,0.0774,0.732,202040,0.934,0.00745,G#,0.306,-4.618,Major,0.144,159.998,4/4,0.898,1979
Pop,NCT 127,Cherry Bomb,68,0.000759,0.713,236667,0.603,5.51e-06,F#,0.0453,-4.896,Minor,0.287,78.027,4/4,0.799,2690
Pop,Panic! At The Disco,Bohemian Rhapsody,67,0.175,0.386,363114,0.562,9.17e-06,A#,0.209,-4.363,Major,0.03,72.945,4/4,0.228,1763
Pop,One Direction,If I Could Fly,68,0.781,0.565,230320,0.245,0.0,F,0.0998,-9.132,Major,0.0262,75.055,4/4,0.307,1886
Pop,Calum Scott,You Are The Reason - Duet Version,72,0.382,0.403,190760,0.356,0.0,A#,0.148,-7.547,Major,0.0298,171.454,3/4,0.151,1918
Pop,City Girls,Where The Bag At,63,0.0257,0.723,200561,0.747,0.000187,A#,0.359,-4.266,Major,0.162,175.994,4/4,0.421,2585
Pop,Adam Levine,Lost Stars,64,0.112,0.495,267933,0.589,0.0,C,0.0688,-4.747,Major,0.0274,82.002,4/4,0.401,3021
Pop,dodie,Human,66,0.938,0.665,202722,0.287,0.149,G#,0.103,-14.923,Major,0.04,133.924,4/4,0.386,2207
Pop,Boyz II Men,End Of The Road,72,0.079,0.642,351467,0.423,0.0,F,0.0663,-9.283,Minor,0.0249,149.61,3/4,0.505,1823
Pop,Kanye West,Champion,62,0.00315,0.481,167600,0.505,0.0,D#,0.67,-8.19,Minor,0.296,98.331,4/4,0.765,2181
Pop,Heart,Alone,73,0.638,0.418,218733,0.452,0.00026,C#,0.0959,-13.099,Major,0.0356,175.088,4/4,0.168,2294
Pop,J Balvin,Ginza,71,0.208,0.73,171093,0.809,0.0013,F,0.0804,-6.406,Minor,0.0876,101.965,4/4,0.825,1900
Pop,Alejandro Fernandez,Me Dediqué a Perderte,77,0.491,0.642,231773,0.442,1.58e-06,G#,0.102,-9.115,Major,0.074,148.01,4/4,0.465,2810
Pop,Dave Matthews Band,Ants Marching,63,0.0187,0.637,271187,0.856,1.99e-05,D,0.0157,-4.34,Major,0.034,113.32,4/4,0.846,2803
Pop,blackbear,idfc - Tarro Remix,66,0.481,0.58,248633,0.694,1.18e-06,C#,0.109,-5.45,Minor,0.221,139.751,4/4,0.389,2193
Pop,Levi Hummon,Change My Life,62,0.19,0.726,160281,0.729,0.0,F#,0.382,-5.758,Major,0.0334,110.001,4/4,0.84,2022
Pop,Day6,Shoot Me,67,0.0683,0.583,175837,0.916,0.0,C#,0.0489,-1.396,Major,0.149,167.933,4/4,0.732,2083
Pop,Melii,HML,68,0.142,0.584,179185,0.713,0.0,C#,0.18,-4.668,Minor,0.0944,100.314,4/4,0.32,2515
Pop,Adele,One And Only,66,0.295,0.464,346813,0.467,0.0,F,0.141,-5.306,Major,0.0376,51.66,4/4,0.169,1933
Pop,Adele,Don't You Remember,65,0.206,0.64,243200,0.395,0.0,D#,0.0935,-5.689,Major,0.0307,115.082,4/4,0.235,1974
Pop,TWICE,TT,70,0.0525,0.708,212991,0.853,0.000173,D,0.399,-4.398,Major,0.0844,129.946,4/4,0.399,2799
Pop,Falling In Reverse,The Drug In Me Is You,66,0.0149,0.548,218787,0.855,0.0,D#,0.127,-3.266,Major,0.151,145.133,4/4,0.644,2777
Pop,Marshmello,Flashbacks,69,0.0052,0.58,165634,0.901,0.698,C,0.111,-0.958,Major,0.0326,142.031,4/4,0.427,3028
Pop,SHAUN,Way Back Home,72,0.405,0.745,214137,0.739,0.000183,A#,0.127,-4.591,Major,0.0327,99.913,4/4,0.556,2231
Pop,BTS,21st Century Girl,67,0.00423,0.716,192597,0.906,0.0,D,0.0547,-3.539,Major,0.0717,101.028,4/4,0.762,2573
Pop,Banda Tierra Sagrada,La Buena y la Mala,71,0.527,0.805,204453,0.716,0.0,C,0.247,-4.498,Major,0.039,124.832,3/4,0.905,2992
Pop,Monsta X,Shoot Out,69,0.0599,0.613,207173,0.868,0.0,F#,0.352,-2.792,Minor,0.143,165.133,4/4,0.394,1917
Pop,James Bay,Wild Love,68,0.1,0.489,197280,0.596,0.000111,B,0.106,-6.54,Minor,0.0705,70.234,4/4,0.188,2398
Pop,Josh Thompson,Blame It On Waylon,67,0.0353,0.653,212648,0.826,0.0,D,0.193,-5.352,Major,0.0315,122.055,4/4,0.669,2512
Pop,Gabbie Hanna,Honestly,62,0.011,0.664,175000,0.543,4.11e-05,C#,0.0779,-8.067,Minor,0.209,159.889,4/4,0.468,1951
Pop,Meryl Streep,Mamma Mia - From 'Mamma Mia!' Original Motion Picture Soundtrack,67,0.15,0.746,214907,0.848,2.18e-06,D,0.37,-4.638,Major,0.0331,138.047,4/4,0.756,3037
Pop,Tito Torbellino Jr,Bajo Perfil (feat. Tony Aguirre),65,0.512,0.786,199627,0.667,0.0,G,0.197,-7.733,Major,0.0308,107.458,3/4,0.893,2960
Pop,Banda Los Recoditos,Me Sobrabas Tú,69,0.698,0.729,181987,0.507,0.0,C,0.26,-4.94,Major,0.0486,154.926,3/4,0.961,3017
Pop,Adele,Million Years Ago,63,0.733,0.721,227067,0.273,0.0,C#,0.108,-7.617,Minor,0.028,105.846,4/4,0.181,2384
Pop,Sam Smith,Money On My Mind,68,0.204,0.688,192670,0.841,0.000295,D,0.229,-5.217,Major,0.179,133.912,4/4,0.743,2816
Pop,Red Velvet,빨간 맛 Red Flavor,69,0.0409,0.709,191139,0.917,0.0,A,0.0839,-3.315,Major,0.189,125.042,4/4,0.515,2075
Pop,j-hope,Airplane,67,0.649,0.801,197914,0.65,0.0,C,0.109,-7.855,Major,0.0576,119.993,4/4,0.237,2833
Pop,Sebastian Yatra,Vuelve,79,0.559,0.716,224013,0.474,0.0,B,0.135,-6.714,Major,0.052,77.811,4/4,0.302,2883
Pop,Prince Fox,Space (feat. Quinn XCII),62,0.237,0.655,177000,0.569,0.0,A#,0.124,-6.856,Major,0.0552,97.855,4/4,0.301,2982
Pop,Eli Young Band,Even If It Breaks Your Heart,66,0.000159,0.667,220520,0.527,0.0117,C,0.0969,-4.6,Major,0.0277,104.032,4/4,0.664,2671
Pop,The Script,"Never Seen Anything ""Quite Like You"" - Acoustic",70,0.799,0.444,228147,0.398,0.0,F#,0.114,-8.01,Major,0.03,79.874,3/4,0.361,1899
Pop,Jorja Smith,I Am,70,0.144,0.601,208760,0.583,9.73e-05,G#,0.183,-5.725,Minor,0.263,148.785,4/4,0.32,2280
Pop,Shawn Mendes,Memories,66,0.801,0.495,232520,0.158,0.0,E,0.268,-8.981,Major,0.0289,107.939,4/4,0.306,2784
Pop,Hunter Hayes,This Girl,63,0.0214,0.547,180815,0.79,0.0,E,0.0312,-5.001,Major,0.0694,86.033,4/4,0.587,2411
Pop,Michael Jackson,You Rock My World,66,0.038,0.854,337733,0.673,0.000227,E,0.255,-3.132,Minor,0.185,95.0,4/4,0.955,2602
Pop,Pedro Capó,Calma,77,0.199,0.737,180066,0.634,0.0,D,0.0803,-5.331,Major,0.0475,126.926,4/4,0.55,2092
Pop,NCT DREAM,We Go Up,68,0.0138,0.893,183293,0.77,0.0,G#,0.225,-4.692,Major,0.107,122.067,4/4,0.349,2892
Pop,WINNER,REALLY REALLY,68,0.167,0.765,203057,0.769,0.0,D,0.0854,-3.16,Major,0.0595,103.006,4/4,0.581,2093
Pop,Mitchell Tenpenny,All On You,63,0.0703,0.375,190023,0.731,0.0,F#,0.0996,-4.123,Major,0.0472,168.049,4/4,0.751,1897
Pop,Martin Garrix,Burn Out (feat. Dewain Whitmore),78,0.0156,0.594,200322,0.722,0.0,E,0.0667,-5.751,Minor,0.0398,127.877,4/4,0.407,2059
Pop,John Mayer,Who You Love,67,0.813,0.694,249933,0.351,0.00165,A,0.097,-10.92,Major,0.0382,145.907,4/4,0.691,2136
Pop,Ariel Camacho y Los Plebes Del Rancho,El Karma,66,0.755,0.557,195840,0.563,6.44e-06,D,0.0873,-5.977,Major,0.0709,189.771,3/4,0.803,2442
Pop,Kip Moore,More Girls Like You,65,0.00825,0.555,154707,0.746,0.0,D,0.0796,-5.522,Major,0.033,75.01,4/4,0.712,2767
Pop,John Legend,You & I (Nobody in the World),67,0.129,0.456,252653,0.342,0.0,B,0.124,-8.162,Minor,0.0283,84.087,4/4,0.224,1908
Pop,BTS,Outro: Tear,66,0.327,0.711,284981,0.903,0.0,F#,0.0887,-2.723,Minor,0.247,140.015,4/4,0.467,2778
Pop,Maná,Oye Mi Amor,69,0.0102,0.543,263306,0.903,0.00585,B,0.0862,-6.658,Minor,0.039,162.241,4/4,0.962,1874
Pop,Ed Sheeran,Shape of You - Acoustic,72,0.49,0.843,223573,0.4,0.0,G#,0.125,-5.576,Minor,0.103,100.728,4/4,0.927,3046
Pop,"Tyler, The Creator",Answer,62,0.00329,0.368,230067,0.838,5.74e-06,G#,0.115,-6.465,Minor,0.0487,72.19,4/4,0.477,2796
Pop,J Balvin,Sigo Extrañándote,71,0.154,0.896,201280,0.859,0.000115,B,0.212,-4.232,Minor,0.211,93.016,4/4,0.938,2392
Pop,Jessie Reyez,Apple Juice,63,0.526,0.517,180320,0.391,0.0,F,0.177,-5.028,Major,0.0685,139.764,3/4,0.342,1911
Pop,Diddy - Dirty Money,Coming Home,70,0.155,0.353,238693,0.822,0.0,G,0.332,-1.866,Major,0.232,167.905,4/4,0.237,2806
Pop,LEGADO 7,En La Bola (feat. El De La Guitarra),64,0.512,0.689,170672,0.86,2.52e-06,B,0.138,-3.063,Minor,0.0528,116.492,3/4,0.879,2309
Pop,Los De La Noria,A Las Cuántas Decepciones,67,0.509,0.723,196573,0.473,0.0,A#,0.135,-5.654,Major,0.0326,141.02,3/4,0.814,2985
Pop,Randy Houser,Our Hearts (feat. Lucie Silvas),66,0.31,0.651,207973,0.704,0.000589,B,0.0709,-6.458,Major,0.0268,136.001,4/4,0.417,2779
Pop,Banda Clave Nueva De Max Peraza,Cuál Adiós,68,0.381,0.546,209586,0.569,1.68e-06,G,0.0763,-5.66,Minor,0.0354,200.06,4/4,0.895,1835
Pop,Lulleaux,Contact,68,0.351,0.651,141875,0.76,0.0,G,0.151,-3.377,Major,0.054,96.204,4/4,0.673,2981
Pop,Dua Lipa,"I'm Not the Only One (Sam Smith Cover) - Live from Spotify, London",71,0.861,0.455,195840,0.265,0.0,F,0.685,-8.468,Major,0.0491,176.036,4/4,0.324,2938
Pop,Naughty Boy,La La La,62,0.107,0.772,222200,0.65,1.13e-06,F#,0.0905,-5.202,Minor,0.0306,125.082,4/4,0.262,2547
Pop,Thirty Seconds To Mars,Love Is Madness (feat. Halsey),65,0.0128,0.382,234867,0.675,0.000246,C,0.219,-6.56,Major,0.0441,106.171,1/4,0.449,1991
Pop,Adele,I Miss You,62,0.00936,0.381,348627,0.581,1.43e-05,G,0.455,-4.273,Minor,0.0481,113.218,4/4,0.154,2675
Pop,Selena,Baila Esta Cumbia,63,0.52,0.711,161907,0.803,8.37e-06,C,0.0987,-4.58,Major,0.124,182.92,4/4,0.787,1759
Pop,Herencia de Patrones,Es Dificil Ser Un Santo,63,0.219,0.651,185757,0.492,0.0,D,0.105,-9.013,Major,0.0825,165.903,3/4,0.82,2570
Pop,Boyz II Men,I'll Make Love To You,64,0.119,0.557,236773,0.509,0.0,D,0.0794,-7.928,Major,0.0243,142.408,3/4,0.244,2044
Pop,Ella Mai,Love Me Like That (Champion Love),67,0.0348,0.522,210564,0.592,0.0,G#,0.365,-2.982,Minor,0.0344,135.88,3/4,0.256,1805
Pop,Michael Jackson,Black or White,68,0.172,0.518,254933,0.9,0.0315,A,0.0713,-3.748,Major,0.0933,115.029,4/4,0.872,2369
Pop,Khalid,Love Lies - Rick Ross Remix,62,0.099,0.711,253695,0.673,0.0,F#,0.174,-5.333,Major,0.0549,143.948,4/4,0.391,2336
Pop,Panic! At The Disco,Far Too Young to Die,64,0.00217,0.676,197467,0.756,3.08e-05,G,0.104,-6.528,Minor,0.0446,126.98,4/4,0.543,2907
Pop,Paramore,Brick By Boring Brick,64,9.56e-05,0.436,253947,0.942,0.000438,A,0.209,-2.206,Major,0.0496,164.975,4/4,0.5,2239
Pop,Kygo,Stay,69,0.0444,0.648,239465,0.736,0.000137,G#,0.171,-7.948,Major,0.0385,103.027,4/4,0.378,2204
Pop,John Mayer,Edge of Desire,63,0.326,0.606,332067,0.441,0.0128,A,0.116,-9.303,Major,0.0272,66.443,3/4,0.455,2826
Pop,Crecer German,Quién Te Entiende,66,0.649,0.785,202573,0.387,0.0,F#,0.106,-5.986,Minor,0.0347,121.948,4/4,0.889,3056
Pop,El Bebeto,Seremos,73,0.412,0.712,186933,0.416,0.0,C,0.331,-3.87,Major,0.0294,138.179,4/4,0.551,2821
Pop,blink-182,Feeling This,65,0.103,0.411,172646,0.962,0.0,E,0.529,-5.952,Major,0.0917,173.143,4/4,0.622,2809
Pop,Fastball,The Way,63,0.154,0.653,257093,0.874,1.36e-05,F#,0.307,-5.66,Minor,0.0341,120.84,4/4,0.902,2657
Pop,Kevin Ortiz,Corona de Rosas,67,0.228,0.76,159232,0.729,0.0,C#,0.106,-5.653,Minor,0.0416,117.537,3/4,0.963,1847
Pop,Ed Sheeran,All of the Stars - Soundtrack Version,71,0.0102,0.436,234987,0.562,0.000278,B,0.198,-6.106,Major,0.0278,150.066,4/4,0.24,2757
Pop,BTS,No More Dream,66,0.0124,0.436,221593,0.869,1.6e-06,D,0.494,-5.174,Major,0.472,167.766,4/4,0.612,2507
Pop,Reik,Creo en Ti,71,0.857,0.584,163333,0.268,0.0,D#,0.142,-9.54,Major,0.0258,85.949,4/4,0.441,2795
Pop,Florida Georgia Line,People Are Different,64,0.17,0.505,214213,0.837,0.0,D,0.113,-5.146,Major,0.0358,140.066,4/4,0.623,2406
Pop,BTS,Stigma,65,0.148,0.583,216063,0.475,0.0,C,0.139,-5.556,Minor,0.0846,136.034,4/4,0.332,3003
Pop,Manuel Turizo,Una Vez Más,72,0.455,0.807,252000,0.464,2.05e-06,B,0.139,-7.59,Minor,0.048,139.987,4/4,0.77,2901
Pop,Brothers Osborne,It Ain't My Fault,66,0.00166,0.735,216800,0.831,0.217,A,0.291,-5.898,Major,0.0332,123.017,4/4,0.756,2107
Pop,John Smith,Far Too Good,65,0.83,0.825,219333,0.324,9.49e-05,E,0.115,-11.399,Major,0.032,97.019,4/4,0.553,2156
Pop,Marshmello,Blocks,65,0.000163,0.555,209577,0.844,0.00617,A,0.426,-2.096,Minor,0.0705,142.115,4/4,0.563,2970
Pop,Lil Uzi Vert,Ronda (Winners),62,0.344,0.701,216294,0.585,0.0,F,0.114,-7.613,Minor,0.132,119.634,4/4,0.422,2720
Pop,John Mayer,Changing,64,0.587,0.444,213080,0.336,0.00274,C,0.132,-7.778,Major,0.0282,183.345,3/4,0.392,1788
Pop,Florida Georgia Line,Blessings,63,0.737,0.466,198520,0.672,0.0,E,0.0858,-5.926,Major,0.036,89.081,4/4,0.334,2002
Pop,ILLENIUM,It's All on U - T-Mass & LZRD Remix,63,0.039,0.536,204778,0.782,3.64e-05,G,0.0691,-4.139,Minor,0.0485,154.93,4/4,0.405,1862
Pop,Los Nuevos Ilegales,Yo Fui El Elegante,65,0.296,0.785,146413,0.831,0.0,A,0.176,-4.439,Major,0.193,134.829,3/4,0.581,3065
Pop,BTS,dimple,65,0.142,0.612,196776,0.844,0.0,F,0.287,-4.694,Minor,0.0756,134.868,4/4,0.653,2164
Pop,Simple Plan,Addicted,65,0.000491,0.522,232067,0.751,2.22e-06,C#,0.158,-5.46,Major,0.0435,139.51,3/4,0.605,1977
Pop,Panic! At The Disco,Hurricane,63,0.00393,0.515,265333,0.869,0.0,B,0.434,-4.381,Minor,0.109,122.748,4/4,0.336,1996
Pop,Lennon Stella,Like Everybody Else - Acoustic,65,0.897,0.487,194867,0.146,1.9e-06,A#,0.106,-15.225,Minor,0.038,96.065,4/4,0.261,3032
Pop,Michael Jackson,Wanna Be Startin' Somethin',65,0.0219,0.846,362373,0.922,0.355,F#,0.0623,-4.206,Minor,0.0438,122.195,4/4,0.899,2553
Pop,Heart,Crazy On You,65,0.116,0.427,293440,0.459,0.000103,A,0.132,-12.442,Minor,0.0332,129.878,4/4,0.383,2013
Pop,Marshmello,Paralyzed,65,0.00696,0.5,219718,0.956,0.00138,A,0.533,-1.363,Minor,0.0468,141.975,4/4,0.123,2399
Pop,Natti Natasha,La Mejor Versión de Mi,72,0.707,0.513,134653,0.429,0.0,D,0.0956,-5.856,Major,0.0384,132.328,4/4,0.355,2307
Pop,Bhad Bhabie,These Heaux,64,0.215,0.852,140008,0.577,0.0,F#,0.138,-6.347,Minor,0.16,119.986,4/4,0.448,3020
Pop,Years & Years,Valentino,70,0.0707,0.714,181684,0.729,0.0,B,0.181,-5.194,Minor,0.053,111.053,4/4,0.577,3043
Pop,Sebastian Yatra,No Hay Nadie Más,78,0.861,0.695,199733,0.379,0.0,F#,0.106,-9.096,Major,0.0339,105.108,4/4,0.808,2718
Pop,Post Malone,Congratulations - Remix,62,0.195,0.522,284133,0.726,0.0,A#,0.493,-4.46,Minor,0.154,123.017,4/4,0.491,2692
Pop,Richard Marx,Right Here Waiting,74,0.8,0.395,264333,0.252,0.0,C,0.101,-13.589,Major,0.0301,177.679,4/4,0.126,2227
Pop,Twenty One Pilots,Johnny Boy,64,0.00525,0.561,279053,0.841,4.53e-05,C,0.24,-4.311,Major,0.0515,114.943,4/4,0.356,2485
Pop,Grupo Maximo Grado,El Hombre Del Equipo,64,0.461,0.812,223999,0.759,1.97e-05,C,0.0848,-5.6,Major,0.0501,121.503,3/4,0.845,2755
Pop,Cavetown,Green,63,0.257,0.425,270429,0.34,0.0,D,0.117,-11.208,Major,0.035,134.977,3/4,0.117,2073
Pop,Andrelli,Yung Luv,65,0.219,0.633,210000,0.548,3.88e-05,G#,0.0689,-8.018,Major,0.0523,173.994,4/4,0.541,1760
Pop,Thirty Seconds To Mars,This Is War,66,0.0661,0.404,326983,0.723,1.91e-06,F#,0.233,-5.26,Major,0.0571,160.048,4/4,0.225,2625
Pop,CNCO,Reggaetón Lento (Remix),72,0.15,0.534,188800,0.911,0.0,E,0.0986,-3.086,Minor,0.0852,93.767,4/4,0.624,2065
Pop,John Mayer,Dear Marie,64,0.796,0.601,222720,0.36,0.437,A,0.0883,-10.909,Major,0.0262,94.999,4/4,0.494,2603
Pop,Bryan Adams,(Everything I Do) I Do It For You,67,0.0816,0.519,394133,0.372,4.67e-05,C#,0.0652,-12.635,Major,0.0284,131.227,4/4,0.298,2681
Pop,j-hope,Hope World,65,0.0138,0.706,204931,0.896,0.0,C#,0.595,-4.456,Major,0.16,117.038,4/4,0.767,2736
Pop,All Time Low,Drugs & Candy,62,0.0486,0.49,217680,0.868,0.0,A#,0.0575,-3.943,Major,0.0375,147.979,4/4,0.472,2926
Pop,Marc Anthony,Flor Pálida,71,0.659,0.574,280453,0.802,5.07e-06,G,0.0765,-3.976,Major,0.0316,93.536,4/4,0.739,1852
Pop,Lia Marie Johnson,DNA,62,0.673,0.529,217320,0.385,0.0,C#,0.13,-7.517,Major,0.0288,89.999,4/4,0.168,1727
Pop,John Mayer,Queen of California,64,0.638,0.536,250133,0.738,0.446,E,0.0736,-11.02,Major,0.031,83.048,4/4,0.707,2090
Pop,Florida Georgia Line,Colorado,63,0.153,0.514,177653,0.843,0.0,C#,0.357,-2.696,Major,0.0529,74.919,4/4,0.779,2574
Pop,NU'EST W,Dejavu,65,0.24,0.769,199892,0.661,0.0,G#,0.118,-5.08,Minor,0.133,107.967,4/4,0.552,3051
Pop,Remmy Valenzuela,Mi Princesa,68,0.289,0.679,183600,0.646,0.0,D#,0.0874,-4.619,Major,0.0597,107.017,4/4,0.694,2074
Pop,Jax Jones,Ring Ring (feat. Mabel & Rich The Kid),76,0.172,0.779,217613,0.641,2.03e-06,C#,0.102,-4.912,Minor,0.141,107.032,4/4,0.638,1777
Pop,Marc Anthony,Tu Vida en la Mía,69,0.37,0.68,373200,0.864,0.000309,D,0.373,-3.16,Major,0.0339,93.528,4/4,0.851,1998
Pop,BTS,War of Hormone,65,0.116,0.612,265602,0.993,0.0,A,0.307,-1.895,Major,0.24,98.004,4/4,0.487,1954
Pop,EXID,DDD,66,0.0806,0.718,205821,0.794,0.0,B,0.0679,-2.877,Minor,0.0703,114.285,4/4,0.751,2351
Pop,Anitta,Veneno,80,0.046,0.792,158005,0.768,3.39e-06,E,0.067,-5.074,Minor,0.107,89.917,4/4,0.295,3063
Pop,The Lonely Island,I Just Had Sex,65,0.0175,0.612,166560,0.8,0.0,F#,0.199,-4.284,Major,0.167,167.958,4/4,0.786,3054
Pop,Alfredo Olivas,El Día De Los Muertos,71,0.267,0.507,203800,0.456,1.61e-05,G,0.278,-5.625,Minor,0.0487,200.604,3/4,0.964,2066
Pop,LANY,Run,66,0.123,0.705,228192,0.382,0.0,G#,0.102,-9.819,Minor,0.0694,109.977,4/4,0.453,2511
Pop,Fonseca,Te Mando Flores,72,0.214,0.696,227736,0.848,0.0,C,0.0987,-7.839,Major,0.0602,102.038,4/4,0.898,3008
Pop,BLACKPINK,See U Later,64,0.0376,0.741,198867,0.926,0.0,A,0.582,-3.968,Minor,0.112,106.99,4/4,0.571,1971
Pop,Khalid,Better - noclue? Remix,63,0.0139,0.602,212500,0.668,4.75e-05,C,0.219,-7.482,Minor,0.099,120.002,4/4,0.244,1988
Pop,BLACKPINK,STAY,70,0.569,0.628,230400,0.433,7.71e-06,C#,0.104,-6.808,Major,0.0383,88.074,4/4,0.343,2735
Pop,SEVENTEEN,CLAP,67,0.141,0.722,167797,0.918,0.0,G#,0.409,-2.952,Major,0.0607,100.024,4/4,0.831,2031
Pop,Panic! At The Disco,Memories,62,0.000473,0.489,205533,0.958,0.0,C#,0.401,-2.731,Minor,0.05,132.975,4/4,0.427,2800
Pop,Kansas,Dust in the Wind,77,0.367,0.475,206267,0.322,0.00056,G,0.11,-10.687,Major,0.0283,93.503,4/4,0.387,1947
Pop,Virlan Garcia,Iván Archivaldo,64,0.483,0.695,192547,0.626,0.0,F,0.22,-5.329,Major,0.0324,112.441,3/4,0.95,1904
Rap,Lil Mosey,Rarri,70,0.0977,0.763,105347,0.583,1.45e-06,C#,0.15,-7.315,Minor,0.0838,82.982,4/4,0.809,1482
Rap,Lil Tjay,Leaked,67,0.816,0.759,220333,0.613,0.0,G,0.0816,-7.91,Major,0.105,97.012,4/4,0.329,1507
Rap,Timmies,Tell Me Why I'm Waiting,73,0.8,0.671,123891,0.277,0.000325,F#,0.0657,-11.185,Minor,0.0549,124.008,4/4,0.173,1534
Rap,6ix9ine,KOODA,72,0.175,0.885,142582,0.641,0.0,C#,0.234,-4.455,Major,0.351,91.167,4/4,0.201,1520
Rap,Trippie Redd,Diamond Minds,68,0.567,0.678,185828,0.477,0.0,G,0.11,-9.626,Major,0.0836,92.963,4/4,0.481,1555
Rap,Trippie Redd,Dark Knight Dummo,70,0.167,0.28,256163,0.821,0.0,G#,0.139,-2.864,Minor,0.111,181.444,3/4,0.254,1450
Rap,A Boogie Wit da Hoodie,Say A',67,0.391,0.831,214854,0.814,0.0,F,0.109,-5.18,Major,0.474,161.041,4/4,0.846,1505
Rap,Lil Mosey,Fu shit,68,0.382,0.666,158049,0.609,0.0,C#,0.128,-7.567,Major,0.0466,82.024,4/4,0.541,1493
Rap,Lil Peep,Problems,70,0.000144,0.64,209213,0.558,0.865,C#,0.103,-7.078,Major,0.0271,115.007,4/4,0.207,1479
Rap,Josh A,Suicidal Thoughts,71,0.217,0.372,181728,0.656,0.0,C#,0.418,-6.086,Major,0.0776,140.171,4/4,0.15,1515
Rap,Everlast,What It's Like,68,0.0904,0.678,303133,0.556,0.0334,C,0.0866,-7.423,Major,0.0281,85.158,4/4,0.405,1494
Rap,Blueface,Fucced Em,64,0.128,0.909,104767,0.43,7.21e-05,C#,0.125,-10.087,Major,0.585,110.147,4/4,0.113,1445
Rap,Trippie Redd,Fire Starter,66,0.0023,0.51,157500,0.707,0.0,D#,0.436,-4.913,Minor,0.0675,147.853,4/4,0.318,1544
Rap,Kuzu Mellow,Sunflower Feelings,68,0.756,0.824,88644,0.448,3.5e-05,C,0.126,-14.694,Major,0.0945,129.989,4/4,0.565,1458
Rap,Trippie Redd,Wicked,66,0.0883,0.812,138449,0.534,1.95e-06,E,0.141,-6.6,Minor,0.121,98.017,4/4,0.223,1537
Rap,A Boogie Wit da Hoodie,Fall In Love,65,0.261,0.842,214857,0.727,0.0,C,0.131,-6.241,Major,0.0675,107.994,4/4,0.721,1531
Rap,Trippie Redd,Me Likey,65,0.157,0.702,161110,0.561,0.0,C,0.166,-6.051,Minor,0.0491,144.127,4/4,0.295,1485
Rap,Trippie Redd,A.L.L.T.Y. 3,65,0.111,0.561,180800,0.785,0.0,G#,0.121,-5.376,Minor,0.452,150.159,4/4,0.458,1487
Rap,Blai$y,World Without You,66,0.645,0.703,106696,0.34,0.0071,G,0.106,-14.309,Major,0.209,107.943,4/4,0.0992,1446
Rap,Trippie Redd,In Too Deep,65,0.0944,0.614,223139,0.582,0.0,C,0.227,-5.703,Major,0.0488,143.017,4/4,0.153,1463
Rap,Trippie Redd,Bird Shit,65,0.0493,0.78,228960,0.566,0.0,C,0.18,-8.354,Major,0.12,159.965,4/4,0.476,1550
Rap,Aries,SAYONARA,66,0.0111,0.548,180789,0.63,0.000721,F,0.128,-6.1,Major,0.0343,75.972,4/4,0.338,1428
Rap,Lil Mosey,Trapstar,65,0.261,0.682,144000,0.662,0.0,G,0.115,-5.782,Major,0.0398,159.926,4/4,0.171,1436
Rap,Young Dolph,Break The Bank (feat. Offset),63,0.00445,0.941,184187,0.671,0.00284,G#,0.139,-6.259,Major,0.322,140.048,4/4,0.198,1491
Rap,Upchurch,Hillbilly,62,0.0651,0.787,150857,0.752,0.0,D,0.108,-5.293,Major,0.105,140.04,4/4,0.199,1552
Rap,Mike Sherm,Hot Nigga,62,0.0998,0.86,96095,0.553,0.056,D,0.264,-9.096,Major,0.0665,106.985,4/4,0.131,1478
Rap,A Boogie Wit da Hoodie,Pretending (feat. Jessie Reyez),64,0.206,0.649,177339,0.558,1.05e-06,E,0.156,-5.675,Minor,0.425,75.087,4/4,0.15,1473
Rap,Yung Gravy,Flex Season,63,0.103,0.722,163500,0.697,0.0,F#,0.209,-7.389,Minor,0.157,130.012,4/4,0.706,1504
Rap,Trippie Redd,Hellboy,63,0.576,0.577,188277,0.647,0.0,A,0.263,-4.493,Minor,0.169,139.672,4/4,0.489,1465
Rap,frumhere,brooklyn baby,67,0.81,0.579,141500,0.34,0.249,E,0.126,-15.129,Minor,0.313,135.652,4/4,0.185,1435
Rap,Trippie Redd,Camp Fire Tale,62,0.447,0.671,149625,0.249,9.45e-06,F#,0.125,-10.896,Major,0.0349,80.097,4/4,0.154,1513
Rap,Ollie MN,Please Never Fall in Love Again,64,0.838,0.646,154000,0.0828,1.2e-05,A#,0.0934,-16.205,Major,0.0435,108.826,4/4,0.293,1451
Rap,Ollie MN,Wish the World Away,65,0.845,0.704,154000,0.41,0.753,D#,0.113,-10.973,Minor,0.031,120.019,4/4,0.192,1477
Rap,Roddy Ricch,Ricch Forever,64,0.276,0.699,267442,0.512,0.0,F,0.175,-8.965,Minor,0.256,79.012,4/4,0.212,1498
Rap,Killstation,Cold Weather,63,0.736,0.418,123273,0.484,1.35e-06,A,0.243,-9.126,Minor,0.0294,109.723,4/4,0.0562,1500
Rap,Kanye West,Blame Game,62,0.305,0.425,469867,0.581,6.3e-05,A#,0.11,-5.964,Minor,0.0646,83.352,4/4,0.636,1501
Rap,Yung Gravy,Boomin,62,0.123,0.798,134431,0.624,9.08e-06,B,0.184,-8.789,Minor,0.161,100.027,4/4,0.199,1523
Rap,Colt Ford,Workin' on,66,0.0658,0.521,224700,0.804,0.0,C,0.0521,-4.395,Major,0.0569,143.952,4/4,0.553,1467
Rap,BONES,HDMI,65,0.698,0.708,139375,0.298,0.772,G,0.304,-16.427,Major,0.0578,124.863,4/4,0.118,1496
Rap,Lund,Alone,64,0.654,0.742,254000,0.355,0.703,D,0.384,-15.506,Major,0.0814,120.018,4/4,0.037,1470
Rap,Beowülf,Today Is a Gift,66,0.557,0.763,154776,0.314,0.873,F,0.114,-16.465,Major,0.118,141.995,4/4,0.509,1488
Rap,Amenazzy,Solo,70,0.3,0.637,231909,0.513,0.000571,B,0.0981,-6.846,Minor,0.283,196.088,4/4,0.27,1540
Rap,BONES,Sodium,62,0.199,0.756,115333,0.317,0.874,E,0.0746,-15.468,Minor,0.0703,121.001,4/4,0.108,1437
Rap,Ondi Vil,Please Come Back,62,0.51,0.737,121522,0.241,0.00572,A,0.108,-16.034,Minor,0.0882,100.0,4/4,0.345,1480
Rap,Sneakk,Spray (feat. Tyga & YG),64,0.176,0.737,220293,0.659,0.0,A,0.134,-5.621,Major,0.264,191.965,4/4,0.465,1433
Rap,guccihighwaters,oh fuck im drunk,63,0.846,0.71,161897,0.394,2.35e-06,D#,0.11,-9.959,Minor,0.0367,120.145,4/4,0.198,1476
Rap,Lil Happy Lil Sad,Survive,62,0.812,0.809,153913,0.232,0.00227,A,0.09,-12.797,Major,0.0495,115.034,4/4,0.371,1549
Rap,Linkin Park,My December,63,0.375,0.73,260560,0.585,0.0101,C,0.147,-9.274,Major,0.0238,100.021,4/4,0.721,1490
Rap,Macklemore,And We Danced (feat. Ziggy Stardust),65,0.458,0.758,246213,0.676,0.0,F,0.0954,-6.598,Major,0.0792,124.998,4/4,0.712,1541
Rap,Shaggy,Boombastic,65,0.242,0.866,249933,0.538,1.67e-05,D,0.316,-16.183,Major,0.36,158.323,4/4,0.78,1442
Rap,Timmies,I Dont Wanna Know Her,62,0.602,0.835,122205,0.288,0.00461,A,0.352,-14.701,Minor,0.341,109.934,3/4,0.359,1509
Rap,El Alfa,Tecnobow (feat. Diplo),65,0.126,0.805,228655,0.867,6.67e-06,D,0.188,-4.67,Major,0.181,119.027,4/4,0.753,1527
Rap,Mark B.,Playa y Arena (Remix),63,0.0654,0.815,237042,0.693,0.000445,D,0.0714,-6.298,Minor,0.0782,126.01,4/4,0.803,1499
Rap,Macklemore,Ain't Gonna Die Tonight (feat. Eric Nally),62,0.232,0.687,214720,0.768,0.0,G,0.118,-5.579,Minor,0.14,81.977,4/4,0.865,1469
Rap,Vice,Make Up (feat. Ava Max) - MOTi Remix,62,0.0509,0.687,170625,0.728,0.0,F#,0.216,-4.969,Minor,0.125,127.95,4/4,0.439,1536
Rap,El Alfa,Demaga Ge Gi Go Gu,63,0.638,0.609,218921,0.904,0.00416,G#,0.229,-2.619,Major,0.324,149.149,5/4,0.471,1518
Rap,Alle Farben,H.O.L.Y.,71,0.215,0.565,175440,0.645,0.0,C,0.184,-5.858,Minor,0.0563,100.064,4/4,0.483,1481
Rap,Lirico En La Casa,Marianela,64,0.214,0.831,186723,0.761,0.0219,G#,0.0615,-6.944,Major,0.0579,117.009,4/4,0.793,1466
Rap,Alle Farben,Fading,80,0.0232,0.734,207013,0.76,0.0,B,0.127,-5.267,Minor,0.0415,122.072,4/4,0.685,1422
Rap,Luke Christopher,I WALK UP,62,0.828,0.472,181445,0.43,0.0,F#,0.135,-6.29,Major,0.135,90.71,4/4,0.741,1431
Reggae,Sublime,Santeria,73,0.0268,0.682,182747,0.765,3.42e-05,C#,0.188,-5.021,Minor,0.0395,90.807,4/4,0.567,3080
Reggae,Sublime,What I Got,70,0.00877,0.804,170907,0.696,0.000985,G,0.314,-7.47,Major,0.0899,95.721,4/4,0.657,3086
Reggae,Slightly Stoopid,Closer to the Sun,64,0.203,0.572,145560,0.728,0.00263,G,0.231,-5.534,Major,0.0275,75.179,4/4,0.535,3097
Reggae,Bob Marley & The Wailers,Redemption Song,71,0.578,0.684,233560,0.248,0.0,C,0.0643,-10.505,Major,0.0435,116.002,4/4,0.621,3079
Reggae,Bob Marley & The Wailers,Is This Love,68,0.119,0.775,230800,0.563,0.0,F#,0.155,-8.225,Minor,0.0815,122.269,4/4,0.786,3099
Reggae,Iration,Summer Nights,63,0.0201,0.835,236093,0.609,1.28e-06,A,0.107,-5.636,Major,0.0336,130.154,4/4,0.781,3088
Reggae,Tash Sultana,Notion,62,0.391,0.352,341000,0.414,0.00831,E,0.185,-6.6,Minor,0.0254,60.042,4/4,0.0688,3094
Reggae,Sublime,Wrong Way,64,0.0623,0.69,136147,0.681,0.0,A,0.137,-5.653,Major,0.0379,75.034,4/4,0.911,3074
Reggae,Slightly Stoopid,Collie Man,62,0.183,0.61,133080,0.706,0.000587,C,0.218,-7.084,Major,0.0483,170.087,3/4,0.344,3087
Reggae,Bob Marley & The Wailers,Satisfy My Soul,68,0.00333,0.779,271000,0.418,0.000138,G,0.252,-9.207,Major,0.188,127.942,4/4,0.425,3084
Reggae,Ziggy Marley,Beach In Hawaii,62,0.211,0.807,220413,0.458,9.01e-06,A,0.0839,-9.594,Minor,0.0361,100.959,4/4,0.874,3081
Reggae,UB40,(I Can't Help) Falling In Love With You,67,0.0444,0.642,207440,0.722,0.00388,D,0.122,-13.031,Major,0.0375,172.406,4/4,0.836,3096
Reggae,Bob Marley & The Wailers,One Drop,64,0.12,0.901,231773,0.478,1.05e-05,C,0.165,-7.39,Major,0.237,121.244,4/4,0.828,3095
Reggae,Bob Marley & The Wailers,Pimper's Paradise,65,0.00499,0.939,207773,0.642,0.0,A,0.0427,-8.189,Minor,0.0525,134.709,4/4,0.967,3072
Reggae,Bob Marley & The Wailers,Exodus,63,0.0296,0.869,460227,0.735,0.00339,G,0.163,-8.501,Major,0.0552,132.821,4/4,0.944,3078
Reggae,Snow,Informer,66,0.0984,0.763,268910,0.742,0.0,F#,0.38,-10.975,Minor,0.188,98.145,4/4,0.483,3085
Reggae,Damian Marley,Medication,64,0.0318,0.865,222467,0.562,0.0,A#,0.246,-6.811,Minor,0.251,85.02,4/4,0.81,3083
Reggae,MAGIC!,Rude (Acoustic),71,0.358,0.736,223854,0.847,0.0,C#,0.101,-4.287,Major,0.0756,143.996,4/4,0.915,3091
Reggae,Sie7e,Tengo Tu Love,65,0.241,0.702,231573,0.741,0.0,G,0.117,-8.111,Major,0.0449,94.999,4/4,0.7,3071
Reggae,Ocean Alley,Lemonworld,62,0.094,0.458,194554,0.614,0.0,E,0.33,-6.336,Minor,0.0322,149.228,4/4,0.485,3077
Reggae,Santaferia,El Gil de Tu Ex,70,0.49,0.774,193827,0.77,1.25e-06,G,0.311,-3.074,Major,0.0426,91.995,4/4,0.874,3093
Reggae,Los Cafres,Si el Amor Se Cae - Versión 25 Años [Live],63,0.206,0.481,238667,0.636,0.0,D,0.688,-6.354,Major,0.0354,166.254,4/4,0.732,3092
Reggae,Nonpalidece,La Flor,63,0.234,0.672,314773,0.651,0.000515,A#,0.936,-7.573,Major,0.0461,149.062,4/4,0.532,3090
Reggae,Natiruts,Andei Só - Ao Vivo,66,0.207,0.585,263107,0.622,0.0,C#,0.83,-6.865,Minor,0.0305,145.954,4/4,0.612,3082
Reggae,Gabriel Elias,Fiz Esse Som Pra Você,65,0.00967,0.667,203008,0.845,0.0,C#,0.411,-8.755,Minor,0.0304,120.002,4/4,0.966,3098
Reggae,Natiruts,Você Me Encantou Demais - Ao Vivo,62,0.0733,0.727,211373,0.56,5.17e-05,F#,0.734,-7.539,Minor,0.0428,87.973,4/4,0.441,3075
Reggae,Villa Cariño,Serenata cruel,65,0.166,0.553,272045,0.789,0.0,G,0.0786,-4.426,Major,0.0549,206.673,4/4,0.969,3076
Reggae,Rael,Envolvidão,63,0.7,0.693,205720,0.773,0.0,G#,0.0827,-4.193,Major,0.0985,87.067,4/4,0.937,3089
Reggae,Youssoupha,Par amour,63,0.0118,0.716,217827,0.597,4.84e-05,G,0.0964,-7.275,Major,0.0387,96.937,4/4,0.443,3073
Indie,Khel Pangilinan,Weak,73,0.179,0.71,211200,0.373,0.0,F,0.156,-10.611,Minor,0.0618,127.064,4/4,0.141,1673
Indie,Amy Shark,All Loved Up,66,0.0264,0.565,210000,0.603,4.02e-05,A,0.0738,-6.33,Major,0.177,177.996,4/4,0.171,1697
Indie,Travis Atreo,Clean,63,0.826,0.4,270000,0.25,0.0,C,0.118,-9.111,Major,0.036,207.528,4/4,0.308,1613
Indie,James Smith,T-Shirts - Acoustic,62,0.844,0.378,195481,0.254,0.0,G,0.111,-9.021,Major,0.0353,78.978,4/4,0.373,1606
Indie,Clementine Duo,Don't Stop Believing,63,0.903,0.653,251820,0.227,0.0,C,0.105,-11.138,Major,0.0277,99.912,4/4,0.284,1644
Indie,Kurt Hugo Schneider,Just A Dream,62,0.193,0.439,263598,0.751,4.61e-05,A,0.0577,-7.632,Major,0.0527,164.103,4/4,0.221,1608
Indie,Her,Five Minutes,62,0.415,0.612,228507,0.561,0.000758,A#,0.104,-7.038,Minor,0.0529,100.125,4/4,0.446,1611
Indie,Maygen Lacey,Malibu - Acoustic,64,0.95,0.725,244631,0.161,4.85e-05,E,0.112,-12.642,Major,0.0391,112.054,4/4,0.0879,1674
Indie,Liam Gallagher,Wall Of Glass,64,6.42e-05,0.351,223547,0.939,0.00113,C,0.296,-4.469,Major,0.0564,182.067,4/4,0.321,1595
Indie,Broken Back,Happiest Man on Earth - Radio Edit,64,0.227,0.761,183480,0.709,2.29e-06,G#,0.289,-6.976,Minor,0.0547,119.997,4/4,0.777,1666
Indie,Vendredi sur Mer,Les filles désir,62,0.338,0.582,196813,0.548,0.114,D#,0.0962,-8.018,Minor,0.0462,80.038,4/4,0.38,1560
Indie,The Pirouettes,L'escalier,63,0.0623,0.758,208987,0.682,0.00111,C,0.335,-5.794,Minor,0.0496,111.963,4/4,0.923,1563
Indie,Clara Luciani,La grenade,71,0.138,0.724,194493,0.697,0.000717,B,0.126,-6.594,Minor,0.0539,130.014,4/4,0.961,1685
Indie,Tyler Ward,Shallow,65,0.825,0.332,182553,0.282,0.0,G,0.104,-7.257,Major,0.044,187.057,4/4,0.234,1641
Indie,Peking Duk,Sugar,69,0.00415,0.529,191574,0.722,0.00155,G#,0.207,-5.931,Major,0.0418,97.004,4/4,0.467,1660
Indie,Sara Farell,Issues - Acoustic,63,0.742,0.627,189732,0.307,0.0,F#,0.106,-6.994,Major,0.0313,104.669,4/4,0.471,1566
Indie,This Band,'Di Na Babalik,69,0.323,0.571,371893,0.469,0.000579,A#,0.217,-9.605,Major,0.029,136.028,4/4,0.253,1661
Jazz,"Earth, Wind & Fire",September,79,0.114,0.697,214827,0.809,0.000521,A,0.183,-8.197,Major,0.0302,125.941,4/4,0.98,3104
Jazz,Louis Armstrong,What A Wonderful World - Single Version,66,0.729,0.271,139227,0.165,1.6e-06,F,0.118,-20.652,Major,0.0351,77.082,4/4,0.203,3115
Jazz,Duke Ellington,My Little Brown Book,65,0.942,0.372,319733,0.187,0.139,C,0.161,-13.497,Minor,0.0323,70.334,4/4,0.217,3108
Jazz,Bill Evans,Gary's Theme - 2003 Remastered Version,66,0.905,0.42,257693,0.0802,0.857,G,0.135,-21.795,Major,0.04,122.041,3/4,0.0541,3125
Jazz,Chet Baker,Polka Dots And Moonbeams,65,0.989,0.476,588760,0.19,0.733,D,0.588,-17.266,Minor,0.0432,109.795,4/4,0.249,3114
Jazz,Bill Evans,Skating In Central Park,65,0.993,0.478,324200,0.0294,0.948,C,0.105,-25.319,Major,0.0453,124.307,3/4,0.148,3120
Jazz,Eddie Henderson,After You've Gone,63,0.986,0.382,424243,0.158,0.823,A#,0.127,-12.962,Major,0.0466,46.95,4/4,0.314,3116
Jazz,Andy Williams,It's the Most Wonderful Time of the Year,68,0.766,0.24,151933,0.598,0.0,G,0.117,-8.435,Major,0.037,202.082,3/4,0.776,3101
Jazz,Scott Hamilton,Young and Foolish,63,0.965,0.456,330615,0.276,0.0525,F,0.0775,-7.419,Major,0.0316,103.335,4/4,0.157,3105
Jazz,Nat King Cole,L-O-V-E,65,0.679,0.425,155307,0.373,0.0,E,0.077,-7.543,Major,0.0797,78.225,4/4,0.663,3117
Jazz,Tord Gustavsen Trio,Curves,63,0.963,0.515,379533,0.0283,0.927,A,0.0906,-28.954,Major,0.0402,100.598,4/4,0.0886,3123
Jazz,digitalluc,003,62,0.873,0.691,139521,0.296,0.0424,C#,0.103,-11.216,Major,0.242,84.922,4/4,0.399,3124
Jazz,Bill Evans Trio,My Foolish Heart,62,0.935,0.395,297320,0.121,0.397,A,0.697,-23.427,Major,0.0327,114.519,4/4,0.139,3111
Jazz,Nat King Cole,The Christmas Song (Merry Christmas To You),62,0.92,0.319,192160,0.21,8.06e-05,C#,0.138,-15.231,Major,0.0341,78.696,4/4,0.209,3106
Jazz,Puerto Rican Power,Tu Cariñito,68,0.33,0.691,251253,0.873,1.63e-06,F,0.0362,-8.758,Minor,0.0382,93.685,4/4,0.916,3100
Jazz,The Emotions,Best of My Love,67,0.447,0.784,220560,0.713,0.14,C,0.0904,-6.865,Major,0.0339,115.443,4/4,0.97,3109
Jazz,Nina Simone,I Put A Spell On You,65,0.745,0.327,155027,0.39,0.000339,F#,0.198,-9.094,Minor,0.0337,177.357,3/4,0.401,3118
Jazz,Louis Armstrong,Summertime,63,0.907,0.152,298133,0.0882,0.00371,G#,0.107,-21.102,Minor,0.0336,65.923,4/4,0.121,3102
Jazz,The Meters,Cissy Strut,62,0.115,0.53,181840,0.811,0.831,C,0.348,-9.343,Major,0.0997,176.142,4/4,0.708,3113
Jazz,leaf beach,Solitude,62,0.199,0.844,110305,0.521,0.937,E,0.136,-7.993,Minor,0.0763,87.998,4/4,0.118,3119
Jazz,Yes,Roundabout - Remastered Version,65,0.0682,0.41,510573,0.761,0.0077,E,0.0758,-9.453,Minor,0.0687,132.889,4/4,0.391,3126
Jazz,George Benson,Nothing's Gonna Change My Love for You,64,0.764,0.553,242679,0.614,0.0,C#,0.0811,-5.098,Major,0.0306,136.628,4/4,0.345,3107
Jazz,Willie Colón,Talento De Televisión,68,0.701,0.779,279320,0.796,3.99e-05,D,0.0636,-6.675,Major,0.0434,104.947,4/4,0.938,3121
Jazz,Diana Krall,Let's Fall In Love,62,0.844,0.617,258960,0.16,0.00019,F,0.139,-16.934,Minor,0.0471,124.433,4/4,0.466,3127
Jazz,Patti Austin,"Baby, Come To Me",65,0.551,0.631,215387,0.503,0.0,G,0.137,-12.083,Minor,0.0766,90.205,4/4,0.699,3103
Jazz,Héctor Lavoe,La Murga,62,0.426,0.544,333560,0.771,0.00265,D,0.0624,-7.53,Major,0.0436,88.539,4/4,0.824,3122
Jazz,Willie Colón,El Gran Varon,62,0.581,0.645,414707,0.665,0.0,G,0.0391,-5.519,Minor,0.0384,94.115,4/4,0.369,3110
Pop,Maná,Rayando El Sol,69,0.45,0.643,250107,0.809,1.22e-06,G,0.154,-3.275,Major,0.028,112.677,4/4,0.499,2487
Pop,Owl City,Vanilla Twilight,62,0.00961,0.582,231707,0.529,0.000554,B,0.113,-7.637,Major,0.0248,166.134,4/4,0.567,1861
Pop,John Mayer,Roll it on Home,62,0.624,0.611,202813,0.696,0.014,D,0.124,-6.737,Major,0.0302,154.954,4/4,0.706,1754
Pop,Florida Georgia Line,Sun Daze,62,0.103,0.477,184707,0.952,2.38e-06,E,0.441,-3.715,Major,0.0402,170.099,4/4,0.867,2321
Pop,BTS,Awake,64,0.023,0.357,226161,0.498,1.99e-06,D#,0.269,-6.589,Major,0.0332,142.816,4/4,0.339,2019
Pop,Johnny Nash,I Can See Clearly Now - Edit,66,0.633,0.681,164733,0.373,0.00113,D,0.0751,-13.2,Major,0.0568,123.423,4/4,0.623,2456
Pop,Roxette,Listen to Your Heart,73,0.108,0.539,328093,0.583,0.0,C#,0.111,-4.935,Minor,0.0275,86.063,4/4,0.337,2891
Pop,Franco De Vita,Tú de Qué Vas,73,0.405,0.607,238160,0.629,0.0,B,0.203,-5.931,Major,0.0316,80.11,4/4,0.567,2493
Pop,Daniela Andrade,La Vie En Rose,66,0.844,0.475,105500,0.149,0.0,E,0.14,-11.429,Major,0.0395,95.423,4/4,0.318,2338
Pop,BTS,Begin,64,0.00361,0.566,229740,0.844,0.000257,A,0.141,-5.222,Minor,0.0444,131.049,4/4,0.291,2839
Pop,Ed Sheeran,Happier - Acoustic,70,0.0425,0.493,206209,0.4,1.47e-06,C,0.133,-8.117,Major,0.0261,91.004,4/4,0.15,1964
Pop,NCT,일곱 번째 감각 The 7th Sense,63,0.0124,0.682,214035,0.502,8.45e-06,D,0.107,-9.507,Major,0.0713,108.08,4/4,0.218,2710
Pop,Logan Paul,Help Me Help You (feat. Why Don't We),62,0.205,0.811,152822,0.641,0.0,C#,0.547,-4.167,Minor,0.256,134.971,4/4,0.781,2611
Pop,Ed Sheeran,One,68,0.877,0.464,252760,0.321,0.0,D,0.0789,-11.12,Major,0.0418,93.528,4/4,0.306,2917
Pop,Florida Georgia Line,Sittin’ Pretty,62,0.344,0.586,186413,0.939,1.21e-06,C,0.181,-3.252,Major,0.0759,147.894,4/4,0.805,2503
Pop,Matchbox Twenty,If You're Gone,64,0.427,0.544,274933,0.659,1.33e-06,A,0.126,-7.191,Major,0.0298,109.933,4/4,0.361,2142
Pop,Lana Del Rey,Beautiful People Beautiful Problems (feat. Stevie Nicks),63,0.834,0.509,253532,0.43,0.000854,F,0.0927,-8.387,Major,0.0325,122.919,4/4,0.128,2183
Pop,David Bisbal,A Partir De Hoy,77,0.186,0.652,196803,0.857,0.0,F#,0.377,-5.044,Major,0.0676,163.963,4/4,0.504,1872
Pop,James Bay,Let It Go - James Bay Spotify Session 2015,72,0.879,0.5,285867,0.213,7.37e-06,C#,0.721,-9.095,Major,0.0462,140.053,3/4,0.37,2557
Pop,Abraham Mateo,Loco Enamorado,70,0.226,0.69,252200,0.872,0.0,B,0.0858,-2.984,Minor,0.0588,94.0,4/4,0.731,2906
Pop,The Arcadian Wild,Hers,62,0.971,0.302,161750,0.187,0.898,G#,0.118,-18.961,Major,0.0579,132.937,4/4,0.0873,2963
Pop,Fall Out Boy,Grand Theft Autumn / Where Is Your Boy,62,0.000706,0.628,191373,0.886,0.0,D,0.275,-3.805,Major,0.0608,135.45,4/4,0.72,1984
Pop,Jesper Jenset,Bad Vibrations,69,0.00417,0.768,199380,0.589,2.67e-05,G#,0.136,-8.991,Minor,0.0403,97.979,4/4,0.757,2928
Pop,GOT7,딱 좋아(Just right),64,0.233,0.76,222399,0.781,0.0,B,0.106,-2.881,Minor,0.0641,95.97,4/4,0.736,2160
Pop,Diplo,Welcome to the Party (feat. Lil Pump),64,0.114,0.618,181720,0.845,0.0,D,0.415,0.175,Major,0.132,171.921,4/4,0.486,2590
Pop,CLC,BLACK DRESS,65,0.0307,0.728,193609,0.821,0.0,C,0.0386,-3.129,Major,0.0419,108.001,4/4,0.816,2126
Pop,Jack Ü,Mind (feat. Kai),67,0.117,0.502,242069,0.777,2.91e-06,C#,0.0957,-4.627,Major,0.0934,174.153,4/4,0.356,1915
Pop,TWICE,CHEER UP,67,0.139,0.548,208862,0.885,0.0,F#,0.0716,-1.48,Major,0.125,172.946,4/4,0.509,2163
Pop,Jack Ü,To Ü (feat. AlunaGeorge),66,0.134,0.485,237000,0.928,2.92e-05,A#,0.217,-3.451,Minor,0.445,160.165,4/4,0.348,2519
Pop,Mamamoo,Wind flower,65,0.656,0.735,236816,0.795,0.0,C,0.0665,-2.918,Major,0.0518,113.988,4/4,0.825,2416
Pop,Riverdale Cast,Mad World,70,0.59,0.476,188180,0.343,0.0,D#,0.128,-10.417,Major,0.0339,171.764,4/4,0.239,2015
Pop,Brothers Osborne,21 Summer,63,0.0246,0.644,214387,0.89,2.57e-05,D,0.103,-6.993,Major,0.0332,112.027,4/4,0.619,2278
Pop,Shawn Hook,Reminding Me,63,0.0791,0.563,209924,0.58,0.0,A,0.085,-4.869,Minor,0.0459,132.854,4/4,0.26,2644
Pop,Marshmello,Power,65,0.00292,0.58,222000,0.895,0.731,C#,0.079,-3.702,Minor,0.0367,140.023,4/4,0.97,3052
Pop,Ed Sheeran,...Baby One More Time - Recorded at Spotify Studios NYC,70,0.189,0.792,177215,0.307,0.0,B,0.0834,-6.224,Minor,0.0522,104.511,4/4,0.631,1966
Pop,Phantom Planet,California - Tchad Blake Mix,67,0.0387,0.4,193933,0.805,5.4e-05,E,0.109,-7.305,Major,0.0407,158.459,4/4,0.324,2604
Pop,SUPER JUNIOR,Lo Siento,66,0.0705,0.746,226184,0.738,0.0,A,0.043,-3.67,Major,0.207,94.808,4/4,0.63,2312
Pop,Nacho,Casualidad,72,0.0453,0.835,184680,0.855,0.0,A#,0.147,-5.041,Minor,0.0701,101.067,4/4,0.867,2556
Pop,Jovanny Cadena Y Su Estilo Privado,Así Quería Mirarte,63,0.692,0.706,217284,0.695,0.0,F,0.13,-2.922,Major,0.0316,149.043,3/4,0.885,1941
Pop,Johnny Orlando,What If,65,0.189,0.735,219187,0.584,0.0,C#,0.125,-5.047,Major,0.14,93.016,4/4,0.395,2968
Pop,EXID,Up & Down,65,0.00189,0.714,189882,0.812,1.96e-06,G,0.229,-2.703,Major,0.0351,112.018,4/4,0.377,2618
Pop,Reyli Barba,Amor del Bueno,73,0.317,0.77,242027,0.373,0.0,C#,0.217,-6.931,Major,0.0328,131.975,4/4,0.293,2539
Pop,The Piano Guys,A Thousand Years,64,0.989,0.23,275973,0.217,0.892,A#,0.0844,-13.464,Major,0.0386,157.084,3/4,0.156,2324
Pop,Kasbo,Found You,64,0.395,0.478,196010,0.634,0.00889,C,0.599,-6.092,Major,0.0728,180.185,4/4,0.121,2409
Pop,Maite Perroni,Loca (feat. Cali Y El Dandee),72,0.11,0.751,234366,0.839,0.0,A,0.0865,-3.367,Major,0.054,95.019,4/4,0.639,2386
Pop,BTS,Boyz with Fun,63,0.0808,0.704,244156,0.959,0.0,C#,0.383,-2.607,Minor,0.192,116.024,4/4,0.751,2847
Pop,Sixpence None The Richer,There She Goes,65,0.000856,0.498,164280,0.789,5.83e-06,A#,0.104,-5.724,Major,0.0319,120.176,4/4,0.455,1944
Pop,Lana Del Rey,Heroin,63,0.556,0.352,355184,0.41,0.0113,B,0.114,-8.796,Minor,0.0388,118.721,4/4,0.0952,2165
Pop,Monsta X,Jealousy,63,0.00701,0.695,207030,0.852,0.0,F#,0.14,-4.528,Minor,0.127,102.988,4/4,0.496,1860
Pop,NerdOut,The Fortnite Rap Battle,64,0.000975,0.687,236069,0.716,0.0,A#,0.127,-6.631,Minor,0.341,94.838,4/4,0.538,2679
Pop,El Fantasma,Las Verdades (En Vivo),62,0.751,0.763,150990,0.391,6.12e-06,C,0.0844,-7.405,Major,0.116,113.632,3/4,0.966,2401
Pop,Shawn Mendes,Mercy - Acoustic,68,0.712,0.458,219160,0.347,0.0,B,0.11,-6.651,Minor,0.0381,78.928,4/4,0.431,2105
Pop,Ed Sheeran,Afire Love,65,0.464,0.552,314280,0.637,1.63e-05,F,0.136,-6.568,Major,0.0445,97.97,4/4,0.333,2425
Pop,Michael Jackson,I Just Can't Stop Loving You - 2012 Remaster,66,0.667,0.657,251760,0.467,1.92e-06,F,0.0295,-8.925,Major,0.0341,100.139,4/4,0.276,2948
Pop,ATEEZ,Treasure,63,0.0827,0.657,220846,0.866,0.0,F#,0.081,-3.464,Minor,0.0704,133.966,4/4,0.654,2642
Pop,Lucas Estrada,Everything with You,73,0.192,0.744,166976,0.678,0.00197,A,0.451,-8.041,Major,0.047,117.957,4/4,0.523,1736
Pop,MINO,BODY,62,0.0326,0.754,199393,0.803,0.0,A,0.225,-3.233,Minor,0.0797,140.016,4/4,0.36,2058
Pop,BTS,Crystal Snow,64,0.117,0.618,323360,0.766,0.0,D#,0.121,-4.507,Major,0.0323,113.997,4/4,0.448,2388
Pop,Roxette,The Look,70,0.0531,0.634,237320,0.838,8.34e-06,D,0.0522,-5.363,Major,0.0413,95.011,4/4,0.541,1976
Pop,Troye Sivan,The Fault in Our Stars,66,0.613,0.481,187195,0.179,2.84e-05,D#,0.145,-21.424,Major,0.109,74.85,4/4,0.405,2291
Pop,TWICE,SIGNAL,66,0.23,0.617,196687,0.769,0.0,C,0.121,-2.57,Major,0.329,207.845,4/4,0.605,3060
Pop,Juan Gabriel,Hasta Que Te Conocí,69,0.739,0.329,433520,0.306,1.01e-06,D,0.0679,-10.25,Minor,0.0327,170.169,4/4,0.189,2342
Pop,Ed Sheeran,Castle on the Hill - Acoustic,68,0.518,0.563,226227,0.26,0.0,D,0.146,-5.856,Major,0.0391,145.561,4/4,0.616,1972
Pop,La Septima Banda,Yo Fui El Elegante,64,0.426,0.784,143080,0.744,0.0,C,0.0527,-3.913,Minor,0.0416,135.064,3/4,0.97,2908
Pop,Anitta,Terremoto,84,0.329,0.891,146276,0.805,0.0,G#,0.277,-5.836,Minor,0.0898,95.045,4/4,0.967,1907
Pop,Sofia Carson,Chillin' Like a Villain,62,0.0374,0.676,193792,0.776,0.0,G#,0.226,-6.629,Major,0.0908,113.92,4/4,0.792,2930
Pop,Céline Dion,"Beauty and the Beast - from the Soundtrack ""Beauty and the Beast""",65,0.643,0.463,249240,0.4,2.46e-05,F#,0.131,-9.999,Minor,0.0308,77.314,4/4,0.121,1909
Pop,Jana Kramer,I Got The Boy,62,0.26,0.625,201013,0.569,0.0,C,0.127,-5.954,Major,0.0271,149.987,4/4,0.361,2139
Pop,Thompson Square,Are You Gonna Kiss Me Or Not,62,0.039,0.485,184920,0.701,0.0,G#,0.0977,-3.807,Major,0.0288,151.948,4/4,0.613,2516
Pop,Percy Sledge,When A Man Loves A Woman,67,0.13,0.516,173867,0.15,0.0755,C#,0.122,-20.41,Major,0.0272,97.398,3/4,0.206,2040
Pop,Lewis Capaldi,Tough,70,0.127,0.627,229283,0.715,0.0,C#,0.0768,-5.019,Major,0.0329,115.005,4/4,0.481,1752
Pop,David Guetta,Bang My Head (feat. Sia & Fetty Wap),66,0.0525,0.599,193333,0.869,0.00719,C,0.103,-3.697,Major,0.0789,108.061,4/4,0.593,2191
Pop,Alta Consigna,El Poder de Tu Mirada,62,0.67,0.643,220493,0.48,0.0,A,0.165,-5.996,Major,0.0284,135.098,3/4,0.692,2931
Pop,Coldplay,Shiver,67,0.0334,0.397,304200,0.803,0.0,E,0.0688,-6.186,Major,0.0488,116.707,3/4,0.286,1856
Pop,Virlan Garcia,Quiero Reintentarlo,64,0.792,0.768,154352,0.534,0.0,C,0.12,-3.645,Major,0.0315,115.527,4/4,0.914,2467
Pop,Banda Los Sebastianes,Mi Meta Contigo,66,0.302,0.794,188587,0.453,1.58e-06,A#,0.258,-7.068,Major,0.0585,126.008,4/4,0.64,2242
Pop,GOT7,하드캐리 Hard Carry,63,0.0148,0.7,193579,0.873,0.0,C#,0.343,-2.901,Major,0.0869,99.972,4/4,0.612,2869
Pop,Justin Bieber,Mark My Words,63,0.898,0.416,134347,0.258,2.06e-06,C,0.147,-8.489,Major,0.0333,116.599,4/4,0.532,2282
Pop,Michael Jackson,The Way You Make Me Feel,62,0.0367,0.608,297400,0.816,0.000554,C#,0.116,-5.926,Major,0.11,114.484,4/4,0.507,2873
Pop,Lorde,Writer In The Dark,62,0.73,0.325,216611,0.271,0.0,G,0.301,-8.069,Major,0.0418,71.855,4/4,0.279,3055
Pop,Twenty One Pilots,"Friend, Please",62,0.391,0.228,252907,0.517,0.0,G,0.29,-9.167,Minor,0.0401,109.83,3/4,0.204,2933
Pop,GFRIEND,Sunrise,67,0.428,0.453,216488,0.849,0.0,F#,0.1,-1.337,Minor,0.125,173.917,4/4,0.638,2130
Pop,Charlie Puth,If You Leave Me Now (feat. Boyz II Men),62,0.909,0.362,243160,0.268,0.0,F#,0.15,-7.757,Minor,0.0399,81.912,4/4,0.394,2577
Pop,Netta,Toy,67,0.0696,0.786,180231,0.712,0.0,D#,0.236,-5.349,Minor,0.0677,130.144,4/4,0.795,2385
Pop,Meryl Streep,Super Trouper - From 'Mamma Mia!' Original Motion Picture Soundtrack,62,0.102,0.701,234400,0.686,0.0,C,0.295,-5.437,Major,0.0294,119.908,4/4,0.868,3007
Pop,Kygo,Stranger Things (feat. OneRepublic) - Alan Walker Remix,68,0.146,0.659,178413,0.742,0.0,C,0.217,-4.624,Major,0.0283,106.947,4/4,0.729,3004
Pop,BTS,FAKE LOVE (Rocking Vibe Mix),63,0.0573,0.463,238494,0.804,0.0,D,0.432,-4.009,Minor,0.0391,154.913,4/4,0.352,2032
Pop,BTS,Coffee,62,0.00862,0.656,260433,0.798,0.0,C,0.321,-6.608,Major,0.103,92.03,4/4,0.572,2218
Pop,Lost Frequencies,Like I Love You,71,0.142,0.863,190174,0.588,3.42e-05,C#,0.457,-7.141,Major,0.0847,117.911,4/4,0.751,2905
Pop,BTS,MAMA,62,0.000226,0.544,212275,0.739,2.14e-05,F,0.0816,-4.818,Minor,0.232,185.81,4/4,0.467,2405
Pop,Sebastian Yatra,My Only One (No Hay Nadie Más),68,0.693,0.727,198280,0.526,0.0,F#,0.116,-6.307,Major,0.0378,105.086,4/4,0.681,2448
Pop,Carla Morrison,Eres Tú,69,0.806,0.618,228253,0.307,0.0,D,0.108,-10.875,Major,0.046,188.115,4/4,0.458,2708
Pop,Regulo Caro,Sería Un Error,65,0.784,0.702,197876,0.581,0.0,A,0.104,-5.417,Major,0.232,147.764,3/4,0.538,2619
Pop,BTS,Like,62,0.271,0.582,231883,0.726,0.0,C,0.227,-4.174,Minor,0.116,100.45,4/4,0.768,2824
Pop,Lukas Graham,You're Not the Only One (Redemption Song),63,0.293,0.653,183640,0.419,0.0,A,0.111,-7.486,Major,0.0414,98.983,4/4,0.366,2014
Pop,LOOΠΔ,Satellite,62,0.328,0.793,189557,0.859,0.0,B,0.606,-2.43,Minor,0.0577,119.985,4/4,0.648,2489
Pop,Joss Favela,Quiero,62,0.564,0.778,181244,0.431,0.0,C,0.127,-6.454,Minor,0.0482,96.464,4/4,0.843,2704
Pop,Aitana,TELÉFONO - Remix,70,0.201,0.672,163787,0.886,4.79e-05,D,0.104,-3.234,Major,0.0684,171.995,4/4,0.667,1923
Pop,Kygo,Kids in Love (feat. The Night Game),65,0.399,0.499,263400,0.673,1.21e-06,C,0.208,-4.505,Major,0.0348,121.87,4/4,0.301,2018
Pop,SEAMS,seams,63,0.285,0.557,192075,0.784,0.0,E,0.121,-4.326,Minor,0.103,145.057,4/4,0.151,1782
Pop,GOT7,Miracle,64,0.808,0.398,250849,0.34,0.0,G#,0.109,-7.209,Major,0.0299,173.452,3/4,0.464,2562
Pop,Jack Ü,Where Are Ü Now (with Justin Bieber) - Marshmello Remix,62,0.00266,0.572,206197,0.863,0.000307,G#,0.127,-4.128,Major,0.0424,141.919,4/4,0.475,1960
Pop,Revolver Cannabis,El De Los Lentes Carrera (Bonus Track),64,0.166,0.718,223560,0.719,0.0,D#,0.27,-8.763,Major,0.0536,113.174,1/4,0.969,2514
Pop,Irene Cara,What A Feeling,68,0.382,0.532,244533,0.729,0.0,A#,0.366,-6.84,Major,0.0474,121.97,4/4,0.595,2782
Pop,Eli Young Band,Where Were You,63,0.0127,0.601,190374,0.852,7.27e-05,D,0.0877,-5.097,Major,0.0582,110.006,4/4,0.465,2853
Pop,The Him,Unstoppable,66,0.0226,0.688,173226,0.881,0.0117,G#,0.43,-4.32,Minor,0.127,123.982,4/4,0.514,2087
Pop,Zola Blood,Play Out,63,0.353,0.631,277671,0.526,0.849,G#,0.094,-13.39,Major,0.0421,116.014,4/4,0.105,2980
Pop,George Ezra,Pretty Shining People,70,0.14,0.584,212447,0.726,0.0,C#,0.0984,-4.604,Major,0.0371,106.979,4/4,0.398,1879
Pop,CLC,Hobgoblin,63,0.0194,0.621,210478,0.873,0.0,B,0.488,-2.888,Minor,0.103,169.91,4/4,0.401,1910
Pop,Kodaline,Head Held High,65,0.00818,0.527,214880,0.941,2.37e-06,F#,0.397,-3.376,Major,0.0551,94.056,4/4,0.44,1762
Pop,BTS,N.O,62,0.0389,0.594,209752,0.914,0.0,B,0.457,-3.764,Minor,0.167,146.885,4/4,0.571,1963
Pop,Roxette,"It Must Have Been Love - From the ""Pretty Woman"" Soundtrack",70,0.34,0.52,258787,0.652,5.49e-05,F,0.256,-6.655,Major,0.0274,80.609,4/4,0.722,2274
Pop,Maná,Mariposa Traicionera,65,0.527,0.773,264600,0.794,0.000354,F,0.113,-4.954,Minor,0.0326,101.143,4/4,0.907,1738
Pop,Smith & Thell,Forgive Me Friend,67,0.0388,0.563,216760,0.908,1.53e-06,C#,0.355,-4.428,Major,0.0319,127.932,4/4,0.67,3006
Pop,Jesse & Joy,Dueles,72,0.277,0.531,247640,0.834,0.0,D,0.131,-3.944,Major,0.052,142.026,4/4,0.526,2468
Pop,IU,Through the Night,64,0.757,0.428,253293,0.313,0.0,G#,0.309,-7.327,Major,0.0391,78.723,4/4,0.284,2584
Pop,Tina Turner,The Best - Edit,72,0.0149,0.681,250133,0.83,0.00376,C,0.214,-6.088,Major,0.0271,103.777,4/4,0.817,2785
Pop,EXO,Power,64,0.0315,0.657,222406,0.943,0.0,G,0.149,-3.031,Major,0.0856,127.958,4/4,0.76,2593
Pop,Jr. Walker & The All Stars,Shotgun,64,0.181,0.747,176627,0.671,5.24e-06,C#,0.061,-5.737,Major,0.0332,120.98,4/4,0.681,2831
Pop,Rocío Dúrcal,Amor Eterno,65,0.231,0.279,408507,0.157,0.000463,C,0.564,-17.564,Major,0.0334,177.312,4/4,0.385,2010
Pop,Coldplay,Up&Up,70,0.0485,0.48,405320,0.718,0.000343,G,0.102,-5.461,Major,0.0603,163.987,4/4,0.252,2673
R&B,Ella Mai,Naked - Bonus Track,73,0.782,0.356,197183,0.388,0.0,A,0.109,-8.532,Major,0.0652,175.123,4/4,0.573,30
R&B,Daniel Caesar,Streetcar,71,0.721,0.41,246972,0.298,0.0,D#,0.158,-11.796,Major,0.0473,109.651,3/4,0.142,97
R&B,Daniel Caesar,Blessed,70,0.824,0.448,241371,0.263,1.91e-06,B,0.106,-11.98,Major,0.0373,109.889,1/4,0.451,86
R&B,Rihanna,Stay - Album Version (Edited),66,0.945,0.621,240707,0.31,6.12e-05,A,0.117,-10.164,Minor,0.0283,111.893,4/4,0.125,12
R&B,SZA,20 Something,65,0.738,0.566,198160,0.296,0.0,B,0.054,-8.615,Major,0.273,79.888,3/4,0.505,14
R&B,Macy Gray,I Try,73,0.313,0.593,239440,0.642,0.000582,D,0.0804,-7.284,Major,0.0299,76.403,4/4,0.736,60
Rock,Ugly Kid Joe,Cats In The Cradle,64,0.129,0.443,242173,0.527,0.0,G#,0.0774,-9.479,Major,0.0315,152.025,4/4,0.469,3207
Rock,Debbie Gibson,Lost in Your Eyes,63,0.46,0.482,213000,0.613,0.000856,G,0.129,-7.462,Major,0.0295,144.46,4/4,0.238,3250
Rock,Elvis Presley,Don't Be Cruel,62,0.856,0.697,122893,0.55,3.44e-05,D,0.0907,-11.496,Major,0.18,84.802,4/4,0.844,3322
Rock,Maná,Se Me Olvidó Otra Vez - Unplugged,65,0.311,0.695,222261,0.927,0.0,A,0.954,-4.855,Major,0.0524,103.188,4/4,0.826,3187
Rock,Paul Anka,Put Your Head on My Shoulder,63,0.906,0.549,155080,0.433,0.0108,G,0.0774,-8.526,Major,0.0327,116.068,3/4,0.486,3283
Rock,James Bay,Just For Tonight - Acoustic,62,0.881,0.665,206480,0.464,0.0,A#,0.179,-6.811,Major,0.034,127.844,4/4,0.521,3267
Rock,Boyce Avenue,In Case You Didn’t Know,62,0.832,0.633,225165,0.299,0.0,B,0.108,-7.798,Major,0.0353,147.548,4/4,0.341,3331
Rock,Tyrone Wells,And The Birds Sing,65,0.706,0.746,221492,0.406,9.4e-06,D,0.097,-10.709,Major,0.0333,84.021,4/4,0.692,3291
Rock,Glenn Medeiros,Nothing's Gonna Change My Love for You,64,0.627,0.445,232067,0.378,0.0,C#,0.0758,-15.257,Major,0.0381,142.061,4/4,0.406,3226
Rock,Little Richard,Long Tall Sally,63,0.756,0.428,127973,0.569,0.0,F,0.133,-10.024,Major,0.0914,184.441,4/4,0.894,3195
Rock,Edwin McCain,I'll Be - Acoustic Version,62,0.898,0.496,277667,0.378,1.18e-06,B,0.109,-7.878,Major,0.0336,144.092,3/4,0.335,3247
Rock,The Shirelles,Will You Love Me Tomorrow,64,0.438,0.49,162893,0.384,3.17e-05,C,0.539,-11.315,Major,0.0275,137.047,4/4,0.47,3261
Rock,Ricardo Arjona,El Problema,68,0.507,0.626,330373,0.714,0.000851,C,0.101,-3.824,Major,0.0259,99.907,4/4,0.484,3333
Rock,U2,You’re The Best Thing About Me,62,0.00235,0.656,225400,0.772,1.07e-06,D,0.249,-6.688,Major,0.0376,117.038,4/4,0.822,3332
Rock,Ricardo Arjona,El Cielo a Mi Favor,65,0.847,0.343,228493,0.251,1.18e-05,G,0.212,-7.827,Major,0.0305,135.521,4/4,0.314,3230
Rock,Melendi,Destino o casualidad,72,0.524,0.557,258504,0.525,0.0,D,0.113,-6.324,Major,0.149,153.247,4/4,0.362,3244
Rock,ONE OK ROCK,Stand Out Fit In,62,0.0178,0.615,214573,0.841,0.0,B,0.133,-5.352,Major,0.0416,126.026,4/4,0.316,3275
Rock,Toto,Stop Loving You,62,0.234,0.555,269227,0.649,0.069,F,0.0554,-13.349,Major,0.0302,101.744,4/4,0.596,3130
Rock,Andrés Cepeda,Magia (feat. Sebastian Yatra),69,0.354,0.458,192987,0.705,0.0,C,0.0893,-5.281,Major,0.116,188.048,4/4,0.594,3202
Rock,The Script,Rain,64,0.229,0.681,209346,0.587,0.0,F#,0.368,-7.638,Major,0.11,93.002,4/4,0.64,3264
Ska,The Interrupters,She's Kerosene,65,0.043,0.577,170453,0.936,1.74e-05,B,0.413,-2.924,Minor,0.078,168.879,4/4,0.899,3338
Ska,Rancid,Time Bomb,63,0.138,0.646,144333,0.962,0.0,A,0.471,-4.862,Major,0.0536,164.79,4/4,0.961,3341
Ska,Panteon Rococo,El Último Ska,64,0.153,0.8,274653,0.834,0.0,A,0.172,-4.272,Minor,0.0425,130.009,4/4,0.955,3339
Ska,Los Auténticos Decadentes,No Me Importa el Dinero (feat. Julieta Venegas) [Vivo],65,0.348,0.628,234986,0.762,0.0,A,0.774,-5.286,Major,0.03,90.012,4/4,0.809,3342
Ska,Soda Stereo,Te Para 3 - MTV Unplugged,65,0.705,0.53,247000,0.339,0.0103,D,0.709,-9.913,Major,0.0271,115.7,3/4,0.118,3340
Ska,Los Auténticos Decadentes,Un Osito de Peluche de Taiwán,63,0.0532,0.661,247453,0.964,0.0,D,0.11,-4.105,Major,0.0364,101.984,4/4,0.597,3343
Rock,Imagine Dragons,Thunder,88,0.00671,0.605,187147,0.822,0.134,C,0.147,-4.833,Major,0.0438,167.997,4/4,0.288,3224
Rock,Imagine Dragons,Believer,89,0.0622,0.776,204347,0.78,0.0,A#,0.081,-4.374,Minor,0.128,124.949,4/4,0.666,3288
Rock,Imagine Dragons,Bad Liar,90,0.0722,0.383,260773,0.637,0.0,D#,0.368,-6.993,Major,0.0703,177.913,4/4,0.0827,3188
Rock,Imagine Dragons,Whatever It Takes,85,0.0362,0.672,201240,0.655,0.0,A#,0.117,-5.021,Minor,0.0311,134.945,4/4,0.556,3242
Rock,Fleetwood Mac,Dreams - 2004 Remaster,79,0.0644,0.828,257800,0.492,0.00428,C,0.128,-9.744,Major,0.0276,120.151,4/4,0.789,3227
Rock,Imagine Dragons,Demons,74,0.19,0.505,175200,0.71,0.00025,D#,0.329,-3.015,Major,0.0321,89.938,4/4,0.428,3232
Rock,Fleetwood Mac,Landslide,78,0.883,0.414,199493,0.161,0.000223,G,0.117,-22.32,Minor,0.0318,159.375,4/4,0.423,3161
Rock,Twenty One Pilots,Heathens,82,0.0841,0.732,195920,0.396,3.58e-05,E,0.105,-9.348,Minor,0.0286,90.024,4/4,0.548,3334
Rock,Creedence Clearwater Revival,Fortunate Son,80,0.201,0.64,140773,0.663,0.00806,C,0.152,-7.516,Major,0.0374,132.77,4/4,0.663,3206
Rock,Elton John,"Rocket Man (I Think It's Going To Be A Long, Long Time)",81,0.386,0.602,281613,0.522,1.44e-05,A#,0.0941,-9.031,Major,0.0285,136.637,4/4,0.36,3154
Rock,Guns N' Roses,Sweet Child O' Mine,75,0.141,0.449,356400,0.901,0.0675,F#,0.128,-7.711,Major,0.0526,125.148,4/4,0.696,3172
Rock,Imagine Dragons,Radioactive,73,0.106,0.448,186813,0.784,0.000108,A,0.668,-3.686,Major,0.0627,136.245,4/4,0.236,3145
Rock,The Beatles,Here Comes The Sun - Remastered 2009,82,0.0339,0.557,185733,0.54,0.00248,A,0.179,-10.484,Major,0.0347,129.171,4/4,0.394,3274
Rock,Guns N' Roses,Welcome To The Jungle,74,0.0326,0.445,273600,0.955,0.284,G#,0.317,-8.027,Major,0.0856,123.343,4/4,0.336,3146
Rock,Aerosmith,Dream On,79,0.388,0.307,266960,0.433,9.08e-05,C#,0.332,-10.057,Major,0.029,160.9,4/4,0.224,3323
Rock,Queen,Radio Ga Ga - Remastered,72,0.197,0.743,348227,0.524,0.00013,F,0.204,-7.627,Major,0.0362,112.329,4/4,0.644,3221
Rock,Led Zeppelin,Immigrant Song - Remastered,78,0.013,0.564,146250,0.932,0.169,B,0.349,-10.068,Major,0.0554,112.937,4/4,0.619,3321
Rock,Thomas Rhett,Marry Me,77,0.113,0.588,205453,0.408,0.0,D#,0.13,-8.662,Major,0.0237,85.008,4/4,0.484,3218
Rock,Guns N' Roses,Paradise City,72,0.0214,0.274,406307,0.949,0.00778,B,0.218,-8.642,Major,0.0896,100.346,4/4,0.497,3251
Rock,Scotty McCreery,This Is It,76,0.254,0.557,230973,0.511,0.0,G#,0.099,-6.788,Major,0.0291,156.042,4/4,0.602,3316
Rock,Dustin Lynch,Small Town Boy,76,0.0251,0.554,205733,0.743,0.0,A,0.359,-6.016,Major,0.0287,72.997,4/4,0.673,3262
Rock,AC/DC,You Shook Me All Night Long,78,0.00287,0.532,210173,0.767,0.000513,G,0.39,-5.509,Major,0.0574,127.361,4/4,0.755,3193
Rock,Pink Floyd,Comfortably Numb,75,0.15,0.472,382297,0.366,0.308,B,0.0837,-12.595,Minor,0.0286,127.167,4/4,0.171,3273
Rock,AC/DC,T.N.T.,78,0.153,0.754,214667,0.759,0.000114,A,0.101,-5.218,Major,0.302,126.367,4/4,0.435,3317
Rock,Pink Floyd,"Another Brick in the Wall, Pt. 2",77,0.0781,0.694,238747,0.394,0.000677,C,0.247,-15.881,Major,0.0428,104.126,4/4,0.719,3164
Rock,The Beatles,Come Together - Remastered 2009,79,0.0302,0.533,259947,0.376,0.248,A,0.0926,-11.913,Minor,0.0393,165.007,4/4,0.187,3214
Rock,Pink Floyd,Money,74,0.0241,0.469,382834,0.537,0.00201,A,0.269,-10.421,Major,0.152,124.193,1/4,0.783,3144
Rock,The Beatles,Hey Jude - Remastered 2015,78,0.0112,0.386,425653,0.607,1.38e-05,A#,0.088,-7.7,Major,0.0261,147.207,4/4,0.532,3142
Rock,Imagine Dragons,"Zero - From the Original Motion Picture ""Ralph Breaks The Internet""",78,0.000479,0.634,210933,0.662,0.00142,F#,0.111,-7.543,Major,0.0325,90.011,4/4,0.244,3246
Rock,Bon Jovi,You Give Love A Bad Name,73,0.0704,0.537,222707,0.959,1.8e-06,C,0.382,-3.002,Minor,0.0557,122.806,4/4,0.828,3222
Rock,Led Zeppelin,Whole Lotta Love - 1990 Remaster,77,0.0484,0.412,333893,0.902,0.131,A,0.405,-11.6,Major,0.405,89.74,4/4,0.422,3160
Rock,Imagine Dragons,Warriors,70,0.0964,0.365,170067,0.851,0.003,E,0.238,-6.238,Minor,0.065,78.068,4/4,0.309,3330
Rock,Def Leppard,Pour Some Sugar On Me - Remastered 2017,75,0.00211,0.267,267307,0.953,0.0,C#,0.283,-4.899,Minor,0.096,84.989,4/4,0.568,3200
Rock,Jon Pardi,Head Over Boots,74,0.0661,0.557,202347,0.676,0.0,G,0.0871,-4.457,Major,0.027,108.016,4/4,0.678,3213
Rock,Black Sabbath,Iron Man - Remastered Version,67,0.00349,0.336,355304,0.792,0.00178,A,0.0437,-10.875,Major,0.0848,155.588,4/4,0.425,3225
Rock,Thomas Rhett,Unforgettable,73,0.032,0.663,157080,0.738,0.000225,G,0.0856,-5.48,Major,0.0303,130.02,4/4,0.825,3186
Rock,Imagine Dragons,On Top Of The World,68,0.0893,0.635,189840,0.926,4.53e-06,C,0.0928,-5.589,Major,0.151,100.048,4/4,0.761,3309
Rock,Queen,You're My Best Friend - Remastered 2011,67,0.155,0.512,170800,0.762,0.0108,C,0.0874,-7.035,Major,0.0495,118.894,4/4,0.553,3129
Rock,Guns N' Roses,November Rain,81,0.0163,0.294,536067,0.641,0.22,B,0.112,-9.316,Major,0.0291,79.759,4/4,0.226,3269
Rock,Thomas Rhett,Life Changes,73,0.105,0.687,190227,0.842,0.0,G,0.0436,-4.382,Major,0.058,87.968,4/4,0.778,3335
Rock,Led Zeppelin,Black Dog - Remastered,73,0.396,0.437,295387,0.864,0.0314,E,0.242,-7.842,Minor,0.0904,81.394,4/4,0.749,3228
Rock,Queen,Killer Queen - 2011 Remaster,67,0.365,0.526,179356,0.64,1.3e-06,A#,0.0958,-6.374,Major,0.0472,117.132,4/4,0.622,3300
Rock,Chris Young,Hangin' On,72,0.0651,0.434,185440,0.831,0.0,G#,0.119,-4.774,Major,0.0453,156.034,4/4,0.596,3307
Rock,Panic! At The Disco,Dying In LA,72,0.876,0.346,229053,0.35,1.98e-06,D,0.0708,-4.988,Major,0.0328,126.444,4/4,0.315,3151
Rock,The Rolling Stones,Start Me Up - Remastered 2009,76,0.0531,0.638,213067,0.928,0.11,F,0.0875,-4.078,Major,0.0388,122.428,4/4,0.966,3268
Rock,Twisted Sister,We're Not Gonna Take It,73,0.0127,0.502,219667,0.924,0.0,E,0.162,-6.299,Major,0.0503,149.186,4/4,0.922,3174
Rock,Pink Floyd,Time,70,0.521,0.358,413947,0.48,0.00428,A,0.178,-11.79,Major,0.0849,120.317,4/4,0.356,3249
Rock,Queen,We Are The Champions - Live Aid,66,0.175,0.316,237026,0.86,4.92e-05,G,0.902,-5.038,Minor,0.0661,100.888,3/4,0.195,3197
Rock,Poison,Every Rose Has Its Thorn - Remastered 2003,71,0.16,0.533,260173,0.637,1.12e-05,F#,0.369,-5.571,Major,0.0323,140.167,4/4,0.292,3205
Rock,Aerosmith,Walk This Way,71,0.0114,0.653,220400,0.73,1.03e-05,F,0.0754,-10.613,Major,0.043,108.705,4/4,0.894,3235
Rock,Elton John,I'm Still Standing,76,0.377,0.527,183440,0.889,0.189,F#,0.207,-6.823,Major,0.176,177.442,4/4,0.832,3216
Rock,Van Halen,Runnin' with the Devil - 2015 Remaster,69,0.148,0.472,214960,0.9,0.000297,G#,0.34,-6.406,Minor,0.0582,95.826,4/4,0.42,3329
Rock,Queen,Hammer To Fall - Live Aid,65,0.00515,0.222,243532,0.981,0.000383,A,0.979,-5.846,Major,0.0918,140.503,4/4,0.153,3305
Rock,Queen,Don't Stop Me Now - …revisited,65,0.0152,0.465,217824,0.917,0.02,F,0.286,-6.331,Major,0.237,155.061,4/4,0.39,3239
Rock,Journey,Faithfully,69,0.0979,0.202,267080,0.644,0.0,B,0.109,-5.212,Major,0.0324,85.04,5/4,0.252,3292
Rock,Tame Impala,Let It Happen,74,0.00462,0.602,467587,0.881,0.0266,C#,0.111,-5.875,Minor,0.0443,125.012,4/4,0.577,3185
Rock,Lee Brice,Hard To Love,70,0.0119,0.638,224293,0.722,0.00808,A,0.189,-6.177,Major,0.0332,103.017,4/4,0.469,3287
Rock,Imagine Dragons,Walking The Wire,74,0.0163,0.54,232907,0.761,0.0,E,0.0941,-5.339,Major,0.0372,100.008,4/4,0.147,3253
Rock,Tame Impala,Feels Like We Only Go Backwards,73,0.0453,0.31,192960,0.907,0.369,D,0.247,-2.279,Minor,0.0591,149.931,4/4,0.516,3190
Rock,Metallica,One (Remastered),68,0.000668,0.438,446146,0.687,0.0801,G,0.42,-9.15,Major,0.0619,103.01,3/4,0.426,3208
Rock,Chris Cagle,What Kinda Gone,70,0.257,0.494,181613,0.861,0.0,F,0.103,-5.236,Major,0.0365,172.052,4/4,0.668,3301
Rock,Imagine Dragons,Boomerang,74,0.139,0.429,187800,0.559,0.00928,D,0.121,-7.493,Major,0.152,100.073,4/4,0.347,3168
Rock,Queen,Good Old-Fashioned Lover Boy - Remastered 2011,64,0.542,0.548,173173,0.485,0.0,D#,0.0587,-6.68,Major,0.0315,96.775,4/4,0.38,3281
Rock,Twenty One Pilots,Legend,70,0.0948,0.716,172560,0.575,0.000257,C,0.0829,-6.209,Major,0.0368,85.937,4/4,0.797,3263
Rock,Muse,Supermassive Black Hole,74,0.0492,0.668,212440,0.921,0.00517,G,0.0877,-3.727,Major,0.0439,120.0,4/4,0.782,3240
Rock,Bee Gees,"Stayin' Alive - From ""Saturday Night Fever"" Soundtrack",77,0.07,0.708,281667,0.567,0.00105,A#,0.152,-15.539,Minor,0.0355,103.606,4/4,0.955,3280
Rock,Joan Jett & The Blackhearts,I Love Rock 'N Roll,71,0.326,0.535,175173,0.716,0.0,E,0.659,-5.025,Major,0.0431,94.379,4/4,0.901,3192
Rock,Jamey Johnson,In Color,68,0.391,0.544,290680,0.404,3.98e-06,D#,0.157,-8.751,Major,0.0354,129.518,4/4,0.251,3320
Rock,Mötley Crüe,"Girls, Girls, Girls",69,0.0296,0.6,270427,0.931,7.1e-05,G,0.392,-4.647,Major,0.0734,140.123,4/4,0.542,3153
Rock,Tame Impala,"New Person, Same Old Mistakes",70,0.272,0.47,363240,0.809,0.00671,G#,0.0491,-6.74,Major,0.0495,151.836,4/4,0.49,3233
Rock,Phil Vassar,Just Another Day In Paradise,69,0.351,0.596,233880,0.706,0.0,D,0.36,-5.562,Major,0.0262,146.088,4/4,0.704,3306
Rock,Queen,Bohemian Rhapsody - Live Aid,63,0.315,0.379,147840,0.781,0.000162,C,0.401,-6.147,Minor,0.0417,77.567,4/4,0.327,3220
Rock,Imagine Dragons,I Bet My Life,65,0.335,0.553,192707,0.657,0.000648,C#,0.228,-8.219,Major,0.0405,107.889,4/4,0.555,3271
Rock,Twenty One Pilots,Cancer,69,0.281,0.652,236827,0.295,1.03e-05,D,0.0809,-11.045,Major,0.0477,75.065,4/4,0.196,3310
Rock,Morgan Wallen,The Way I Talk,68,0.0498,0.604,208280,0.879,0.0,E,0.0936,-3.389,Major,0.0323,137.993,4/4,0.765,3143
Rock,Mötley Crüe,Dr. Feelgood,67,0.000886,0.535,291307,0.967,0.0204,D,0.233,-4.082,Major,0.068,110.97,4/4,0.347,3234
Rock,Dire Straits,Money for Nothing,62,0.0491,0.667,506400,0.655,0.000894,D,0.0641,-9.339,Minor,0.0367,134.212,4/4,0.657,3319
Rock,Simon & Garfunkel,Cecilia,69,0.357,0.755,174827,0.876,5.17e-06,C,0.22,-8.867,Major,0.0362,102.762,4/4,0.954,3215
Rock,Aerosmith,"I Don't Want to Miss a Thing - From the Touchstone film, ""Armageddon""",74,0.172,0.39,299760,0.649,0.0,D,0.216,-5.163,Major,0.0345,121.16,4/4,0.144,3254
Rock,Queen,Love Of My Life - Live at Rock in Rio Festival,63,0.807,0.228,268703,0.563,8.63e-06,D,0.809,-11.962,Major,0.0953,111.7,5/4,0.0713,3265
Rock,Rush,Limelight,65,0.00197,0.581,259840,0.854,0.0013,C#,0.111,-8.485,Minor,0.0428,131.18,4/4,0.788,3252
Rock,Scorpions,Rock You Like A Hurricane,64,0.00853,0.482,252493,0.601,0.000187,G,0.249,-12.846,Major,0.0486,125.619,4/4,0.774,3237
Rock,Asia,Heat Of The Moment,66,0.358,0.324,227627,0.84,0.000239,C#,0.367,-7.31,Major,0.0489,136.136,4/4,0.576,3138
Rock,AC/DC,Shoot to Thrill,70,0.000239,0.457,317427,0.904,0.0879,D,0.396,-5.303,Major,0.0747,141.038,4/4,0.48,3194
Rock,Imagine Dragons,I’m So Sorry,64,0.131,0.524,230200,0.679,0.0,D,0.201,-6.01,Minor,0.0565,142.588,4/4,0.37,3147
Rock,Queen,Crazy Little Thing Called Love - 2011 Remaster,62,0.673,0.626,163342,0.762,2.1e-06,G,0.325,-6.846,Major,0.0432,76.793,4/4,0.766,3212
Rock,Imagine Dragons,Monster,64,0.167,0.472,249493,0.774,0.000278,D#,0.132,-5.383,Major,0.0824,179.942,4/4,0.443,3258
Rock,Twenty One Pilots,Fake You Out,67,0.248,0.84,231320,0.608,1.25e-06,F#,0.0874,-6.176,Major,0.0458,115.012,4/4,0.727,3136
Rock,Dire Straits,Walk of Life,62,0.435,0.461,252467,0.936,9.13e-05,E,0.124,-6.866,Major,0.109,172.404,4/4,0.804,3295
Rock,Queen,We Will Rock You - Movie Mix,62,0.117,0.64,129093,0.593,1.21e-06,B,0.78,-6.24,Minor,0.121,81.402,4/4,0.407,3285
Rock,Pink Floyd,Brain Damage,66,0.0726,0.322,226667,0.265,0.34,D,0.366,-13.398,Major,0.0302,133.577,4/4,0.207,3158
Rock,U2,Beautiful Day,64,0.0144,0.537,248067,0.921,0.00479,D,0.382,-6.474,Major,0.0481,136.264,4/4,0.467,3294
Rock,Neil Young,Heart of Gold - 2009 Remaster,71,0.189,0.541,187013,0.459,0.0274,E,0.099,-10.433,Minor,0.0297,171.165,4/4,0.803,3166
Rock,Eric Church,Drink In My Hand,68,0.00635,0.626,191307,0.913,0.0,C,0.293,-4.452,Major,0.0318,113.044,4/4,0.946,3141
Rock,Lee Brice,Boy,67,0.644,0.498,198973,0.408,0.0,F#,0.0993,-7.946,Major,0.0331,78.942,4/4,0.383,3299
Rock,Neil Young,Old Man - 2009 Remaster,68,0.431,0.702,202147,0.244,0.00867,E,0.0963,-15.286,Minor,0.0355,141.317,4/4,0.444,3313
Rock,Bruce Springsteen,I'm on Fire,72,0.589,0.62,155880,0.446,0.0299,C#,0.0727,-14.451,Minor,0.0347,88.591,4/4,0.868,3260
Rock,The Beatles,Something - Remastered 2009,70,0.198,0.396,182293,0.338,2.62e-06,C,0.138,-10.872,Major,0.0304,133.522,4/4,0.377,3209
Rock,Bring Me The Horizon,in the dark,73,0.00736,0.535,271187,0.768,0.0,F#,0.661,-4.554,Minor,0.0577,156.014,4/4,0.514,3314
Rock,Scotty McCreery,Five More Minutes,67,0.325,0.517,238954,0.652,0.0,G,0.109,-6.153,Major,0.0323,156.07,4/4,0.333,3181
Jazz,Tulus,Labirin,66,0.78,0.7,182656,0.486,2.1e-05,A,0.105,-6.869,Major,0.0369,96.059,4/4,0.673,3112
Soul,John Legend,All of Me,85,0.922,0.422,269560,0.264,0.0,G#,0.132,-7.064,Major,0.0322,119.93,4/4,0.331,3359
Soul,Amy Winehouse,"Valerie - Live At BBC Radio 1 Live Lounge, London / 2007",68,0.751,0.739,233733,0.365,1.65e-06,F,0.161,-5.731,Minor,0.0415,96.095,4/4,0.699,3345
Soul,Frank Ocean,Moon River,69,0.877,0.24,188324,0.116,0.00092,C,0.1,-13.216,Major,0.0329,77.349,3/4,0.0937,3348
Soul,Commodores,Easy,76,0.147,0.598,256427,0.353,3.91e-05,A#,0.0592,-15.06,Minor,0.0343,132.457,4/4,0.342,3353
Soul,Marvin Gaye,Let's Get It On,65,0.0379,0.543,290960,0.62,1.19e-06,G#,0.0559,-10.629,Major,0.0648,167.141,4/4,0.607,3367
Soul,Otis Redding,Stand by Me,71,0.279,0.883,172333,0.464,1.51e-05,A#,0.0744,-11.251,Major,0.0591,111.548,4/4,0.925,3368
Soul,Bill Withers,Lovely Day,73,0.292,0.69,254560,0.651,0.00241,A,0.105,-8.267,Major,0.0324,97.918,4/4,0.706,3358
Soul,Stevie Wonder,"Signed, Sealed, Delivered (I'm Yours)",67,0.0518,0.672,161160,0.595,0.0,F,0.0882,-11.227,Major,0.0331,108.897,4/4,0.871,3373
Soul,The O'Jays,Love Train,69,0.186,0.744,178400,0.568,1.18e-05,C,0.163,-9.629,Major,0.0494,122.657,4/4,0.687,3371
Soul,Alicia Keys,Raise A Man,68,0.831,0.244,373703,0.482,2.27e-05,F#,0.0894,-5.574,Minor,0.0305,169.658,4/4,0.41,3355
Soul,Stevie Wonder,Sir Duke,72,0.16,0.576,234093,0.579,0.0,F#,0.0777,-9.628,Major,0.0769,106.978,4/4,0.947,3377
Soul,The Five Stairsteps,O-o-h Child - Remastered,66,0.00154,0.488,197160,0.754,2.42e-05,F,0.678,-7.95,Minor,0.0381,88.369,4/4,0.664,3370
Soul,Stevie Wonder,For Once In My Life,73,0.195,0.524,169800,0.519,0.0,F#,0.523,-11.903,Major,0.043,110.121,4/4,0.847,3351
Soul,Men I Trust,Show Me How,64,0.674,0.791,215111,0.267,0.534,F,0.102,-11.997,Major,0.0415,165.99,4/4,0.544,3347
Soul,The Dip,Sure Don't Miss You,62,0.334,0.664,174520,0.586,2.96e-06,E,0.16,-7.985,Minor,0.0283,102.991,4/4,0.727,3346
Soul,Amy Winehouse,Love Is A Losing Game,68,0.317,0.48,154160,0.561,0.00641,C,0.184,-5.874,Major,0.027,164.791,4/4,0.541,3354
Soul,Dre'es,Warm (feat. Mia),62,0.888,0.662,255466,0.297,0.108,G#,0.119,-14.525,Major,0.0301,94.023,4/4,0.434,3349
Soul,Holmsey,Wilder,65,0.77,0.659,218936,0.543,0.865,D,0.088,-9.993,Major,0.0311,94.026,4/4,0.144,3357
Soul,Verzache,January,62,0.933,0.689,196364,0.246,0.0534,E,0.113,-13.33,Major,0.0379,87.985,4/4,0.18,3372
Soul,The Gap Band,"Outstanding - Original 12"" Mix",64,0.373,0.792,376640,0.51,0.012,F#,0.0319,-10.649,Major,0.0402,98.864,4/4,0.84,3360
Soul,Mazde,Wicked Winds,65,0.228,0.686,232414,0.634,0.0667,C,0.134,-6.856,Major,0.0369,98.001,4/4,0.234,3374
Soul,Jr. Walker & The All Stars,How Sweet It Is (To Be Loved By You),65,0.719,0.611,182440,0.665,0.0,C#,0.671,-8.187,Major,0.0669,125.236,4/4,0.772,3366
Soul,Aretha Franklin,Think,67,0.249,0.687,139733,0.63,0.0,F#,0.221,-10.817,Major,0.0389,110.051,4/4,0.926,3369
Soul,The Isley Brothers,This Old Heart Of Mine (Is Weak For You),66,0.379,0.618,172733,0.597,0.0,D,0.258,-10.101,Minor,0.0314,130.381,4/4,0.924,3352
Soul,Aretha Franklin,Chain of Fools,63,0.209,0.761,168933,0.605,0.0,A#,0.135,-9.899,Major,0.0498,117.047,4/4,0.941,3376
Soul,Rag'n'Bone Man,Skin,72,0.265,0.565,239627,0.745,0.0,C,0.147,-7.733,Major,0.31,170.654,4/4,0.352,3344
Soul,Fontella Bass,Rescue Me,64,0.685,0.674,171027,0.552,2.63e-05,G,0.102,-9.408,Major,0.032,122.753,4/4,0.963,3378
Soul,Parliament,Flash Light,63,0.28,0.704,346667,0.735,0.149,A#,0.475,-10.426,Major,0.0594,105.182,4/4,0.681,3361
Soul,Amy Winehouse,Our Day Will Come,64,0.0405,0.705,169373,0.634,3.53e-05,F,0.349,-6.083,Minor,0.0282,98.008,4/4,0.639,3365
Soul,Mura Masa,Complicated,64,0.375,0.867,213907,0.639,0.0111,G,0.225,-5.778,Minor,0.0888,99.977,4/4,0.736,3364
Soul,Candi Staton,Young Hearts Run Free,65,0.13,0.653,248360,0.652,1.58e-05,G,0.202,-9.304,Minor,0.0427,115.388,4/4,0.846,3356
Soul,Barry White,"You're The First, The Last, My Everything",68,0.00367,0.631,208933,0.59,0.00299,F,0.0537,-12.138,Major,0.0297,130.145,4/4,0.927,3363
Soul,Four Tops,Loco in Acapulco,63,0.413,0.818,274067,0.705,0.0,E,0.0269,-9.609,Major,0.0329,123.436,4/4,0.965,3362
Soul,Mura Masa,Move Me,64,0.151,0.763,202587,0.52,0.0134,C#,0.0974,-8.53,Major,0.0974,105.02,4/4,0.521,3350
Country,Luke Combs,Hurricane,78,0.0153,0.464,222533,0.813,0.0,A#,0.254,-6.185,Major,0.0416,75.975,4/4,0.516,340
Country,Kane Brown,What Ifs,78,0.00898,0.612,188253,0.799,0.0,A#,0.172,-4.603,Major,0.0275,125.976,4/4,0.687,381
Country,Kacey Musgraves,Rainbow,78,0.88,0.581,214293,0.197,0.0,D#,0.107,-7.697,Major,0.0329,130.367,4/4,0.349,329
Country,Jason Aldean,You Make It Easy,74,0.143,0.375,196800,0.574,0.0,G,0.11,-5.305,Major,0.0315,132.025,3/4,0.406,394
Country,Brett Young,In Case You Didn't Know,76,0.386,0.607,224853,0.536,0.0,A#,0.102,-7.306,Major,0.0305,147.986,4/4,0.434,393
Country,Brett Young,Here Tonight,75,0.0144,0.517,216533,0.776,0.0,B,0.113,-5.271,Major,0.0362,96.002,4/4,0.448,399
Country,Dan + Shay,All To Myself,74,0.23,0.651,169612,0.782,0.0,C#,0.139,-4.622,Major,0.0303,94.94,4/4,0.619,410
Country,Brett Young,Mercy,74,0.84,0.638,217120,0.367,0.0,E,0.0999,-7.906,Major,0.0266,71.957,4/4,0.219,390
Country,Luke Bryan,What Makes You Country,72,0.0104,0.513,235266,0.949,0.0,C,0.154,-1.723,Major,0.0461,159.985,4/4,0.797,369
Country,Jason Aldean,Dirt Road Anthem,71,0.347,0.68,229400,0.741,1.87e-06,D,0.117,-5.055,Major,0.0357,127.024,4/4,0.635,370
Country,Kenny Chesney,Get Along,71,0.101,0.632,199625,0.804,0.0,G,0.17,-6.109,Major,0.0503,92.456,4/4,0.35,386
Country,Jason Aldean,Drowns The Whiskey (feat. Miranda Lambert),70,0.294,0.552,202067,0.698,0.000103,G#,0.0905,-4.817,Major,0.0306,90.006,4/4,0.6,368
Country,Brett Young,Like I Loved You,72,0.196,0.582,207187,0.568,0.0,C#,0.0841,-6.051,Major,0.0297,76.025,4/4,0.64,335
Country,Luke Combs,"Houston, We Got a Problem",70,0.0961,0.522,191987,0.762,6.21e-06,A,0.395,-5.059,Major,0.0362,143.868,4/4,0.486,398
Country,George Strait,Check Yes Or No,68,0.0717,0.71,200667,0.538,3.97e-06,F,0.0367,-12.576,Major,0.0344,111.503,4/4,0.698,327
Country,Luke Bryan,"Sunrise, Sunburn, Sunset",69,0.185,0.472,216093,0.884,0.0,A,0.178,-2.306,Major,0.0584,159.96,4/4,0.718,324
Country,Brooks & Dunn,Brand New Man - with Luke Combs,69,0.00283,0.573,190201,0.847,7.42e-05,G,0.204,-4.878,Major,0.0349,127.06,4/4,0.609,330
Country,Johnny Cash,Hurt,75,0.642,0.518,216533,0.401,0.000185,A,0.118,-7.583,Minor,0.0284,92.148,4/4,0.171,338
Country,Brooks & Dunn,Neon Moon,68,0.554,0.702,263500,0.632,0.0,A,0.127,-6.508,Major,0.0247,102.404,4/4,0.457,353
Country,Cody Johnson,On My Way to You,66,0.327,0.443,213307,0.538,4.61e-05,C#,0.0866,-5.477,Major,0.0309,157.97,4/4,0.245,384
Country,Dan + Shay,Nothin' Like You,67,0.151,0.589,186253,0.704,0.0,E,0.067,-4.772,Major,0.0303,84.956,4/4,0.437,383
Country,Diamond Rio,Meet In the Middle,66,0.663,0.746,198333,0.443,0.0,E,0.223,-11.305,Major,0.0359,91.11,4/4,0.554,403
Country,Old Dominion,Break Up with Him,67,0.0685,0.615,207733,0.632,0.0,D#,0.108,-5.382,Major,0.0374,152.035,4/4,0.56,396
Country,Dan + Shay,From the Ground Up,67,0.333,0.281,253933,0.58,0.0,A,0.122,-5.967,Major,0.0323,151.568,3/4,0.282,389
Country,Luke Bryan,I Don't Want This Night To End,66,0.0275,0.616,219973,0.728,0.0,A,0.228,-4.02,Minor,0.0278,111.934,4/4,0.375,348
Country,George Strait,Every Little Honky Tonk Bar,66,0.292,0.66,194840,0.83,0.0,F,0.141,-5.099,Major,0.029,122.079,4/4,0.856,343
Country,Keith Urban,The Fighter,66,0.0304,0.681,184040,0.845,0.0,B,0.197,-5.147,Minor,0.0525,132.023,4/4,0.761,332
Country,Keith Urban,Never Comin Down,66,0.00928,0.697,214096,0.82,0.000118,C#,0.122,-4.275,Major,0.0448,94.995,4/4,0.815,385
Country,Billy Currington,Good Directions,65,0.318,0.695,215853,0.731,0.0,F,0.143,-2.15,Major,0.034,122.522,4/4,0.497,404
Country,Blake Shelton,Sangria,66,0.017,0.646,233480,0.724,1.39e-06,A,0.153,-6.96,Major,0.0265,115.984,4/4,0.54,345
Country,Eric Church,Talladega,66,0.0538,0.584,262280,0.672,0.0481,C#,0.0885,-8.309,Major,0.0294,144.0,4/4,0.556,409
Country,Kane Brown,What's Mine Is Yours,66,0.268,0.633,216240,0.683,7.78e-06,D#,0.113,-6.326,Minor,0.0301,129.97,4/4,0.463,392
Country,Kane Brown,Found You,66,0.0528,0.46,191733,0.821,0.0,E,0.0818,-5.333,Minor,0.0404,164.144,4/4,0.438,382
Country,Cody Johnson,With You I Am,65,0.403,0.559,220893,0.665,0.0,G,0.14,-6.233,Major,0.027,75.023,4/4,0.397,376
Country,Craig Morgan,That's What I Love About Sunday,65,0.479,0.6,201493,0.56,0.0,G#,0.111,-6.311,Major,0.0325,139.469,4/4,0.417,354
Country,Trent Tomlinson,For the Life of Me,66,0.162,0.504,221800,0.759,0.0,C,0.193,-4.27,Major,0.0384,143.984,4/4,0.413,397
Country,Blake Shelton,Boys 'Round Here (feat. Pistol Annies & Friends),65,0.251,0.611,288760,0.688,2.35e-06,D,0.248,-6.369,Major,0.0529,169.895,4/4,0.649,407
Country,Dustin Lynch,Mind Reader,65,0.0266,0.394,185413,0.8,0.0,E,0.184,-4.17,Minor,0.0413,162.053,4/4,0.525,352
Country,Luke Bryan,Drunk On You,64,0.178,0.558,213547,0.872,0.0,A,0.173,-4.401,Major,0.0449,143.971,4/4,0.472,346
Country,Keith Anderson,I Still Miss You,65,0.14,0.505,235907,0.763,0.0,D#,0.0949,-5.386,Major,0.0297,156.024,4/4,0.446,336
Country,Luke Bryan,Strip It Down,65,0.392,0.629,241613,0.878,0.0,A,0.0899,-3.535,Major,0.0443,137.989,4/4,0.714,363
Country,Alan Jackson,Chattahoochee,65,0.362,0.606,148160,0.706,0.0,C,0.16,-9.665,Major,0.0379,174.533,4/4,0.819,405
Country,Brantley Gilbert,The Weekend,64,0.0496,0.511,187760,0.812,1.64e-06,F#,0.0829,-4.763,Minor,0.0464,81.992,4/4,0.692,367
Country,Alan Jackson,It's Five O'Clock Somewhere,65,0.208,0.713,230133,0.772,0.0,D,0.211,-6.69,Major,0.0372,125.202,4/4,0.88,350
Country,Alabama,Song of the South,65,0.176,0.486,190800,0.633,0.0,A,0.312,-8.414,Major,0.0365,162.158,4/4,0.669,361
Country,Kacey Musgraves,Mother,66,0.903,0.557,78187,0.147,0.0,A,0.176,-14.173,Major,0.103,55.513,4/4,0.482,372
Country,Chris Stapleton,Traveller,66,0.0682,0.543,222413,0.75,0.0166,D,0.125,-7.071,Minor,0.0282,88.107,4/4,0.758,388
Country,Brett Eldredge,Beat Of The Music,65,0.00898,0.629,179293,0.808,9.06e-06,A,0.0751,-4.125,Major,0.0269,110.001,4/4,0.773,351
Country,Brad Paisley,She's Everything,65,0.569,0.355,266920,0.478,2.9e-06,C,0.194,-8.323,Major,0.0335,102.971,4/4,0.269,356
Country,Dan + Shay,Alone Together,65,0.00527,0.541,171440,0.87,0.0,C#,0.0867,-4.741,Major,0.122,179.975,4/4,0.665,366
Country,Rodney Atkins,Farmer's Daughter,64,0.224,0.612,207040,0.791,0.0,F#,0.112,-3.519,Major,0.0291,133.977,4/4,0.786,325
Country,Tim McGraw,"I Like It, I Love It",64,0.0196,0.643,205707,0.961,0.0,C,0.948,-5.298,Major,0.0315,124.027,4/4,0.96,371
Country,Craig Morgan,Redneck Yacht Club,64,0.455,0.49,230373,0.817,0.0,G#,0.0885,-5.405,Major,0.0355,168.115,4/4,0.808,364
Country,Thomas Rhett,Star Of The Show,64,0.14,0.691,181200,0.624,0.0,G,0.168,-5.874,Major,0.027,101.988,4/4,0.662,373
Country,Jon Pardi,She Ain't In It,64,0.123,0.56,198467,0.679,2.46e-05,F,0.224,-4.527,Major,0.0236,92.928,4/4,0.622,359
Country,Zac Brown Band,Loving You Easy,64,0.017,0.722,155653,0.593,1.42e-06,C#,0.067,-3.953,Major,0.0269,98.982,4/4,0.326,331
Country,Sugarland,Babe,65,0.0187,0.535,215107,0.777,1.62e-06,E,0.136,-3.292,Major,0.207,171.72,4/4,0.664,378
Country,Luke Bryan,Rain Is A Good Thing,63,0.105,0.622,176160,0.932,2.37e-06,B,0.328,-4.66,Minor,0.0498,108.051,4/4,0.519,379
Country,Blake Shelton,God Gave Me You,62,0.00481,0.483,229533,0.844,7.29e-05,D,0.405,-5.043,Major,0.0314,151.977,4/4,0.543,328
Country,Craig Morgan,Almost Home,63,0.302,0.525,289000,0.481,0.0,G#,0.121,-6.715,Major,0.0251,75.974,4/4,0.237,358
Country,Justin Moore,Kinda Don't Care,63,0.0974,0.584,261800,0.752,3.05e-05,C#,0.0544,-5.674,Major,0.0309,150.046,4/4,0.735,355
Country,Midland,Drinkin' Problem,65,0.0538,0.628,220800,0.761,3.74e-06,A,0.312,-6.377,Major,0.0277,102.019,4/4,0.64,387
Country,Dan + Shay,Keeping Score (feat. Kelly Clarkson),64,0.225,0.567,220213,0.622,0.0,E,0.138,-4.29,Major,0.0317,135.97,4/4,0.336,333
Country,Jason Aldean,Lights Come On,62,0.0489,0.567,194507,0.839,0.0,F#,0.103,-4.048,Minor,0.0698,160.062,4/4,0.903,362
Country,Zac Brown Band,Whatever It Is,63,0.443,0.686,208213,0.576,1.7e-05,C#,0.212,-6.632,Major,0.0284,83.971,4/4,0.72,408
Country,Dustin Lynch,Where It's At,62,0.0142,0.557,204187,0.737,0.0,D#,0.314,-5.75,Major,0.0476,158.05,4/4,0.817,395
Country,Tim McGraw,Just To See You Smile,62,0.127,0.492,215173,0.823,0.0,F#,0.0523,-8.526,Major,0.0297,94.342,4/4,0.702,377
Country,Brantley Gilbert,Kick It In The Sticks,62,0.00507,0.493,225747,0.843,0.0,G#,0.13,-5.924,Minor,0.0707,158.028,4/4,0.523,406
Country,Cody Johnson,Ain't Nothin' to It,62,0.132,0.514,202360,0.618,0.00078,A#,0.0921,-5.673,Major,0.0268,139.977,4/4,0.311,337
Country,Deana Carter,Strawberry Wine,62,0.302,0.558,290467,0.435,0.0,C#,0.0351,-6.812,Major,0.0264,122.385,3/4,0.199,334
Country,George Strait,Give It Away,62,0.472,0.669,209320,0.651,0.000109,F,0.272,-5.79,Major,0.0275,148.091,4/4,0.605,339
Country,Trace Adkins,You're Gonna Miss This,63,0.0237,0.5,224960,0.665,6.41e-05,G#,0.0994,-7.157,Major,0.0355,154.997,4/4,0.32,341
Country,Keith Urban,Somebody Like You,64,0.108,0.624,323040,0.84,0.000546,E,0.144,-5.768,Major,0.0337,111.02,4/4,0.656,360
Country,Eric Church,Desperate Man,63,0.0716,0.711,208733,0.796,0.0045,A#,0.262,-5.87,Major,0.0341,109.991,4/4,0.901,357
Country,Dan + Shay,Tequila - R3HAB Remix,64,0.0119,0.578,157425,0.862,1.79e-05,G#,0.0744,-3.059,Minor,0.0405,100.049,4/4,0.547,342
Country,Travis Tritt,Here's A Quarter [Call Someone Who Cares],62,0.196,0.654,152640,0.537,0.0,G,0.119,-8.067,Major,0.0257,112.437,3/4,0.597,374
Country,Chris Young,Gettin' You Home,62,0.44,0.639,212133,0.678,1.45e-06,G,0.221,-5.02,Major,0.0278,106.966,4/4,0.531,375
Country,Luke Combs,This One's for You,62,0.444,0.499,230240,0.497,1.41e-06,B,0.108,-7.811,Major,0.0449,149.278,4/4,0.235,365
Country,Lee Brice,A Woman Like You,62,0.245,0.592,209787,0.584,0.0,G,0.0862,-7.422,Major,0.0305,160.048,4/4,0.371,402
Country,Tracy Lawrence,Time Marches On,62,0.563,0.856,185360,0.517,0.000164,F#,0.144,-9.232,Minor,0.0293,118.399,4/4,0.479,344
Country,Chris Stapleton,Scarecrow In The Garden,62,0.132,0.634,200213,0.526,0.000951,C#,0.148,-10.849,Minor,0.0291,121.592,4/4,0.667,347
Country,Randy Travis,"Forever and Ever, Amen",62,0.302,0.701,212587,0.678,1.55e-05,D,0.159,-8.491,Major,0.0264,90.607,4/4,0.708,326
Country,Silver,Wham Bam Shang-A-Lang,67,0.353,0.65,212840,0.759,0.0,C#,0.155,-4.932,Major,0.0355,121.454,4/4,0.943,401
Country,Dolly Parton,I Will Always Love You,64,0.96,0.446,176093,0.142,0.00114,A,0.101,-13.498,Major,0.0335,135.724,4/4,0.156,380
Country,Zac Brown Band,From Now On,63,0.114,0.541,260960,0.811,0.0,D#,0.356,-3.872,Major,0.0342,110.013,4/4,0.263,400
Country,The Bellamy Brothers,Let Your Love Flow,65,0.0611,0.679,198760,0.553,7.16e-06,D#,0.139,-14.687,Major,0.0316,109.071,4/4,0.946,391
Country,Jerry Lee Lewis,Great Balls Of Fire,64,0.458,0.4,109707,0.818,3.25e-06,C,0.132,-11.238,Major,0.08,166.287,4/4,0.936,349
Rock,The Beatles,Help! - Remastered 2009,72,0.188,0.534,139560,0.725,0.0,F#,0.0994,-7.576,Minor,0.0332,95.003,4/4,0.763,3272
Rock,Scorpions,Wind Of Change,77,0.371,0.48,313227,0.535,0.0,C,0.0929,-10.232,Major,0.0324,75.766,4/4,0.293,3293
Rock,Tame Impala,Eventually,68,0.0158,0.424,318591,0.615,0.000389,A,0.0844,-6.217,Minor,0.0325,77.935,4/4,0.155,3137
Rock,Pink Floyd,The Great Gig in the Sky,67,0.768,0.275,283872,0.216,0.897,F,0.0832,-13.818,Major,0.0345,116.388,4/4,0.181,3328
Rock,Oasis,Don't Look Back In Anger - Remastered,65,0.0596,0.333,289559,0.922,2.05e-06,C,0.126,-4.087,Major,0.0592,162.978,4/4,0.335,3241
Rock,Tame Impala,Elephant,70,0.557,0.597,211227,0.575,0.342,D,0.254,-6.665,Major,0.04,122.959,4/4,0.621,3199
Rock,The Beatles,I Saw Her Standing There - Remastered 2009,70,0.27,0.491,173947,0.801,0.0,E,0.0665,-9.835,Major,0.0361,160.109,4/4,0.971,3327
Rock,Dropkick Murphys,I'm Shipping Up To Boston,71,0.000706,0.452,153600,0.928,0.000637,D,0.226,-3.133,Major,0.079,129.188,4/4,0.6,3257
Rock,Poison,Nothin' But A Good Time - Remastered 2006,64,0.0202,0.576,224867,0.974,0.0,C#,0.348,-2.785,Major,0.0828,129.088,4/4,0.531,3290
Rock,The Doors,Soul Kitchen,68,0.33,0.679,213000,0.443,0.0,A,0.0533,-7.376,Major,0.0394,115.843,4/4,0.609,3178
Rock,Alice Merton,No Roots,62,0.264,0.863,235813,0.657,0.00619,G,0.0713,-7.295,Major,0.105,115.958,4/4,0.829,3204
Rock,Aerosmith,Crazy,73,0.0868,0.37,316693,0.866,0.0,F#,0.137,-3.879,Minor,0.0384,162.086,3/4,0.427,3243
Rock,The Beatles,Strawberry Fields Forever - Remastered 2009,68,0.336,0.39,247320,0.502,0.000138,A#,0.0713,-12.277,Major,0.178,97.871,4/4,0.289,3180
Rock,The Beatles,While My Guitar Gently Weeps - Remastered 2009,68,0.0205,0.453,285000,0.654,0.00395,E,0.172,-8.855,Minor,0.0317,115.0,4/4,0.702,3133
Rock,Cody Jinks,Hippies and Cowboys,64,0.0504,0.698,300680,0.586,0.0,F,0.295,-5.066,Major,0.0278,115.081,4/4,0.623,3150
Rock,Cody Jinks,Must Be The Whiskey,63,0.0915,0.546,205333,0.786,8.67e-05,D#,0.168,-5.06,Minor,0.0401,126.003,4/4,0.679,3236
Rock,Green Day,Brain Stew,64,0.00133,0.559,193000,0.543,2e-05,C#,0.0577,-5.429,Major,0.302,75.958,4/4,0.337,3315
Rock,Bring Me The Horizon,why you gotta kick me when i'm down?,71,0.175,0.607,268861,0.841,1.33e-05,A#,0.132,-4.805,Minor,0.136,131.862,4/4,0.518,3167
Rock,Pink Floyd,Have a Cigar,64,0.407,0.454,307733,0.65,0.0498,E,0.589,-10.191,Minor,0.0437,120.154,4/4,0.72,3289
Rock,The Rolling Stones,You Can't Always Get What You Want,67,0.64,0.32,448720,0.62,6.36e-05,C,0.253,-9.686,Major,0.0594,86.327,4/4,0.472,3169
Rock,The Beatles,Norwegian Wood (This Bird Has Flown) - Remastered 2009,68,0.183,0.425,124693,0.369,0.00126,E,0.112,-11.876,Major,0.0379,176.625,3/4,0.65,3155
Rock,Bring Me The Horizon,heavy metal (feat. Rahzel),71,0.00119,0.589,240587,0.914,0.000257,G,0.361,-3.582,Major,0.0935,129.935,4/4,0.512,3165
Rock,Muse,Knights Of Cydonia,69,0.000273,0.366,366213,0.963,0.0122,B,0.115,-5.301,Minor,0.142,137.114,4/4,0.211,3238
Rock,Led Zeppelin,Babe I'm Gonna Leave You - 1990 Remaster,65,0.246,0.404,401067,0.435,0.00074,E,0.156,-12.045,Minor,0.0323,136.058,4/4,0.156,3286
Rock,Led Zeppelin,Rock and Roll - Remastered,66,0.000582,0.317,220561,0.887,0.00258,A,0.0891,-7.292,Major,0.0375,169.613,4/4,0.871,3201
Rock,Lionel Richie,All Night Long (All Night) - Single Version,65,0.122,0.739,260427,0.576,0.00206,C#,0.0482,-12.024,Major,0.0472,108.81,4/4,0.78,3278
Rock,Santana,Black Magic Woman,64,0.679,0.497,195867,0.552,0.0314,A,0.089,-7.102,Minor,0.0307,124.359,4/4,0.633,3191
Rock,Bruce Springsteen,Hungry Heart,69,0.0857,0.641,199453,0.894,0.009,G#,0.157,-7.41,Major,0.0273,109.823,4/4,0.972,3182
Rock,Judas Priest,Breaking the Law,70,0.024,0.362,153840,0.961,9.35e-06,D,0.159,-5.664,Major,0.0857,164.019,4/4,0.491,3152
Rock,The Beatles,Oh! Darling - Remastered 2009,66,0.0126,0.422,207240,0.656,0.0279,E,0.268,-8.412,Major,0.0397,173.93,3/4,0.549,3279
Rock,Van Halen,Eruption - 2015 Remaster,64,0.469,0.225,102080,0.689,0.813,G#,0.337,-9.12,Major,0.0555,93.798,4/4,0.5,3248
Rock,Guns N' Roses,Patience,65,0.686,0.457,354880,0.297,0.000107,F#,0.109,-12.511,Major,0.0306,120.021,4/4,0.333,3223
Rock,Creedence Clearwater Revival,Run Through The Jungle,65,0.0474,0.641,184747,0.612,0.0588,D,0.102,-8.307,Major,0.0361,136.413,4/4,0.854,3189
Rock,Mötley Crüe,Wild Side,62,0.00742,0.596,281960,0.896,0.00057,C,0.372,-4.635,Major,0.0382,115.092,4/4,0.456,3148
Rock,Phil Collins,Against All Odds (Take a Look at Me Now) - 2016 Remaster,72,0.198,0.58,206360,0.498,0.0,C#,0.132,-6.901,Major,0.0277,116.271,4/4,0.111,3312
Rock,KISS,Heaven's On Fire,66,0.00536,0.679,201400,0.859,5.18e-05,C,0.327,-5.945,Major,0.0665,124.324,4/4,0.792,3183
Rock,The Beatles,She Loves You - Mono / Remastered,67,0.26,0.377,140920,0.916,0.0,E,0.074,-3.199,Minor,0.0481,75.533,4/4,0.912,3175
Rock,Warrant,Heaven,63,0.115,0.462,236867,0.488,0.0,F#,0.128,-11.143,Major,0.0287,145.789,4/4,0.33,3217
Rock,Pink Floyd,"Another Brick in the Wall, Pt. 1",63,0.937,0.617,192146,0.0457,0.641,C,0.0991,-26.401,Major,0.0344,99.48,4/4,0.0967,3184
Rock,The Beatles,Michelle - Remastered 2009,67,0.652,0.578,162373,0.29,0.0,F,0.105,-12.501,Minor,0.0341,117.403,4/4,0.666,3149
Rock,Bring Me The Horizon,Happy Song,67,4.02e-05,0.295,239387,0.924,0.00462,F,0.377,-3.407,Major,0.0678,171.941,4/4,0.219,3266
Rock,KISS,Lick It Up,63,0.187,0.686,236640,0.781,1.9e-05,D,0.332,-5.906,Major,0.0523,120.191,4/4,0.64,3203
Rock,The Beatles,I Am The Walrus - Remastered 2009,64,0.0828,0.401,275867,0.556,0.000359,D,0.589,-10.532,Major,0.0513,85.206,4/4,0.654,3284
Rock,Bring Me The Horizon,i don't know what to say,68,0.0154,0.499,352375,0.728,0.0982,G,0.246,-6.744,Minor,0.055,92.449,4/4,0.239,3326
Rock,Van Halen,Why Can't This Be Love,62,0.0606,0.531,227693,0.626,0.0,C,0.0767,-13.371,Major,0.0452,88.236,4/4,0.746,3159
Rock,Ramones,I Wanna Be Sedated - Remastered,67,0.169,0.597,149467,0.96,2.89e-05,B,0.105,-3.989,Major,0.042,163.017,4/4,0.937,3324
Rock,The Beatles,All You Need Is Love - Remastered 2009,66,0.346,0.4,230387,0.48,3.1e-05,G,0.155,-7.768,Major,0.0295,103.436,4/4,0.653,3304
Rock,The Beatles,And I Love Her - Remastered 2009,66,0.64,0.767,149693,0.331,0.0,C#,0.0681,-10.777,Minor,0.0337,113.312,4/4,0.636,3296
Rock,The Beatles,"Hello, Goodbye - Remastered 2009",65,0.306,0.479,208840,0.733,2.4e-05,C,0.414,-8.753,Major,0.0256,99.307,4/4,0.806,3229
Rock,AC/DC,Rock and Roll Ain't Noise Pollution,62,0.041,0.576,266040,0.659,0.0,A,0.0587,-5.617,Major,0.0383,94.853,4/4,0.717,3270
Rock,AC/DC,Rock N Roll Train,68,0.000998,0.547,261507,0.931,0.0118,D,0.278,-2.356,Major,0.0615,118.4,4/4,0.697,3173
Rock,Bee Gees,"How Deep Is Your Love - From ""Saturday Night Fever"" Soundtrack",72,0.272,0.628,241360,0.198,0.0,F,0.194,-17.526,Minor,0.0294,104.959,4/4,0.616,3298
Rock,The Beatles,Blackbird - 2018 Mix,65,0.825,0.649,138360,0.123,3.14e-06,G,0.0627,-15.657,Major,0.0396,93.82,4/4,0.358,3163
Rock,The Beatles,Yellow Submarine - Remastered 2009,65,0.531,0.604,158880,0.549,0.0,C#,0.438,-9.873,Major,0.0389,111.398,4/4,0.696,3302
Rock,John Waite,Missing You,69,0.052,0.552,269760,0.552,0.0,B,0.046,-9.736,Minor,0.0364,208.571,4/4,0.593,3259
Rock,Bryan Adams,Run To You,65,0.00515,0.561,233270,0.811,3.6e-05,E,0.287,-6.157,Major,0.0265,126.593,4/4,0.635,3134
Rock,The Beatles,Get Back - Remastered 2009,65,0.492,0.761,189387,0.592,0.00626,D,0.61,-9.836,Major,0.0586,123.095,4/4,0.332,3176
Rock,Tame Impala,Mind Mischief,63,0.0845,0.244,271880,0.939,0.000687,F#,0.371,-3.112,Major,0.0548,161.127,4/4,0.857,3256
Rock,Imagine Dragons,Believer - Kaskade Remix,65,0.163,0.728,190893,0.656,1.17e-06,A#,0.117,-5.111,Minor,0.0482,126.044,4/4,0.168,3139
Rock,Toto,I'll Be Over You,68,0.062,0.516,229880,0.277,0.0,A#,0.258,-17.85,Major,0.0256,82.168,4/4,0.412,3325
Rock,Tame Impala,Nangs,62,0.159,0.536,107533,0.526,0.847,C,0.128,-9.754,Major,0.181,167.608,4/4,0.434,3179
Rock,Santana,Corazon Espinado (feat. Mana),65,0.13,0.699,274773,0.789,0.287,B,0.0874,-5.173,Minor,0.0285,119.959,4/4,0.962,3245
Rock,The Alan Parsons Project,Eye In The Sky,67,0.562,0.823,276280,0.417,0.00098,D,0.0765,-12.643,Major,0.032,111.928,4/4,0.522,3132
Rock,Bring Me The Horizon,Doomed,65,0.00152,0.271,274133,0.903,1.5e-05,F#,0.189,-4.516,Minor,0.137,147.159,4/4,0.22,3231
Rock,The Beatles,Octopus's Garden - Remastered 2009,62,0.155,0.626,170720,0.512,4.65e-05,C#,0.215,-9.15,Minor,0.0247,92.225,4/4,0.73,3337
Rock,U2,Where The Streets Have No Name - Remastered,65,0.011,0.495,337506,0.728,0.00353,D,0.151,-9.549,Major,0.0385,125.81,4/4,0.218,3336
Rock,U2,Desire,65,0.000212,0.49,179360,0.827,0.00406,G#,0.112,-9.481,Major,0.0482,108.577,4/4,0.626,3219
Rock,AC/DC,Let There Be Rock,63,0.000208,0.493,366347,0.727,0.613,B,0.0767,-5.807,Minor,0.0886,91.134,4/4,0.427,3297
Rock,The Rolling Stones,Ruby Tuesday,63,0.834,0.518,196493,0.543,0.0,C,0.2,-10.766,Major,0.0297,104.528,4/4,0.579,3318
Rock,AC/DC,Are You Ready,64,0.0165,0.454,250333,0.821,3.55e-06,G,0.13,-4.816,Major,0.0324,108.533,4/4,0.414,3303
Rock,Neil Young,Out on the Weekend - 2009 Remaster,62,0.0967,0.673,271933,0.265,0.0336,A,0.0809,-15.711,Major,0.0387,136.748,4/4,0.641,3170
Rock,W.A.S.P.,I Wanna Be Somebody,64,0.000826,0.285,223533,0.825,0.0,C#,0.268,-7.049,Minor,0.0466,164.611,4/4,0.516,3277
Rock,AC/DC,Whole Lotta Rosie,65,0.0014,0.29,333800,0.839,0.476,A,0.0954,-4.459,Major,0.078,158.972,4/4,0.42,3131
Rock,Lionel Richie,"Say You, Say Me",71,0.367,0.64,241067,0.406,0.0,G#,0.0865,-11.129,Major,0.0274,128.026,4/4,0.233,3282
Rock,Europe,Carrie,69,0.113,0.457,272133,0.487,2.37e-06,G,0.358,-7.112,Major,0.0266,136.596,4/4,0.139,3157
Rock,Rod Stewart,All for Love,67,0.125,0.51,281200,0.44,0.0,D,0.0994,-11.015,Major,0.0293,74.8,4/4,0.135,3177
Rock,Elvis Presley,Heartbreak Hotel,64,0.84,0.696,127560,0.21,1.62e-06,E,0.107,-11.922,Major,0.067,93.543,4/4,0.717,3156
Rock,Helios,Nothing It Can,62,0.779,0.181,287521,0.245,0.899,C#,0.0681,-12.333,Major,0.0389,109.007,4/4,0.0366,3171
Rock,Aerosmith,Amazing,66,0.0645,0.308,356160,0.747,8.27e-05,C,0.431,-5.434,Major,0.037,139.454,4/4,0.278,3308
Rock,Maná,Bendita Tu Luz,64,0.152,0.786,263880,0.773,2.45e-06,G,0.103,-5.042,Major,0.0287,115.997,4/4,0.573,3140
Rock,Skylar Grey,Everything I Need (From Aquaman: Original Motion Picture Soundtrack) - Film Version,74,0.401,0.378,196227,0.457,0.0,D,0.0917,-9.292,Major,0.0477,74.818,4/4,0.261,3135
Rock,Maná,Eres Mi Religión,63,0.187,0.631,328187,0.814,3.44e-06,E,0.0832,-5.559,Major,0.033,92.117,4/4,0.76,3162
Rock,Taylor Dayne,Tell It to My Heart,67,0.0302,0.638,220880,0.988,1.16e-05,C#,0.371,-5.042,Major,0.0921,117.955,4/4,0.723,3210
Rock,Green Day,Bang Bang,62,0.000326,0.499,205440,0.958,2.19e-06,A,0.432,-5.417,Major,0.0898,127.491,4/4,0.359,3128
Rock,Elton John,Nikita,67,0.137,0.634,343240,0.646,0.000172,G,0.0754,-9.316,Major,0.0287,86.612,4/4,0.744,3255
Rock,Chaka Demus & Pliers,Murder She Wrote,62,0.161,0.883,245000,0.733,0.00026,B,0.334,-9.153,Minor,0.128,95.103,4/4,0.947,3196
Rock,AC/DC,Hard as a Rock,62,0.0018,0.481,271000,0.724,0.18,E,0.11,-5.642,Major,0.0324,116.341,4/4,0.2,3311
Rock,Snow Patrol,Run,65,0.000431,0.403,354547,0.654,4.08e-05,A,0.166,-6.002,Minor,0.0295,74.617,4/4,0.197,3211
Rock,Bastille,Send Them Off!,62,0.13,0.614,200987,0.807,0.0,A#,0.255,-3.405,Minor,0.0529,99.989,4/4,0.427,3198
Rock,Secondhand Serenade,Fall for You (Acoustic),69,0.65,0.433,176947,0.307,0.0,C,0.0635,-8.796,Major,0.0327,178.114,4/4,0.378,3276
Soul,Mura Masa,What If I Go? (feat. Bonzai),62,0.194,0.56,195467,0.533,1.4e-05,G,0.0919,-7.804,Major,0.388,200.066,4/4,0.908,3375
